control_tick,time_s,active_sequence_id,active_sample_index,active_start_control_tick,active_mode,generated_time_s,available_time_s,buffer_remaining_s,next_block_ready,next_block_sequence_id
0,0.0,0,0,0,NORMAL,0.0,0.0,0.05,True,1
1,0.002,0,1,0,NORMAL,0.0,0.0,0.048,True,1
2,0.004,0,2,0,NORMAL,0.0,0.0,0.046,True,1
3,0.006,0,3,0,NORMAL,0.0,0.0,0.044,True,1
4,0.008,0,4,0,NORMAL,0.0,0.0,0.042,True,1
5,0.010000000000000002,0,5,0,NORMAL,0.0,0.0,0.04,True,1
6,0.012000000000000004,0,6,0,NORMAL,0.0,0.0,0.038,True,1
7,0.014000000000000005,0,7,0,NORMAL,0.0,0.0,0.036000000000000004,True,1
8,0.016000000000000007,0,8,0,NORMAL,0.0,0.0,0.034,True,1
9,0.01800000000000001,0,9,0,NORMAL,0.0,0.0,0.032,True,1
10,0.02000000000000001,0,10,0,NORMAL,0.0,0.0,0.03,True,1
11,0.022000000000000013,0,11,0,NORMAL,0.0,0.0,0.028,True,1
12,0.024000000000000014,0,12,0,NORMAL,0.0,0.0,0.026000000000000002,True,1
13,0.026000000000000016,0,13,0,NORMAL,0.0,0.0,0.024,True,1
14,0.028000000000000018,0,14,0,NORMAL,0.0,0.0,0.022,True,1
15,0.03000000000000002,0,15,0,NORMAL,0.0,0.0,0.02,True,1
16,0.03200000000000002,0,16,0,NORMAL,0.0,0.0,0.018000000000000002,True,1
17,0.03400000000000002,0,17,0,NORMAL,0.0,0.0,0.016,True,1
18,0.036000000000000025,0,18,0,NORMAL,0.0,0.0,0.014,True,1
19,0.03800000000000003,0,19,0,NORMAL,0.0,0.0,0.012,True,1
20,0.04000000000000003,0,20,0,NORMAL,0.0,0.0,0.01,True,1
21,0.04200000000000003,0,21,0,NORMAL,0.0,0.0,0.008,True,1
22,0.04400000000000003,0,22,0,NORMAL,0.0,0.0,0.006,True,1
23,0.046000000000000034,0,23,0,NORMAL,0.0,0.0,0.004,True,1
24,0.048000000000000036,0,24,0,NORMAL,0.0,0.0,0.002,True,1
25,0.05000000000000004,1,0,25,NORMAL,0.0,0.0,0.05,False,
26,0.05200000000000004,1,1,25,NORMAL,0.0,0.0,0.048,True,2
27,0.05400000000000004,1,2,25,NORMAL,0.0,0.0,0.046,True,2
28,0.05600000000000004,1,3,25,NORMAL,0.0,0.0,0.044,True,2
29,0.058000000000000045,1,4,25,NORMAL,0.0,0.0,0.042,True,2
30,0.060000000000000046,1,5,25,NORMAL,0.0,0.0,0.04,True,2
31,0.06200000000000005,1,6,25,NORMAL,0.0,0.0,0.038,True,2
32,0.06400000000000004,1,7,25,NORMAL,0.0,0.0,0.036000000000000004,True,2
33,0.06600000000000004,1,8,25,NORMAL,0.0,0.0,0.034,True,2
34,0.06800000000000005,1,9,25,NORMAL,0.0,0.0,0.032,True,2
35,0.07000000000000005,1,10,25,NORMAL,0.0,0.0,0.03,True,2
36,0.07200000000000005,1,11,25,NORMAL,0.0,0.0,0.028,True,2
37,0.07400000000000005,1,12,25,NORMAL,0.0,0.0,0.026000000000000002,True,2
38,0.07600000000000005,1,13,25,NORMAL,0.0,0.0,0.024,True,2
39,0.07800000000000006,1,14,25,NORMAL,0.0,0.0,0.022,True,2
40,0.08000000000000006,1,15,25,NORMAL,0.0,0.0,0.02,True,2
41,0.08200000000000006,1,16,25,NORMAL,0.0,0.0,0.018000000000000002,True,2
42,0.08400000000000006,1,17,25,NORMAL,0.0,0.0,0.016,True,2
43,0.08600000000000006,1,18,25,NORMAL,0.0,0.0,0.014,True,2
44,0.08800000000000006,1,19,25,NORMAL,0.0,0.0,0.012,True,2
45,0.09000000000000007,1,20,25,NORMAL,0.0,0.0,0.01,True,2
46,0.09200000000000007,1,21,25,NORMAL,0.0,0.0,0.008,True,2
47,0.09400000000000007,1,22,25,NORMAL,0.0,0.0,0.006,True,2
48,0.09600000000000007,1,23,25,NORMAL,0.0,0.0,0.004,True,2
49,0.09800000000000007,1,24,25,NORMAL,0.0,0.0,0.002,True,2
50,0.10000000000000007,2,0,50,NORMAL,0.05000000000000004,0.05026540004182611,0.05,False,
51,0.10200000000000008,2,1,50,NORMAL,0.05000000000000004,0.05026540004182611,0.048,True,3
52,0.10400000000000008,2,2,50,NORMAL,0.05000000000000004,0.05026540004182611,0.046,True,3
53,0.10600000000000008,2,3,50,NORMAL,0.05000000000000004,0.05026540004182611,0.044,True,3
54,0.10800000000000008,2,4,50,NORMAL,0.05000000000000004,0.05026540004182611,0.042,True,3
55,0.11000000000000008,2,5,50,NORMAL,0.05000000000000004,0.05026540004182611,0.04,True,3
56,0.11200000000000009,2,6,50,NORMAL,0.05000000000000004,0.05026540004182611,0.038,True,3
57,0.11400000000000009,2,7,50,NORMAL,0.05000000000000004,0.05026540004182611,0.036000000000000004,True,3
58,0.11600000000000009,2,8,50,NORMAL,0.05000000000000004,0.05026540004182611,0.034,True,3
59,0.11800000000000009,2,9,50,NORMAL,0.05000000000000004,0.05026540004182611,0.032,True,3
60,0.12000000000000009,2,10,50,NORMAL,0.05000000000000004,0.05026540004182611,0.03,True,3
61,0.1220000000000001,2,11,50,NORMAL,0.05000000000000004,0.05026540004182611,0.028,True,3
62,0.1240000000000001,2,12,50,NORMAL,0.05000000000000004,0.05026540004182611,0.026000000000000002,True,3
63,0.12600000000000008,2,13,50,NORMAL,0.05000000000000004,0.05026540004182611,0.024,True,3
64,0.12800000000000009,2,14,50,NORMAL,0.05000000000000004,0.05026540004182611,0.022,True,3
65,0.1300000000000001,2,15,50,NORMAL,0.05000000000000004,0.05026540004182611,0.02,True,3
66,0.1320000000000001,2,16,50,NORMAL,0.05000000000000004,0.05026540004182611,0.018000000000000002,True,3
67,0.1340000000000001,2,17,50,NORMAL,0.05000000000000004,0.05026540004182611,0.016,True,3
68,0.1360000000000001,2,18,50,NORMAL,0.05000000000000004,0.05026540004182611,0.014,True,3
69,0.1380000000000001,2,19,50,NORMAL,0.05000000000000004,0.05026540004182611,0.012,True,3
70,0.1400000000000001,2,20,50,NORMAL,0.05000000000000004,0.05026540004182611,0.01,True,3
71,0.1420000000000001,2,21,50,NORMAL,0.05000000000000004,0.05026540004182611,0.008,True,3
72,0.1440000000000001,2,22,50,NORMAL,0.05000000000000004,0.05026540004182611,0.006,True,3
73,0.1460000000000001,2,23,50,NORMAL,0.05000000000000004,0.05026540004182611,0.004,True,3
74,0.1480000000000001,2,24,50,NORMAL,0.05000000000000004,0.05026540004182611,0.002,True,3
75,0.1500000000000001,3,0,75,NORMAL,0.10000000000000007,0.10025579996872701,0.05,False,
76,0.1520000000000001,3,1,75,NORMAL,0.10000000000000007,0.10025579996872701,0.048,True,4
77,0.1540000000000001,3,2,75,NORMAL,0.10000000000000007,0.10025579996872701,0.046,True,4
78,0.1560000000000001,3,3,75,NORMAL,0.10000000000000007,0.10025579996872701,0.044,True,4
79,0.1580000000000001,3,4,75,NORMAL,0.10000000000000007,0.10025579996872701,0.042,True,4
80,0.16000000000000011,3,5,75,NORMAL,0.10000000000000007,0.10025579996872701,0.04,True,4
81,0.16200000000000012,3,6,75,NORMAL,0.10000000000000007,0.10025579996872701,0.038,True,4
82,0.16400000000000012,3,7,75,NORMAL,0.10000000000000007,0.10025579996872701,0.036000000000000004,True,4
83,0.16600000000000012,3,8,75,NORMAL,0.10000000000000007,0.10025579996872701,0.034,True,4
84,0.16800000000000012,3,9,75,NORMAL,0.10000000000000007,0.10025579996872701,0.032,True,4
85,0.17000000000000012,3,10,75,NORMAL,0.10000000000000007,0.10025579996872701,0.03,True,4
86,0.17200000000000013,3,11,75,NORMAL,0.10000000000000007,0.10025579996872701,0.028,True,4
87,0.17400000000000013,3,12,75,NORMAL,0.10000000000000007,0.10025579996872701,0.026000000000000002,True,4
88,0.17600000000000013,3,13,75,NORMAL,0.10000000000000007,0.10025579996872701,0.024,True,4
89,0.17800000000000013,3,14,75,NORMAL,0.10000000000000007,0.10025579996872701,0.022,True,4
90,0.18000000000000013,3,15,75,NORMAL,0.10000000000000007,0.10025579996872701,0.02,True,4
91,0.18200000000000013,3,16,75,NORMAL,0.10000000000000007,0.10025579996872701,0.018000000000000002,True,4
92,0.18400000000000014,3,17,75,NORMAL,0.10000000000000007,0.10025579996872701,0.016,True,4
93,0.18600000000000014,3,18,75,NORMAL,0.10000000000000007,0.10025579996872701,0.014,True,4
94,0.18800000000000014,3,19,75,NORMAL,0.10000000000000007,0.10025579996872701,0.012,True,4
95,0.19000000000000014,3,20,75,NORMAL,0.10000000000000007,0.10025579996872701,0.01,True,4
96,0.19200000000000014,3,21,75,NORMAL,0.10000000000000007,0.10025579996872701,0.008,True,4
97,0.19400000000000014,3,22,75,NORMAL,0.10000000000000007,0.10025579996872701,0.006,True,4
98,0.19600000000000015,3,23,75,NORMAL,0.10000000000000007,0.10025579996872701,0.004,True,4
99,0.19800000000000015,3,24,75,NORMAL,0.10000000000000007,0.10025579996872701,0.002,True,4
100,0.20000000000000015,4,0,100,NORMAL,0.1500000000000001,0.15025620008818816,0.05,False,
101,0.20200000000000015,4,1,100,NORMAL,0.1500000000000001,0.15025620008818816,0.048,True,5
102,0.20400000000000015,4,2,100,NORMAL,0.1500000000000001,0.15025620008818816,0.046,True,5
103,0.20600000000000016,4,3,100,NORMAL,0.1500000000000001,0.15025620008818816,0.044,True,5
104,0.20800000000000016,4,4,100,NORMAL,0.1500000000000001,0.15025620008818816,0.042,True,5
105,0.21000000000000016,4,5,100,NORMAL,0.1500000000000001,0.15025620008818816,0.04,True,5
106,0.21200000000000016,4,6,100,NORMAL,0.1500000000000001,0.15025620008818816,0.038,True,5
107,0.21400000000000016,4,7,100,NORMAL,0.1500000000000001,0.15025620008818816,0.036000000000000004,True,5
108,0.21600000000000016,4,8,100,NORMAL,0.1500000000000001,0.15025620008818816,0.034,True,5
109,0.21800000000000017,4,9,100,NORMAL,0.1500000000000001,0.15025620008818816,0.032,True,5
110,0.22000000000000017,4,10,100,NORMAL,0.1500000000000001,0.15025620008818816,0.03,True,5
111,0.22200000000000017,4,11,100,NORMAL,0.1500000000000001,0.15025620008818816,0.028,True,5
112,0.22400000000000017,4,12,100,NORMAL,0.1500000000000001,0.15025620008818816,0.026000000000000002,True,5
113,0.22600000000000017,4,13,100,NORMAL,0.1500000000000001,0.15025620008818816,0.024,True,5
114,0.22800000000000017,4,14,100,NORMAL,0.1500000000000001,0.15025620008818816,0.022,True,5
115,0.23000000000000018,4,15,100,NORMAL,0.1500000000000001,0.15025620008818816,0.02,True,5
116,0.23200000000000018,4,16,100,NORMAL,0.1500000000000001,0.15025620008818816,0.018000000000000002,True,5
117,0.23400000000000018,4,17,100,NORMAL,0.1500000000000001,0.15025620008818816,0.016,True,5
118,0.23600000000000018,4,18,100,NORMAL,0.1500000000000001,0.15025620008818816,0.014,True,5
119,0.23800000000000018,4,19,100,NORMAL,0.1500000000000001,0.15025620008818816,0.012,True,5
120,0.24000000000000019,4,20,100,NORMAL,0.1500000000000001,0.15025620008818816,0.01,True,5
121,0.2420000000000002,4,21,100,NORMAL,0.1500000000000001,0.15025620008818816,0.008,True,5
122,0.2440000000000002,4,22,100,NORMAL,0.1500000000000001,0.15025620008818816,0.006,True,5
123,0.2460000000000002,4,23,100,NORMAL,0.1500000000000001,0.15025620008818816,0.004,True,5
124,0.2480000000000002,4,24,100,NORMAL,0.1500000000000001,0.15025620008818816,0.002,True,5
125,0.25000000000000017,5,0,125,NORMAL,0.20000000000000015,0.20025599997024998,0.05,False,
126,0.25200000000000017,5,1,125,NORMAL,0.20000000000000015,0.20025599997024998,0.048,True,6
127,0.25400000000000017,5,2,125,NORMAL,0.20000000000000015,0.20025599997024998,0.046,True,6
128,0.25600000000000017,5,3,125,NORMAL,0.20000000000000015,0.20025599997024998,0.044,True,6
129,0.2580000000000002,5,4,125,NORMAL,0.20000000000000015,0.20025599997024998,0.042,True,6
130,0.2600000000000002,5,5,125,NORMAL,0.20000000000000015,0.20025599997024998,0.04,True,6
131,0.2620000000000002,5,6,125,NORMAL,0.20000000000000015,0.20025599997024998,0.038,True,6
132,0.2640000000000002,5,7,125,NORMAL,0.20000000000000015,0.20025599997024998,0.036000000000000004,True,6
133,0.2660000000000002,5,8,125,NORMAL,0.20000000000000015,0.20025599997024998,0.034,True,6
134,0.2680000000000002,5,9,125,NORMAL,0.20000000000000015,0.20025599997024998,0.032,True,6
135,0.2700000000000002,5,10,125,NORMAL,0.20000000000000015,0.20025599997024998,0.03,True,6
136,0.2720000000000002,5,11,125,NORMAL,0.20000000000000015,0.20025599997024998,0.028,True,6
137,0.2740000000000002,5,12,125,NORMAL,0.20000000000000015,0.20025599997024998,0.026000000000000002,True,6
138,0.2760000000000002,5,13,125,NORMAL,0.20000000000000015,0.20025599997024998,0.024,True,6
139,0.2780000000000002,5,14,125,NORMAL,0.20000000000000015,0.20025599997024998,0.022,True,6
140,0.2800000000000002,5,15,125,NORMAL,0.20000000000000015,0.20025599997024998,0.02,True,6
141,0.2820000000000002,5,16,125,NORMAL,0.20000000000000015,0.20025599997024998,0.018000000000000002,True,6
142,0.2840000000000002,5,17,125,NORMAL,0.20000000000000015,0.20025599997024998,0.016,True,6
143,0.2860000000000002,5,18,125,NORMAL,0.20000000000000015,0.20025599997024998,0.014,True,6
144,0.2880000000000002,5,19,125,NORMAL,0.20000000000000015,0.20025599997024998,0.012,True,6
145,0.2900000000000002,5,20,125,NORMAL,0.20000000000000015,0.20025599997024998,0.01,True,6
146,0.2920000000000002,5,21,125,NORMAL,0.20000000000000015,0.20025599997024998,0.008,True,6
147,0.2940000000000002,5,22,125,NORMAL,0.20000000000000015,0.20025599997024998,0.006,True,6
148,0.2960000000000002,5,23,125,NORMAL,0.20000000000000015,0.20025599997024998,0.004,True,6
149,0.2980000000000002,5,24,125,NORMAL,0.20000000000000015,0.20025599997024998,0.002,True,6
150,0.3000000000000002,6,0,150,NORMAL,0.25000000000000017,0.25025750009808706,0.05,False,
151,0.3020000000000002,6,1,150,NORMAL,0.25000000000000017,0.25025750009808706,0.048,True,7
152,0.3040000000000002,6,2,150,NORMAL,0.25000000000000017,0.25025750009808706,0.046,True,7
153,0.3060000000000002,6,3,150,NORMAL,0.25000000000000017,0.25025750009808706,0.044,True,7
154,0.3080000000000002,6,4,150,NORMAL,0.25000000000000017,0.25025750009808706,0.042,True,7
155,0.3100000000000002,6,5,150,NORMAL,0.25000000000000017,0.25025750009808706,0.04,True,7
156,0.3120000000000002,6,6,150,NORMAL,0.25000000000000017,0.25025750009808706,0.038,True,7
157,0.3140000000000002,6,7,150,NORMAL,0.25000000000000017,0.25025750009808706,0.036000000000000004,True,7
158,0.3160000000000002,6,8,150,NORMAL,0.25000000000000017,0.25025750009808706,0.034,True,7
159,0.3180000000000002,6,9,150,NORMAL,0.25000000000000017,0.25025750009808706,0.032,True,7
160,0.32000000000000023,6,10,150,NORMAL,0.25000000000000017,0.25025750009808706,0.03,True,7
161,0.32200000000000023,6,11,150,NORMAL,0.25000000000000017,0.25025750009808706,0.028,True,7
162,0.32400000000000023,6,12,150,NORMAL,0.25000000000000017,0.25025750009808706,0.026000000000000002,True,7
163,0.32600000000000023,6,13,150,NORMAL,0.25000000000000017,0.25025750009808706,0.024,True,7
164,0.32800000000000024,6,14,150,NORMAL,0.25000000000000017,0.25025750009808706,0.022,True,7
165,0.33000000000000024,6,15,150,NORMAL,0.25000000000000017,0.25025750009808706,0.02,True,7
166,0.33200000000000024,6,16,150,NORMAL,0.25000000000000017,0.25025750009808706,0.018000000000000002,True,7
167,0.33400000000000024,6,17,150,NORMAL,0.25000000000000017,0.25025750009808706,0.016,True,7
168,0.33600000000000024,6,18,150,NORMAL,0.25000000000000017,0.25025750009808706,0.014,True,7
169,0.33800000000000024,6,19,150,NORMAL,0.25000000000000017,0.25025750009808706,0.012,True,7
170,0.34000000000000025,6,20,150,NORMAL,0.25000000000000017,0.25025750009808706,0.01,True,7
171,0.34200000000000025,6,21,150,NORMAL,0.25000000000000017,0.25025750009808706,0.008,True,7
172,0.34400000000000025,6,22,150,NORMAL,0.25000000000000017,0.25025750009808706,0.006,True,7
173,0.34600000000000025,6,23,150,NORMAL,0.25000000000000017,0.25025750009808706,0.004,True,7
174,0.34800000000000025,6,24,150,NORMAL,0.25000000000000017,0.25025750009808706,0.002,True,7
175,0.35000000000000026,7,0,175,NORMAL,0.3000000000000002,0.30027570000384024,0.05,False,
176,0.35200000000000026,7,1,175,NORMAL,0.3000000000000002,0.30027570000384024,0.048,True,8
177,0.35400000000000026,7,2,175,NORMAL,0.3000000000000002,0.30027570000384024,0.046,True,8
178,0.35600000000000026,7,3,175,NORMAL,0.3000000000000002,0.30027570000384024,0.044,True,8
179,0.35800000000000026,7,4,175,NORMAL,0.3000000000000002,0.30027570000384024,0.042,True,8
180,0.36000000000000026,7,5,175,NORMAL,0.3000000000000002,0.30027570000384024,0.04,True,8
181,0.36200000000000027,7,6,175,NORMAL,0.3000000000000002,0.30027570000384024,0.038,True,8
182,0.36400000000000027,7,7,175,NORMAL,0.3000000000000002,0.30027570000384024,0.036000000000000004,True,8
183,0.36600000000000027,7,8,175,NORMAL,0.3000000000000002,0.30027570000384024,0.034,True,8
184,0.36800000000000027,7,9,175,NORMAL,0.3000000000000002,0.30027570000384024,0.032,True,8
185,0.3700000000000003,7,10,175,NORMAL,0.3000000000000002,0.30027570000384024,0.03,True,8
186,0.3720000000000003,7,11,175,NORMAL,0.3000000000000002,0.30027570000384024,0.028,True,8
187,0.3740000000000003,7,12,175,NORMAL,0.3000000000000002,0.30027570000384024,0.026000000000000002,True,8
188,0.3760000000000003,7,13,175,NORMAL,0.3000000000000002,0.30027570000384024,0.024,True,8
189,0.3780000000000003,7,14,175,NORMAL,0.3000000000000002,0.30027570000384024,0.022,True,8
190,0.3800000000000003,7,15,175,NORMAL,0.3000000000000002,0.30027570000384024,0.02,True,8
191,0.3820000000000003,7,16,175,NORMAL,0.3000000000000002,0.30027570000384024,0.018000000000000002,True,8
192,0.3840000000000003,7,17,175,NORMAL,0.3000000000000002,0.30027570000384024,0.016,True,8
193,0.3860000000000003,7,18,175,NORMAL,0.3000000000000002,0.30027570000384024,0.014,True,8
194,0.3880000000000003,7,19,175,NORMAL,0.3000000000000002,0.30027570000384024,0.012,True,8
195,0.3900000000000003,7,20,175,NORMAL,0.3000000000000002,0.30027570000384024,0.01,True,8
196,0.3920000000000003,7,21,175,NORMAL,0.3000000000000002,0.30027570000384024,0.008,True,8
197,0.3940000000000003,7,22,175,NORMAL,0.3000000000000002,0.30027570000384024,0.006,True,8
198,0.3960000000000003,7,23,175,NORMAL,0.3000000000000002,0.30027570000384024,0.004,True,8
199,0.3980000000000003,7,24,175,NORMAL,0.3000000000000002,0.30027570000384024,0.002,True,8
200,0.4000000000000003,8,0,200,NORMAL,0.35000000000000026,0.35026890006847705,0.05,False,
201,0.4020000000000003,8,1,200,NORMAL,0.35000000000000026,0.35026890006847705,0.048,True,9
202,0.4040000000000003,8,2,200,NORMAL,0.35000000000000026,0.35026890006847705,0.046,True,9
203,0.4060000000000003,8,3,200,NORMAL,0.35000000000000026,0.35026890006847705,0.044,True,9
204,0.4080000000000003,8,4,200,NORMAL,0.35000000000000026,0.35026890006847705,0.042,True,9
205,0.4100000000000003,8,5,200,NORMAL,0.35000000000000026,0.35026890006847705,0.04,True,9
206,0.4120000000000003,8,6,200,NORMAL,0.35000000000000026,0.35026890006847705,0.038,True,9
207,0.4140000000000003,8,7,200,NORMAL,0.35000000000000026,0.35026890006847705,0.036000000000000004,True,9
208,0.4160000000000003,8,8,200,NORMAL,0.35000000000000026,0.35026890006847705,0.034,True,9
209,0.4180000000000003,8,9,200,NORMAL,0.35000000000000026,0.35026890006847705,0.032,True,9
210,0.4200000000000003,8,10,200,NORMAL,0.35000000000000026,0.35026890006847705,0.03,True,9
211,0.4220000000000003,8,11,200,NORMAL,0.35000000000000026,0.35026890006847705,0.028,True,9
212,0.4240000000000003,8,12,200,NORMAL,0.35000000000000026,0.35026890006847705,0.026000000000000002,True,9
213,0.4260000000000003,8,13,200,NORMAL,0.35000000000000026,0.35026890006847705,0.024,True,9
214,0.4280000000000003,8,14,200,NORMAL,0.35000000000000026,0.35026890006847705,0.022,True,9
215,0.4300000000000003,8,15,200,NORMAL,0.35000000000000026,0.35026890006847705,0.02,True,9
216,0.43200000000000033,8,16,200,NORMAL,0.35000000000000026,0.35026890006847705,0.018000000000000002,True,9
217,0.43400000000000033,8,17,200,NORMAL,0.35000000000000026,0.35026890006847705,0.016,True,9
218,0.43600000000000033,8,18,200,NORMAL,0.35000000000000026,0.35026890006847705,0.014,True,9
219,0.43800000000000033,8,19,200,NORMAL,0.35000000000000026,0.35026890006847705,0.012,True,9
220,0.44000000000000034,8,20,200,NORMAL,0.35000000000000026,0.35026890006847705,0.01,True,9
221,0.44200000000000034,8,21,200,NORMAL,0.35000000000000026,0.35026890006847705,0.008,True,9
222,0.44400000000000034,8,22,200,NORMAL,0.35000000000000026,0.35026890006847705,0.006,True,9
223,0.44600000000000034,8,23,200,NORMAL,0.35000000000000026,0.35026890006847705,0.004,True,9
224,0.44800000000000034,8,24,200,NORMAL,0.35000000000000026,0.35026890006847705,0.002,True,9
225,0.45000000000000034,9,0,225,NORMAL,0.4000000000000003,0.40025869999080926,0.05,False,
226,0.45200000000000035,9,1,225,NORMAL,0.4000000000000003,0.40025869999080926,0.048,True,10
227,0.45400000000000035,9,2,225,NORMAL,0.4000000000000003,0.40025869999080926,0.046,True,10
228,0.45600000000000035,9,3,225,NORMAL,0.4000000000000003,0.40025869999080926,0.044,True,10
229,0.45800000000000035,9,4,225,NORMAL,0.4000000000000003,0.40025869999080926,0.042,True,10
230,0.46000000000000035,9,5,225,NORMAL,0.4000000000000003,0.40025869999080926,0.04,True,10
231,0.46200000000000035,9,6,225,NORMAL,0.4000000000000003,0.40025869999080926,0.038,True,10
232,0.46400000000000036,9,7,225,NORMAL,0.4000000000000003,0.40025869999080926,0.036000000000000004,True,10
233,0.46600000000000036,9,8,225,NORMAL,0.4000000000000003,0.40025869999080926,0.034,True,10
234,0.46800000000000036,9,9,225,NORMAL,0.4000000000000003,0.40025869999080926,0.032,True,10
235,0.47000000000000036,9,10,225,NORMAL,0.4000000000000003,0.40025869999080926,0.03,True,10
236,0.47200000000000036,9,11,225,NORMAL,0.4000000000000003,0.40025869999080926,0.028,True,10
237,0.47400000000000037,9,12,225,NORMAL,0.4000000000000003,0.40025869999080926,0.026000000000000002,True,10
238,0.47600000000000037,9,13,225,NORMAL,0.4000000000000003,0.40025869999080926,0.024,True,10
239,0.47800000000000037,9,14,225,NORMAL,0.4000000000000003,0.40025869999080926,0.022,True,10
240,0.48000000000000037,9,15,225,NORMAL,0.4000000000000003,0.40025869999080926,0.02,True,10
241,0.4820000000000004,9,16,225,NORMAL,0.4000000000000003,0.40025869999080926,0.018000000000000002,True,10
242,0.4840000000000004,9,17,225,NORMAL,0.4000000000000003,0.40025869999080926,0.016,True,10
243,0.4860000000000004,9,18,225,NORMAL,0.4000000000000003,0.40025869999080926,0.014,True,10
244,0.4880000000000004,9,19,225,NORMAL,0.4000000000000003,0.40025869999080926,0.012,True,10
245,0.4900000000000004,9,20,225,NORMAL,0.4000000000000003,0.40025869999080926,0.01,True,10
246,0.4920000000000004,9,21,225,NORMAL,0.4000000000000003,0.40025869999080926,0.008,True,10
247,0.4940000000000004,9,22,225,NORMAL,0.4000000000000003,0.40025869999080926,0.006,True,10
248,0.4960000000000004,9,23,225,NORMAL,0.4000000000000003,0.40025869999080926,0.004,True,10
249,0.4980000000000004,9,24,225,NORMAL,0.4000000000000003,0.40025869999080926,0.002,True,10
250,0.5000000000000003,10,0,250,NORMAL,0.45000000000000034,0.45025369995273684,0.05,False,
251,0.5020000000000003,10,1,250,NORMAL,0.45000000000000034,0.45025369995273684,0.048,True,11
252,0.5040000000000003,10,2,250,NORMAL,0.45000000000000034,0.45025369995273684,0.046,True,11
253,0.5060000000000003,10,3,250,NORMAL,0.45000000000000034,0.45025369995273684,0.044,True,11
254,0.5080000000000003,10,4,250,NORMAL,0.45000000000000034,0.45025369995273684,0.042,True,11
255,0.5100000000000003,10,5,250,NORMAL,0.45000000000000034,0.45025369995273684,0.04,True,11
256,0.5120000000000003,10,6,250,NORMAL,0.45000000000000034,0.45025369995273684,0.038,True,11
257,0.5140000000000003,10,7,250,NORMAL,0.45000000000000034,0.45025369995273684,0.036000000000000004,True,11
258,0.5160000000000003,10,8,250,NORMAL,0.45000000000000034,0.45025369995273684,0.034,True,11
259,0.5180000000000003,10,9,250,NORMAL,0.45000000000000034,0.45025369995273684,0.032,True,11
260,0.5200000000000004,10,10,250,NORMAL,0.45000000000000034,0.45025369995273684,0.03,True,11
261,0.5220000000000004,10,11,250,NORMAL,0.45000000000000034,0.45025369995273684,0.028,True,11
262,0.5240000000000004,10,12,250,NORMAL,0.45000000000000034,0.45025369995273684,0.026000000000000002,True,11
263,0.5260000000000004,10,13,250,NORMAL,0.45000000000000034,0.45025369995273684,0.024,True,11
264,0.5280000000000004,10,14,250,NORMAL,0.45000000000000034,0.45025369995273684,0.022,True,11
265,0.5300000000000004,10,15,250,NORMAL,0.45000000000000034,0.45025369995273684,0.02,True,11
266,0.5320000000000004,10,16,250,NORMAL,0.45000000000000034,0.45025369995273684,0.018000000000000002,True,11
267,0.5340000000000004,10,17,250,NORMAL,0.45000000000000034,0.45025369995273684,0.016,True,11
268,0.5360000000000004,10,18,250,NORMAL,0.45000000000000034,0.45025369995273684,0.014,True,11
269,0.5380000000000004,10,19,250,NORMAL,0.45000000000000034,0.45025369995273684,0.012,True,11
270,0.5400000000000004,10,20,250,NORMAL,0.45000000000000034,0.45025369995273684,0.01,True,11
271,0.5420000000000004,10,21,250,NORMAL,0.45000000000000034,0.45025369995273684,0.008,True,11
272,0.5440000000000004,10,22,250,NORMAL,0.45000000000000034,0.45025369995273684,0.006,True,11
273,0.5460000000000004,10,23,250,NORMAL,0.45000000000000034,0.45025369995273684,0.004,True,11
274,0.5480000000000004,10,24,250,NORMAL,0.45000000000000034,0.45025369995273684,0.002,True,11
275,0.5500000000000004,11,0,275,NORMAL,0.5000000000000003,0.5002663000486794,0.05,False,
276,0.5520000000000004,11,1,275,NORMAL,0.5000000000000003,0.5002663000486794,0.048,True,12
277,0.5540000000000004,11,2,275,NORMAL,0.5000000000000003,0.5002663000486794,0.046,True,12
278,0.5560000000000004,11,3,275,NORMAL,0.5000000000000003,0.5002663000486794,0.044,True,12
279,0.5580000000000004,11,4,275,NORMAL,0.5000000000000003,0.5002663000486794,0.042,True,12
280,0.5600000000000004,11,5,275,NORMAL,0.5000000000000003,0.5002663000486794,0.04,True,12
281,0.5620000000000004,11,6,275,NORMAL,0.5000000000000003,0.5002663000486794,0.038,True,12
282,0.5640000000000004,11,7,275,NORMAL,0.5000000000000003,0.5002663000486794,0.036000000000000004,True,12
283,0.5660000000000004,11,8,275,NORMAL,0.5000000000000003,0.5002663000486794,0.034,True,12
284,0.5680000000000004,11,9,275,NORMAL,0.5000000000000003,0.5002663000486794,0.032,True,12
285,0.5700000000000004,11,10,275,NORMAL,0.5000000000000003,0.5002663000486794,0.03,True,12
286,0.5720000000000004,11,11,275,NORMAL,0.5000000000000003,0.5002663000486794,0.028,True,12
287,0.5740000000000004,11,12,275,NORMAL,0.5000000000000003,0.5002663000486794,0.026000000000000002,True,12
288,0.5760000000000004,11,13,275,NORMAL,0.5000000000000003,0.5002663000486794,0.024,True,12
289,0.5780000000000004,11,14,275,NORMAL,0.5000000000000003,0.5002663000486794,0.022,True,12
290,0.5800000000000004,11,15,275,NORMAL,0.5000000000000003,0.5002663000486794,0.02,True,12
291,0.5820000000000004,11,16,275,NORMAL,0.5000000000000003,0.5002663000486794,0.018000000000000002,True,12
292,0.5840000000000004,11,17,275,NORMAL,0.5000000000000003,0.5002663000486794,0.016,True,12
293,0.5860000000000004,11,18,275,NORMAL,0.5000000000000003,0.5002663000486794,0.014,True,12
294,0.5880000000000004,11,19,275,NORMAL,0.5000000000000003,0.5002663000486794,0.012,True,12
295,0.5900000000000004,11,20,275,NORMAL,0.5000000000000003,0.5002663000486794,0.01,True,12
296,0.5920000000000004,11,21,275,NORMAL,0.5000000000000003,0.5002663000486794,0.008,True,12
297,0.5940000000000004,11,22,275,NORMAL,0.5000000000000003,0.5002663000486794,0.006,True,12
298,0.5960000000000004,11,23,275,NORMAL,0.5000000000000003,0.5002663000486794,0.004,True,12
299,0.5980000000000004,11,24,275,NORMAL,0.5000000000000003,0.5002663000486794,0.002,True,12
300,0.6000000000000004,12,0,300,NORMAL,0.5500000000000004,0.5502568999771033,0.05,False,
301,0.6020000000000004,12,1,300,NORMAL,0.5500000000000004,0.5502568999771033,0.048,True,13
302,0.6040000000000004,12,2,300,NORMAL,0.5500000000000004,0.5502568999771033,0.046,True,13
303,0.6060000000000004,12,3,300,NORMAL,0.5500000000000004,0.5502568999771033,0.044,True,13
304,0.6080000000000004,12,4,300,NORMAL,0.5500000000000004,0.5502568999771033,0.042,True,13
305,0.6100000000000004,12,5,300,NORMAL,0.5500000000000004,0.5502568999771033,0.04,True,13
306,0.6120000000000004,12,6,300,NORMAL,0.5500000000000004,0.5502568999771033,0.038,True,13
307,0.6140000000000004,12,7,300,NORMAL,0.5500000000000004,0.5502568999771033,0.036000000000000004,True,13
308,0.6160000000000004,12,8,300,NORMAL,0.5500000000000004,0.5502568999771033,0.034,True,13
309,0.6180000000000004,12,9,300,NORMAL,0.5500000000000004,0.5502568999771033,0.032,True,13
310,0.6200000000000004,12,10,300,NORMAL,0.5500000000000004,0.5502568999771033,0.03,True,13
311,0.6220000000000004,12,11,300,NORMAL,0.5500000000000004,0.5502568999771033,0.028,True,13
312,0.6240000000000004,12,12,300,NORMAL,0.5500000000000004,0.5502568999771033,0.026000000000000002,True,13
313,0.6260000000000004,12,13,300,NORMAL,0.5500000000000004,0.5502568999771033,0.024,True,13
314,0.6280000000000004,12,14,300,NORMAL,0.5500000000000004,0.5502568999771033,0.022,True,13
315,0.6300000000000004,12,15,300,NORMAL,0.5500000000000004,0.5502568999771033,0.02,True,13
316,0.6320000000000005,12,16,300,NORMAL,0.5500000000000004,0.5502568999771033,0.018000000000000002,True,13
317,0.6340000000000005,12,17,300,NORMAL,0.5500000000000004,0.5502568999771033,0.016,True,13
318,0.6360000000000005,12,18,300,NORMAL,0.5500000000000004,0.5502568999771033,0.014,True,13
319,0.6380000000000005,12,19,300,NORMAL,0.5500000000000004,0.5502568999771033,0.012,True,13
320,0.6400000000000005,12,20,300,NORMAL,0.5500000000000004,0.5502568999771033,0.01,True,13
321,0.6420000000000005,12,21,300,NORMAL,0.5500000000000004,0.5502568999771033,0.008,True,13
322,0.6440000000000005,12,22,300,NORMAL,0.5500000000000004,0.5502568999771033,0.006,True,13
323,0.6460000000000005,12,23,300,NORMAL,0.5500000000000004,0.5502568999771033,0.004,True,13
324,0.6480000000000005,12,24,300,NORMAL,0.5500000000000004,0.5502568999771033,0.002,True,13
325,0.6500000000000005,13,0,325,NORMAL,0.6000000000000004,0.6002598999999468,0.05,False,
326,0.6520000000000005,13,1,325,NORMAL,0.6000000000000004,0.6002598999999468,0.048,True,14
327,0.6540000000000005,13,2,325,NORMAL,0.6000000000000004,0.6002598999999468,0.046,True,14
328,0.6560000000000005,13,3,325,NORMAL,0.6000000000000004,0.6002598999999468,0.044,True,14
329,0.6580000000000005,13,4,325,NORMAL,0.6000000000000004,0.6002598999999468,0.042,True,14
330,0.6600000000000005,13,5,325,NORMAL,0.6000000000000004,0.6002598999999468,0.04,True,14
331,0.6620000000000005,13,6,325,NORMAL,0.6000000000000004,0.6002598999999468,0.038,True,14
332,0.6640000000000005,13,7,325,NORMAL,0.6000000000000004,0.6002598999999468,0.036000000000000004,True,14
333,0.6660000000000005,13,8,325,NORMAL,0.6000000000000004,0.6002598999999468,0.034,True,14
334,0.6680000000000005,13,9,325,NORMAL,0.6000000000000004,0.6002598999999468,0.032,True,14
335,0.6700000000000005,13,10,325,NORMAL,0.6000000000000004,0.6002598999999468,0.03,True,14
336,0.6720000000000005,13,11,325,NORMAL,0.6000000000000004,0.6002598999999468,0.028,True,14
337,0.6740000000000005,13,12,325,NORMAL,0.6000000000000004,0.6002598999999468,0.026000000000000002,True,14
338,0.6760000000000005,13,13,325,NORMAL,0.6000000000000004,0.6002598999999468,0.024,True,14
339,0.6780000000000005,13,14,325,NORMAL,0.6000000000000004,0.6002598999999468,0.022,True,14
340,0.6800000000000005,13,15,325,NORMAL,0.6000000000000004,0.6002598999999468,0.02,True,14
341,0.6820000000000005,13,16,325,NORMAL,0.6000000000000004,0.6002598999999468,0.018000000000000002,True,14
342,0.6840000000000005,13,17,325,NORMAL,0.6000000000000004,0.6002598999999468,0.016,True,14
343,0.6860000000000005,13,18,325,NORMAL,0.6000000000000004,0.6002598999999468,0.014,True,14
344,0.6880000000000005,13,19,325,NORMAL,0.6000000000000004,0.6002598999999468,0.012,True,14
345,0.6900000000000005,13,20,325,NORMAL,0.6000000000000004,0.6002598999999468,0.01,True,14
346,0.6920000000000005,13,21,325,NORMAL,0.6000000000000004,0.6002598999999468,0.008,True,14
347,0.6940000000000005,13,22,325,NORMAL,0.6000000000000004,0.6002598999999468,0.006,True,14
348,0.6960000000000005,13,23,325,NORMAL,0.6000000000000004,0.6002598999999468,0.004,True,14
349,0.6980000000000005,13,24,325,NORMAL,0.6000000000000004,0.6002598999999468,0.002,True,14
350,0.7000000000000005,14,0,350,NORMAL,0.6500000000000005,0.6502547999611129,0.05,False,
351,0.7020000000000005,14,1,350,NORMAL,0.6500000000000005,0.6502547999611129,0.048,True,15
352,0.7040000000000005,14,2,350,NORMAL,0.6500000000000005,0.6502547999611129,0.046,True,15
353,0.7060000000000005,14,3,350,NORMAL,0.6500000000000005,0.6502547999611129,0.044,True,15
354,0.7080000000000005,14,4,350,NORMAL,0.6500000000000005,0.6502547999611129,0.042,True,15
355,0.7100000000000005,14,5,350,NORMAL,0.6500000000000005,0.6502547999611129,0.04,True,15
356,0.7120000000000005,14,6,350,NORMAL,0.6500000000000005,0.6502547999611129,0.038,True,15
357,0.7140000000000005,14,7,350,NORMAL,0.6500000000000005,0.6502547999611129,0.036000000000000004,True,15
358,0.7160000000000005,14,8,350,NORMAL,0.6500000000000005,0.6502547999611129,0.034,True,15
359,0.7180000000000005,14,9,350,NORMAL,0.6500000000000005,0.6502547999611129,0.032,True,15
360,0.7200000000000005,14,10,350,NORMAL,0.6500000000000005,0.6502547999611129,0.03,True,15
361,0.7220000000000005,14,11,350,NORMAL,0.6500000000000005,0.6502547999611129,0.028,True,15
362,0.7240000000000005,14,12,350,NORMAL,0.6500000000000005,0.6502547999611129,0.026000000000000002,True,15
363,0.7260000000000005,14,13,350,NORMAL,0.6500000000000005,0.6502547999611129,0.024,True,15
364,0.7280000000000005,14,14,350,NORMAL,0.6500000000000005,0.6502547999611129,0.022,True,15
365,0.7300000000000005,14,15,350,NORMAL,0.6500000000000005,0.6502547999611129,0.02,True,15
366,0.7320000000000005,14,16,350,NORMAL,0.6500000000000005,0.6502547999611129,0.018000000000000002,True,15
367,0.7340000000000005,14,17,350,NORMAL,0.6500000000000005,0.6502547999611129,0.016,True,15
368,0.7360000000000005,14,18,350,NORMAL,0.6500000000000005,0.6502547999611129,0.014,True,15
369,0.7380000000000005,14,19,350,NORMAL,0.6500000000000005,0.6502547999611129,0.012,True,15
370,0.7400000000000005,14,20,350,NORMAL,0.6500000000000005,0.6502547999611129,0.01,True,15
371,0.7420000000000005,14,21,350,NORMAL,0.6500000000000005,0.6502547999611129,0.008,True,15
372,0.7440000000000005,14,22,350,NORMAL,0.6500000000000005,0.6502547999611129,0.006,True,15
373,0.7460000000000006,14,23,350,NORMAL,0.6500000000000005,0.6502547999611129,0.004,True,15
374,0.7480000000000006,14,24,350,NORMAL,0.6500000000000005,0.6502547999611129,0.002,True,15
375,0.7500000000000006,15,0,375,NORMAL,0.7000000000000005,0.700260600005277,0.05,False,
376,0.7520000000000006,15,1,375,NORMAL,0.7000000000000005,0.700260600005277,0.048,True,16
377,0.7540000000000006,15,2,375,NORMAL,0.7000000000000005,0.700260600005277,0.046,True,16
378,0.7560000000000006,15,3,375,NORMAL,0.7000000000000005,0.700260600005277,0.044,True,16
379,0.7580000000000006,15,4,375,NORMAL,0.7000000000000005,0.700260600005277,0.042,True,16
380,0.7600000000000006,15,5,375,NORMAL,0.7000000000000005,0.700260600005277,0.04,True,16
381,0.7620000000000006,15,6,375,NORMAL,0.7000000000000005,0.700260600005277,0.038,True,16
382,0.7640000000000006,15,7,375,NORMAL,0.7000000000000005,0.700260600005277,0.036000000000000004,True,16
383,0.7660000000000006,15,8,375,NORMAL,0.7000000000000005,0.700260600005277,0.034,True,16
384,0.7680000000000006,15,9,375,NORMAL,0.7000000000000005,0.700260600005277,0.032,True,16
385,0.7700000000000006,15,10,375,NORMAL,0.7000000000000005,0.700260600005277,0.03,True,16
386,0.7720000000000006,15,11,375,NORMAL,0.7000000000000005,0.700260600005277,0.028,True,16
387,0.7740000000000006,15,12,375,NORMAL,0.7000000000000005,0.700260600005277,0.026000000000000002,True,16
388,0.7760000000000006,15,13,375,NORMAL,0.7000000000000005,0.700260600005277,0.024,True,16
389,0.7780000000000006,15,14,375,NORMAL,0.7000000000000005,0.700260600005277,0.022,True,16
390,0.7800000000000006,15,15,375,NORMAL,0.7000000000000005,0.700260600005277,0.02,True,16
391,0.7820000000000006,15,16,375,NORMAL,0.7000000000000005,0.700260600005277,0.018000000000000002,True,16
392,0.7840000000000006,15,17,375,NORMAL,0.7000000000000005,0.700260600005277,0.016,True,16
393,0.7860000000000006,15,18,375,NORMAL,0.7000000000000005,0.700260600005277,0.014,True,16
394,0.7880000000000006,15,19,375,NORMAL,0.7000000000000005,0.700260600005277,0.012,True,16
395,0.7900000000000006,15,20,375,NORMAL,0.7000000000000005,0.700260600005277,0.01,True,16
396,0.7920000000000006,15,21,375,NORMAL,0.7000000000000005,0.700260600005277,0.008,True,16
397,0.7940000000000006,15,22,375,NORMAL,0.7000000000000005,0.700260600005277,0.006,True,16
398,0.7960000000000006,15,23,375,NORMAL,0.7000000000000005,0.700260600005277,0.004,True,16
399,0.7980000000000006,15,24,375,NORMAL,0.7000000000000005,0.700260600005277,0.002,True,16
400,0.8000000000000006,16,0,400,NORMAL,0.7500000000000006,0.7502706999657681,0.05,False,
401,0.8020000000000006,16,1,400,NORMAL,0.7500000000000006,0.7502706999657681,0.048,True,17
402,0.8040000000000006,16,2,400,NORMAL,0.7500000000000006,0.7502706999657681,0.046,True,17
403,0.8060000000000006,16,3,400,NORMAL,0.7500000000000006,0.7502706999657681,0.044,True,17
404,0.8080000000000006,16,4,400,NORMAL,0.7500000000000006,0.7502706999657681,0.042,True,17
405,0.8100000000000006,16,5,400,NORMAL,0.7500000000000006,0.7502706999657681,0.04,True,17
406,0.8120000000000006,16,6,400,NORMAL,0.7500000000000006,0.7502706999657681,0.038,True,17
407,0.8140000000000006,16,7,400,NORMAL,0.7500000000000006,0.7502706999657681,0.036000000000000004,True,17
408,0.8160000000000006,16,8,400,NORMAL,0.7500000000000006,0.7502706999657681,0.034,True,17
409,0.8180000000000006,16,9,400,NORMAL,0.7500000000000006,0.7502706999657681,0.032,True,17
410,0.8200000000000006,16,10,400,NORMAL,0.7500000000000006,0.7502706999657681,0.03,True,17
411,0.8220000000000006,16,11,400,NORMAL,0.7500000000000006,0.7502706999657681,0.028,True,17
412,0.8240000000000006,16,12,400,NORMAL,0.7500000000000006,0.7502706999657681,0.026000000000000002,True,17
413,0.8260000000000006,16,13,400,NORMAL,0.7500000000000006,0.7502706999657681,0.024,True,17
414,0.8280000000000006,16,14,400,NORMAL,0.7500000000000006,0.7502706999657681,0.022,True,17
415,0.8300000000000006,16,15,400,NORMAL,0.7500000000000006,0.7502706999657681,0.02,True,17
416,0.8320000000000006,16,16,400,NORMAL,0.7500000000000006,0.7502706999657681,0.018000000000000002,True,17
417,0.8340000000000006,16,17,400,NORMAL,0.7500000000000006,0.7502706999657681,0.016,True,17
418,0.8360000000000006,16,18,400,NORMAL,0.7500000000000006,0.7502706999657681,0.014,True,17
419,0.8380000000000006,16,19,400,NORMAL,0.7500000000000006,0.7502706999657681,0.012,True,17
420,0.8400000000000006,16,20,400,NORMAL,0.7500000000000006,0.7502706999657681,0.01,True,17
421,0.8420000000000006,16,21,400,NORMAL,0.7500000000000006,0.7502706999657681,0.008,True,17
422,0.8440000000000006,16,22,400,NORMAL,0.7500000000000006,0.7502706999657681,0.006,True,17
423,0.8460000000000006,16,23,400,NORMAL,0.7500000000000006,0.7502706999657681,0.004,True,17
424,0.8480000000000006,16,24,400,NORMAL,0.7500000000000006,0.7502706999657681,0.002,True,17
425,0.8500000000000006,17,0,425,NORMAL,0.8000000000000006,0.8002545999595901,0.05,False,
426,0.8520000000000006,17,1,425,NORMAL,0.8000000000000006,0.8002545999595901,0.048,True,18
427,0.8540000000000006,17,2,425,NORMAL,0.8000000000000006,0.8002545999595901,0.046,True,18
428,0.8560000000000006,17,3,425,NORMAL,0.8000000000000006,0.8002545999595901,0.044,True,18
429,0.8580000000000007,17,4,425,NORMAL,0.8000000000000006,0.8002545999595901,0.042,True,18
430,0.8600000000000007,17,5,425,NORMAL,0.8000000000000006,0.8002545999595901,0.04,True,18
431,0.8620000000000007,17,6,425,NORMAL,0.8000000000000006,0.8002545999595901,0.038,True,18
432,0.8640000000000007,17,7,425,NORMAL,0.8000000000000006,0.8002545999595901,0.036000000000000004,True,18
433,0.8660000000000007,17,8,425,NORMAL,0.8000000000000006,0.8002545999595901,0.034,True,18
434,0.8680000000000007,17,9,425,NORMAL,0.8000000000000006,0.8002545999595901,0.032,True,18
435,0.8700000000000007,17,10,425,NORMAL,0.8000000000000006,0.8002545999595901,0.03,True,18
436,0.8720000000000007,17,11,425,NORMAL,0.8000000000000006,0.8002545999595901,0.028,True,18
437,0.8740000000000007,17,12,425,NORMAL,0.8000000000000006,0.8002545999595901,0.026000000000000002,True,18
438,0.8760000000000007,17,13,425,NORMAL,0.8000000000000006,0.8002545999595901,0.024,True,18
439,0.8780000000000007,17,14,425,NORMAL,0.8000000000000006,0.8002545999595901,0.022,True,18
440,0.8800000000000007,17,15,425,NORMAL,0.8000000000000006,0.8002545999595901,0.02,True,18
441,0.8820000000000007,17,16,425,NORMAL,0.8000000000000006,0.8002545999595901,0.018000000000000002,True,18
442,0.8840000000000007,17,17,425,NORMAL,0.8000000000000006,0.8002545999595901,0.016,True,18
443,0.8860000000000007,17,18,425,NORMAL,0.8000000000000006,0.8002545999595901,0.014,True,18
444,0.8880000000000007,17,19,425,NORMAL,0.8000000000000006,0.8002545999595901,0.012,True,18
445,0.8900000000000007,17,20,425,NORMAL,0.8000000000000006,0.8002545999595901,0.01,True,18
446,0.8920000000000007,17,21,425,NORMAL,0.8000000000000006,0.8002545999595901,0.008,True,18
447,0.8940000000000007,17,22,425,NORMAL,0.8000000000000006,0.8002545999595901,0.006,True,18
448,0.8960000000000007,17,23,425,NORMAL,0.8000000000000006,0.8002545999595901,0.004,True,18
449,0.8980000000000007,17,24,425,NORMAL,0.8000000000000006,0.8002545999595901,0.002,True,18
450,0.9000000000000007,18,0,450,NORMAL,0.8500000000000006,0.8502649999223656,0.05,False,
451,0.9020000000000007,18,1,450,NORMAL,0.8500000000000006,0.8502649999223656,0.048,True,19
452,0.9040000000000007,18,2,450,NORMAL,0.8500000000000006,0.8502649999223656,0.046,True,19
453,0.9060000000000007,18,3,450,NORMAL,0.8500000000000006,0.8502649999223656,0.044,True,19
454,0.9080000000000007,18,4,450,NORMAL,0.8500000000000006,0.8502649999223656,0.042,True,19
455,0.9100000000000007,18,5,450,NORMAL,0.8500000000000006,0.8502649999223656,0.04,True,19
456,0.9120000000000007,18,6,450,NORMAL,0.8500000000000006,0.8502649999223656,0.038,True,19
457,0.9140000000000007,18,7,450,NORMAL,0.8500000000000006,0.8502649999223656,0.036000000000000004,True,19
458,0.9160000000000007,18,8,450,NORMAL,0.8500000000000006,0.8502649999223656,0.034,True,19
459,0.9180000000000007,18,9,450,NORMAL,0.8500000000000006,0.8502649999223656,0.032,True,19
460,0.9200000000000007,18,10,450,NORMAL,0.8500000000000006,0.8502649999223656,0.03,True,19
461,0.9220000000000007,18,11,450,NORMAL,0.8500000000000006,0.8502649999223656,0.028,True,19
462,0.9240000000000007,18,12,450,NORMAL,0.8500000000000006,0.8502649999223656,0.026000000000000002,True,19
463,0.9260000000000007,18,13,450,NORMAL,0.8500000000000006,0.8502649999223656,0.024,True,19
464,0.9280000000000007,18,14,450,NORMAL,0.8500000000000006,0.8502649999223656,0.022,True,19
465,0.9300000000000007,18,15,450,NORMAL,0.8500000000000006,0.8502649999223656,0.02,True,19
466,0.9320000000000007,18,16,450,NORMAL,0.8500000000000006,0.8502649999223656,0.018000000000000002,True,19
467,0.9340000000000007,18,17,450,NORMAL,0.8500000000000006,0.8502649999223656,0.016,True,19
468,0.9360000000000007,18,18,450,NORMAL,0.8500000000000006,0.8502649999223656,0.014,True,19
469,0.9380000000000007,18,19,450,NORMAL,0.8500000000000006,0.8502649999223656,0.012,True,19
470,0.9400000000000007,18,20,450,NORMAL,0.8500000000000006,0.8502649999223656,0.01,True,19
471,0.9420000000000007,18,21,450,NORMAL,0.8500000000000006,0.8502649999223656,0.008,True,19
472,0.9440000000000007,18,22,450,NORMAL,0.8500000000000006,0.8502649999223656,0.006,True,19
473,0.9460000000000007,18,23,450,NORMAL,0.8500000000000006,0.8502649999223656,0.004,True,19
474,0.9480000000000007,18,24,450,NORMAL,0.8500000000000006,0.8502649999223656,0.002,True,19
475,0.9500000000000007,19,0,475,NORMAL,0.9000000000000007,0.9002575999824337,0.05,False,
476,0.9520000000000007,19,1,475,NORMAL,0.9000000000000007,0.9002575999824337,0.048,True,20
477,0.9540000000000007,19,2,475,NORMAL,0.9000000000000007,0.9002575999824337,0.046,True,20
478,0.9560000000000007,19,3,475,NORMAL,0.9000000000000007,0.9002575999824337,0.044,True,20
479,0.9580000000000007,19,4,475,NORMAL,0.9000000000000007,0.9002575999824337,0.042,True,20
480,0.9600000000000007,19,5,475,NORMAL,0.9000000000000007,0.9002575999824337,0.04,True,20
481,0.9620000000000007,19,6,475,NORMAL,0.9000000000000007,0.9002575999824337,0.038,True,20
482,0.9640000000000007,19,7,475,NORMAL,0.9000000000000007,0.9002575999824337,0.036000000000000004,True,20
483,0.9660000000000007,19,8,475,NORMAL,0.9000000000000007,0.9002575999824337,0.034,True,20
484,0.9680000000000007,19,9,475,NORMAL,0.9000000000000007,0.9002575999824337,0.032,True,20
485,0.9700000000000008,19,10,475,NORMAL,0.9000000000000007,0.9002575999824337,0.03,True,20
486,0.9720000000000008,19,11,475,NORMAL,0.9000000000000007,0.9002575999824337,0.028,True,20
487,0.9740000000000008,19,12,475,NORMAL,0.9000000000000007,0.9002575999824337,0.026000000000000002,True,20
488,0.9760000000000008,19,13,475,NORMAL,0.9000000000000007,0.9002575999824337,0.024,True,20
489,0.9780000000000008,19,14,475,NORMAL,0.9000000000000007,0.9002575999824337,0.022,True,20
490,0.9800000000000008,19,15,475,NORMAL,0.9000000000000007,0.9002575999824337,0.02,True,20
491,0.9820000000000008,19,16,475,NORMAL,0.9000000000000007,0.9002575999824337,0.018000000000000002,True,20
492,0.9840000000000008,19,17,475,NORMAL,0.9000000000000007,0.9002575999824337,0.016,True,20
493,0.9860000000000008,19,18,475,NORMAL,0.9000000000000007,0.9002575999824337,0.014,True,20
494,0.9880000000000008,19,19,475,NORMAL,0.9000000000000007,0.9002575999824337,0.012,True,20
495,0.9900000000000008,19,20,475,NORMAL,0.9000000000000007,0.9002575999824337,0.01,True,20
496,0.9920000000000008,19,21,475,NORMAL,0.9000000000000007,0.9002575999824337,0.008,True,20
497,0.9940000000000008,19,22,475,NORMAL,0.9000000000000007,0.9002575999824337,0.006,True,20
498,0.9960000000000008,19,23,475,NORMAL,0.9000000000000007,0.9002575999824337,0.004,True,20
499,0.9980000000000008,19,24,475,NORMAL,0.9000000000000007,0.9002575999824337,0.002,True,20
500,1.0000000000000007,20,0,500,NORMAL,0.9500000000000007,0.950274199992419,0.05,False,
501,1.0020000000000004,20,1,500,NORMAL,0.9500000000000007,0.950274199992419,0.048,True,21
502,1.0040000000000002,20,2,500,NORMAL,0.9500000000000007,0.950274199992419,0.046,True,21
503,1.006,20,3,500,NORMAL,0.9500000000000007,0.950274199992419,0.044,True,21
504,1.0079999999999998,20,4,500,NORMAL,0.9500000000000007,0.950274199992419,0.042,True,21
505,1.0099999999999996,20,5,500,NORMAL,0.9500000000000007,0.950274199992419,0.04,True,21
506,1.0119999999999993,20,6,500,NORMAL,0.9500000000000007,0.950274199992419,0.038,True,21
507,1.0139999999999991,20,7,500,NORMAL,0.9500000000000007,0.950274199992419,0.036000000000000004,True,21
508,1.015999999999999,20,8,500,NORMAL,0.9500000000000007,0.950274199992419,0.034,True,21
509,1.0179999999999987,20,9,500,NORMAL,0.9500000000000007,0.950274199992419,0.032,True,21
510,1.0199999999999985,20,10,500,NORMAL,0.9500000000000007,0.950274199992419,0.03,True,21
511,1.0219999999999982,20,11,500,NORMAL,0.9500000000000007,0.950274199992419,0.028,True,21
512,1.023999999999998,20,12,500,NORMAL,0.9500000000000007,0.950274199992419,0.026000000000000002,True,21
513,1.0259999999999978,20,13,500,NORMAL,0.9500000000000007,0.950274199992419,0.024,True,21
514,1.0279999999999976,20,14,500,NORMAL,0.9500000000000007,0.950274199992419,0.022,True,21
515,1.0299999999999974,20,15,500,NORMAL,0.9500000000000007,0.950274199992419,0.02,True,21
516,1.0319999999999971,20,16,500,NORMAL,0.9500000000000007,0.950274199992419,0.018000000000000002,True,21
517,1.033999999999997,20,17,500,NORMAL,0.9500000000000007,0.950274199992419,0.016,True,21
518,1.0359999999999967,20,18,500,NORMAL,0.9500000000000007,0.950274199992419,0.014,True,21
519,1.0379999999999965,20,19,500,NORMAL,0.9500000000000007,0.950274199992419,0.012,True,21
520,1.0399999999999963,20,20,500,NORMAL,0.9500000000000007,0.950274199992419,0.01,True,21
521,1.041999999999996,20,21,500,NORMAL,0.9500000000000007,0.950274199992419,0.008,True,21
522,1.0439999999999958,20,22,500,NORMAL,0.9500000000000007,0.950274199992419,0.006,True,21
523,1.0459999999999956,20,23,500,NORMAL,0.9500000000000007,0.950274199992419,0.004,True,21
524,1.0479999999999954,20,24,500,NORMAL,0.9500000000000007,0.950274199992419,0.002,True,21
525,1.0499999999999952,21,0,525,NORMAL,1.0000000000000007,1.000257400097326,0.05,False,
526,1.051999999999995,21,1,525,NORMAL,1.0000000000000007,1.000257400097326,0.048,True,22
527,1.0539999999999947,21,2,525,NORMAL,1.0000000000000007,1.000257400097326,0.046,True,22
528,1.0559999999999945,21,3,525,NORMAL,1.0000000000000007,1.000257400097326,0.044,True,22
529,1.0579999999999943,21,4,525,NORMAL,1.0000000000000007,1.000257400097326,0.042,True,22
530,1.059999999999994,21,5,525,NORMAL,1.0000000000000007,1.000257400097326,0.04,True,22
531,1.0619999999999938,21,6,525,NORMAL,1.0000000000000007,1.000257400097326,0.038,True,22
532,1.0639999999999936,21,7,525,NORMAL,1.0000000000000007,1.000257400097326,0.036000000000000004,True,22
533,1.0659999999999934,21,8,525,NORMAL,1.0000000000000007,1.000257400097326,0.034,True,22
534,1.0679999999999932,21,9,525,NORMAL,1.0000000000000007,1.000257400097326,0.032,True,22
535,1.069999999999993,21,10,525,NORMAL,1.0000000000000007,1.000257400097326,0.03,True,22
536,1.0719999999999927,21,11,525,NORMAL,1.0000000000000007,1.000257400097326,0.028,True,22
537,1.0739999999999925,21,12,525,NORMAL,1.0000000000000007,1.000257400097326,0.026000000000000002,True,22
538,1.0759999999999923,21,13,525,NORMAL,1.0000000000000007,1.000257400097326,0.024,True,22
539,1.077999999999992,21,14,525,NORMAL,1.0000000000000007,1.000257400097326,0.022,True,22
540,1.0799999999999919,21,15,525,NORMAL,1.0000000000000007,1.000257400097326,0.02,True,22
541,1.0819999999999916,21,16,525,NORMAL,1.0000000000000007,1.000257400097326,0.018000000000000002,True,22
542,1.0839999999999914,21,17,525,NORMAL,1.0000000000000007,1.000257400097326,0.016,True,22
543,1.0859999999999912,21,18,525,NORMAL,1.0000000000000007,1.000257400097326,0.014,True,22
544,1.087999999999991,21,19,525,NORMAL,1.0000000000000007,1.000257400097326,0.012,True,22
545,1.0899999999999908,21,20,525,NORMAL,1.0000000000000007,1.000257400097326,0.01,True,22
546,1.0919999999999905,21,21,525,NORMAL,1.0000000000000007,1.000257400097326,0.008,True,22
547,1.0939999999999903,21,22,525,NORMAL,1.0000000000000007,1.000257400097326,0.006,True,22
548,1.09599999999999,21,23,525,NORMAL,1.0000000000000007,1.000257400097326,0.004,True,22
549,1.0979999999999899,21,24,525,NORMAL,1.0000000000000007,1.000257400097326,0.002,True,22
550,1.0999999999999897,22,0,550,NORMAL,1.0499999999999952,1.0502551999641534,0.05,False,
551,1.1019999999999894,22,1,550,NORMAL,1.0499999999999952,1.0502551999641534,0.048,True,23
552,1.1039999999999892,22,2,550,NORMAL,1.0499999999999952,1.0502551999641534,0.046,True,23
553,1.105999999999989,22,3,550,NORMAL,1.0499999999999952,1.0502551999641534,0.044,True,23
554,1.1079999999999888,22,4,550,NORMAL,1.0499999999999952,1.0502551999641534,0.042,True,23
555,1.1099999999999886,22,5,550,NORMAL,1.0499999999999952,1.0502551999641534,0.04,True,23
556,1.1119999999999883,22,6,550,NORMAL,1.0499999999999952,1.0502551999641534,0.038,True,23
557,1.113999999999988,22,7,550,NORMAL,1.0499999999999952,1.0502551999641534,0.036000000000000004,True,23
558,1.115999999999988,22,8,550,NORMAL,1.0499999999999952,1.0502551999641534,0.034,True,23
559,1.1179999999999877,22,9,550,NORMAL,1.0499999999999952,1.0502551999641534,0.032,True,23
560,1.1199999999999875,22,10,550,NORMAL,1.0499999999999952,1.0502551999641534,0.03,True,23
561,1.1219999999999872,22,11,550,NORMAL,1.0499999999999952,1.0502551999641534,0.028,True,23
562,1.123999999999987,22,12,550,NORMAL,1.0499999999999952,1.0502551999641534,0.026000000000000002,True,23
563,1.1259999999999868,22,13,550,NORMAL,1.0499999999999952,1.0502551999641534,0.024,True,23
564,1.1279999999999866,22,14,550,NORMAL,1.0499999999999952,1.0502551999641534,0.022,True,23
565,1.1299999999999863,22,15,550,NORMAL,1.0499999999999952,1.0502551999641534,0.02,True,23
566,1.1319999999999861,22,16,550,NORMAL,1.0499999999999952,1.0502551999641534,0.018000000000000002,True,23
567,1.133999999999986,22,17,550,NORMAL,1.0499999999999952,1.0502551999641534,0.016,True,23
568,1.1359999999999857,22,18,550,NORMAL,1.0499999999999952,1.0502551999641534,0.014,True,23
569,1.1379999999999855,22,19,550,NORMAL,1.0499999999999952,1.0502551999641534,0.012,True,23
570,1.1399999999999852,22,20,550,NORMAL,1.0499999999999952,1.0502551999641534,0.01,True,23
571,1.141999999999985,22,21,550,NORMAL,1.0499999999999952,1.0502551999641534,0.008,True,23
572,1.1439999999999848,22,22,550,NORMAL,1.0499999999999952,1.0502551999641534,0.006,True,23
573,1.1459999999999846,22,23,550,NORMAL,1.0499999999999952,1.0502551999641534,0.004,True,23
574,1.1479999999999844,22,24,550,NORMAL,1.0499999999999952,1.0502551999641534,0.002,True,23
575,1.1499999999999841,23,0,575,NORMAL,1.0999999999999897,1.1002648999215932,0.05,False,
576,1.151999999999984,23,1,575,NORMAL,1.0999999999999897,1.1002648999215932,0.048,True,24
577,1.1539999999999837,23,2,575,NORMAL,1.0999999999999897,1.1002648999215932,0.046,True,24
578,1.1559999999999835,23,3,575,NORMAL,1.0999999999999897,1.1002648999215932,0.044,True,24
579,1.1579999999999833,23,4,575,NORMAL,1.0999999999999897,1.1002648999215932,0.042,True,24
580,1.159999999999983,23,5,575,NORMAL,1.0999999999999897,1.1002648999215932,0.04,True,24
581,1.1619999999999828,23,6,575,NORMAL,1.0999999999999897,1.1002648999215932,0.038,True,24
582,1.1639999999999826,23,7,575,NORMAL,1.0999999999999897,1.1002648999215932,0.036000000000000004,True,24
583,1.1659999999999824,23,8,575,NORMAL,1.0999999999999897,1.1002648999215932,0.034,True,24
584,1.1679999999999822,23,9,575,NORMAL,1.0999999999999897,1.1002648999215932,0.032,True,24
585,1.169999999999982,23,10,575,NORMAL,1.0999999999999897,1.1002648999215932,0.03,True,24
586,1.1719999999999817,23,11,575,NORMAL,1.0999999999999897,1.1002648999215932,0.028,True,24
587,1.1739999999999815,23,12,575,NORMAL,1.0999999999999897,1.1002648999215932,0.026000000000000002,True,24
588,1.1759999999999813,23,13,575,NORMAL,1.0999999999999897,1.1002648999215932,0.024,True,24
589,1.177999999999981,23,14,575,NORMAL,1.0999999999999897,1.1002648999215932,0.022,True,24
590,1.1799999999999808,23,15,575,NORMAL,1.0999999999999897,1.1002648999215932,0.02,True,24
591,1.1819999999999806,23,16,575,NORMAL,1.0999999999999897,1.1002648999215932,0.018000000000000002,True,24
592,1.1839999999999804,23,17,575,NORMAL,1.0999999999999897,1.1002648999215932,0.016,True,24
593,1.1859999999999802,23,18,575,NORMAL,1.0999999999999897,1.1002648999215932,0.014,True,24
594,1.18799999999998,23,19,575,NORMAL,1.0999999999999897,1.1002648999215932,0.012,True,24
595,1.1899999999999797,23,20,575,NORMAL,1.0999999999999897,1.1002648999215932,0.01,True,24
596,1.1919999999999795,23,21,575,NORMAL,1.0999999999999897,1.1002648999215932,0.008,True,24
597,1.1939999999999793,23,22,575,NORMAL,1.0999999999999897,1.1002648999215932,0.006,True,24
598,1.195999999999979,23,23,575,NORMAL,1.0999999999999897,1.1002648999215932,0.004,True,24
599,1.1979999999999789,23,24,575,NORMAL,1.0999999999999897,1.1002648999215932,0.002,True,24
600,1.1999999999999786,24,0,600,NORMAL,1.1499999999999841,1.1502630999078816,0.05,False,
601,1.2019999999999784,24,1,600,NORMAL,1.1499999999999841,1.1502630999078816,0.048,True,25
602,1.2039999999999782,24,2,600,NORMAL,1.1499999999999841,1.1502630999078816,0.046,True,25
603,1.205999999999978,24,3,600,NORMAL,1.1499999999999841,1.1502630999078816,0.044,True,25
604,1.2079999999999778,24,4,600,NORMAL,1.1499999999999841,1.1502630999078816,0.042,True,25
605,1.2099999999999775,24,5,600,NORMAL,1.1499999999999841,1.1502630999078816,0.04,True,25
606,1.2119999999999773,24,6,600,NORMAL,1.1499999999999841,1.1502630999078816,0.038,True,25
607,1.213999999999977,24,7,600,NORMAL,1.1499999999999841,1.1502630999078816,0.036000000000000004,True,25
608,1.2159999999999769,24,8,600,NORMAL,1.1499999999999841,1.1502630999078816,0.034,True,25
609,1.2179999999999767,24,9,600,NORMAL,1.1499999999999841,1.1502630999078816,0.032,True,25
610,1.2199999999999764,24,10,600,NORMAL,1.1499999999999841,1.1502630999078816,0.03,True,25
611,1.2219999999999762,24,11,600,NORMAL,1.1499999999999841,1.1502630999078816,0.028,True,25
612,1.223999999999976,24,12,600,NORMAL,1.1499999999999841,1.1502630999078816,0.026000000000000002,True,25
613,1.2259999999999758,24,13,600,NORMAL,1.1499999999999841,1.1502630999078816,0.024,True,25
614,1.2279999999999756,24,14,600,NORMAL,1.1499999999999841,1.1502630999078816,0.022,True,25
615,1.2299999999999753,24,15,600,NORMAL,1.1499999999999841,1.1502630999078816,0.02,True,25
616,1.2319999999999751,24,16,600,NORMAL,1.1499999999999841,1.1502630999078816,0.018000000000000002,True,25
617,1.233999999999975,24,17,600,NORMAL,1.1499999999999841,1.1502630999078816,0.016,True,25
618,1.2359999999999747,24,18,600,NORMAL,1.1499999999999841,1.1502630999078816,0.014,True,25
619,1.2379999999999745,24,19,600,NORMAL,1.1499999999999841,1.1502630999078816,0.012,True,25
620,1.2399999999999742,24,20,600,NORMAL,1.1499999999999841,1.1502630999078816,0.01,True,25
621,1.241999999999974,24,21,600,NORMAL,1.1499999999999841,1.1502630999078816,0.008,True,25
622,1.2439999999999738,24,22,600,NORMAL,1.1499999999999841,1.1502630999078816,0.006,True,25
623,1.2459999999999736,24,23,600,NORMAL,1.1499999999999841,1.1502630999078816,0.004,True,25
624,1.2479999999999734,24,24,600,NORMAL,1.1499999999999841,1.1502630999078816,0.002,True,25
625,1.2499999999999731,25,0,625,NORMAL,1.1999999999999786,1.2003182999789501,0.05,False,
626,1.251999999999973,25,1,625,NORMAL,1.1999999999999786,1.2003182999789501,0.048,True,26
627,1.2539999999999727,25,2,625,NORMAL,1.1999999999999786,1.2003182999789501,0.046,True,26
628,1.2559999999999725,25,3,625,NORMAL,1.1999999999999786,1.2003182999789501,0.044,True,26
629,1.2579999999999723,25,4,625,NORMAL,1.1999999999999786,1.2003182999789501,0.042,True,26
630,1.259999999999972,25,5,625,NORMAL,1.1999999999999786,1.2003182999789501,0.04,True,26
631,1.2619999999999718,25,6,625,NORMAL,1.1999999999999786,1.2003182999789501,0.038,True,26
632,1.2639999999999716,25,7,625,NORMAL,1.1999999999999786,1.2003182999789501,0.036000000000000004,True,26
633,1.2659999999999714,25,8,625,NORMAL,1.1999999999999786,1.2003182999789501,0.034,True,26
634,1.2679999999999712,25,9,625,NORMAL,1.1999999999999786,1.2003182999789501,0.032,True,26
635,1.269999999999971,25,10,625,NORMAL,1.1999999999999786,1.2003182999789501,0.03,True,26
636,1.2719999999999707,25,11,625,NORMAL,1.1999999999999786,1.2003182999789501,0.028,True,26
637,1.2739999999999705,25,12,625,NORMAL,1.1999999999999786,1.2003182999789501,0.026000000000000002,True,26
638,1.2759999999999703,25,13,625,NORMAL,1.1999999999999786,1.2003182999789501,0.024,True,26
639,1.27799999999997,25,14,625,NORMAL,1.1999999999999786,1.2003182999789501,0.022,True,26
640,1.2799999999999698,25,15,625,NORMAL,1.1999999999999786,1.2003182999789501,0.02,True,26
641,1.2819999999999696,25,16,625,NORMAL,1.1999999999999786,1.2003182999789501,0.018000000000000002,True,26
642,1.2839999999999694,25,17,625,NORMAL,1.1999999999999786,1.2003182999789501,0.016,True,26
643,1.2859999999999692,25,18,625,NORMAL,1.1999999999999786,1.2003182999789501,0.014,True,26
644,1.287999999999969,25,19,625,NORMAL,1.1999999999999786,1.2003182999789501,0.012,True,26
645,1.2899999999999687,25,20,625,NORMAL,1.1999999999999786,1.2003182999789501,0.01,True,26
646,1.2919999999999685,25,21,625,NORMAL,1.1999999999999786,1.2003182999789501,0.008,True,26
647,1.2939999999999683,25,22,625,NORMAL,1.1999999999999786,1.2003182999789501,0.006,True,26
648,1.295999999999968,25,23,625,NORMAL,1.1999999999999786,1.2003182999789501,0.004,True,26
649,1.2979999999999678,25,24,625,NORMAL,1.1999999999999786,1.2003182999789501,0.002,True,26
650,1.2999999999999676,26,0,650,NORMAL,1.2499999999999731,1.2502532999496638,0.05,False,
651,1.3019999999999674,26,1,650,NORMAL,1.2499999999999731,1.2502532999496638,0.048,True,27
652,1.3039999999999672,26,2,650,NORMAL,1.2499999999999731,1.2502532999496638,0.046,True,27
653,1.305999999999967,26,3,650,NORMAL,1.2499999999999731,1.2502532999496638,0.044,True,27
654,1.3079999999999667,26,4,650,NORMAL,1.2499999999999731,1.2502532999496638,0.042,True,27
655,1.3099999999999665,26,5,650,NORMAL,1.2499999999999731,1.2502532999496638,0.04,True,27
656,1.3119999999999663,26,6,650,NORMAL,1.2499999999999731,1.2502532999496638,0.038,True,27
657,1.313999999999966,26,7,650,NORMAL,1.2499999999999731,1.2502532999496638,0.036000000000000004,True,27
658,1.3159999999999659,26,8,650,NORMAL,1.2499999999999731,1.2502532999496638,0.034,True,27
659,1.3179999999999656,26,9,650,NORMAL,1.2499999999999731,1.2502532999496638,0.032,True,27
660,1.3199999999999654,26,10,650,NORMAL,1.2499999999999731,1.2502532999496638,0.03,True,27
661,1.3219999999999652,26,11,650,NORMAL,1.2499999999999731,1.2502532999496638,0.028,True,27
662,1.323999999999965,26,12,650,NORMAL,1.2499999999999731,1.2502532999496638,0.026000000000000002,True,27
663,1.3259999999999648,26,13,650,NORMAL,1.2499999999999731,1.2502532999496638,0.024,True,27
664,1.3279999999999645,26,14,650,NORMAL,1.2499999999999731,1.2502532999496638,0.022,True,27
665,1.3299999999999643,26,15,650,NORMAL,1.2499999999999731,1.2502532999496638,0.02,True,27
666,1.331999999999964,26,16,650,NORMAL,1.2499999999999731,1.2502532999496638,0.018000000000000002,True,27
667,1.3339999999999639,26,17,650,NORMAL,1.2499999999999731,1.2502532999496638,0.016,True,27
668,1.3359999999999637,26,18,650,NORMAL,1.2499999999999731,1.2502532999496638,0.014,True,27
669,1.3379999999999634,26,19,650,NORMAL,1.2499999999999731,1.2502532999496638,0.012,True,27
670,1.3399999999999632,26,20,650,NORMAL,1.2499999999999731,1.2502532999496638,0.01,True,27
671,1.341999999999963,26,21,650,NORMAL,1.2499999999999731,1.2502532999496638,0.008,True,27
672,1.3439999999999628,26,22,650,NORMAL,1.2499999999999731,1.2502532999496638,0.006,True,27
673,1.3459999999999626,26,23,650,NORMAL,1.2499999999999731,1.2502532999496638,0.004,True,27
674,1.3479999999999623,26,24,650,NORMAL,1.2499999999999731,1.2502532999496638,0.002,True,27
675,1.3499999999999621,27,0,675,NORMAL,1.2999999999999676,1.3002620000159044,0.05,False,
676,1.351999999999962,27,1,675,NORMAL,1.2999999999999676,1.3002620000159044,0.048,True,28
677,1.3539999999999617,27,2,675,NORMAL,1.2999999999999676,1.3002620000159044,0.046,True,28
678,1.3559999999999615,27,3,675,NORMAL,1.2999999999999676,1.3002620000159044,0.044,True,28
679,1.3579999999999612,27,4,675,NORMAL,1.2999999999999676,1.3002620000159044,0.042,True,28
680,1.359999999999961,27,5,675,NORMAL,1.2999999999999676,1.3002620000159044,0.04,True,28
681,1.3619999999999608,27,6,675,NORMAL,1.2999999999999676,1.3002620000159044,0.038,True,28
682,1.3639999999999606,27,7,675,NORMAL,1.2999999999999676,1.3002620000159044,0.036000000000000004,True,28
683,1.3659999999999604,27,8,675,NORMAL,1.2999999999999676,1.3002620000159044,0.034,True,28
684,1.3679999999999601,27,9,675,NORMAL,1.2999999999999676,1.3002620000159044,0.032,True,28
685,1.36999999999996,27,10,675,NORMAL,1.2999999999999676,1.3002620000159044,0.03,True,28
686,1.3719999999999597,27,11,675,NORMAL,1.2999999999999676,1.3002620000159044,0.028,True,28
687,1.3739999999999595,27,12,675,NORMAL,1.2999999999999676,1.3002620000159044,0.026000000000000002,True,28
688,1.3759999999999593,27,13,675,NORMAL,1.2999999999999676,1.3002620000159044,0.024,True,28
689,1.377999999999959,27,14,675,NORMAL,1.2999999999999676,1.3002620000159044,0.022,True,28
690,1.3799999999999588,27,15,675,NORMAL,1.2999999999999676,1.3002620000159044,0.02,True,28
691,1.3819999999999586,27,16,675,NORMAL,1.2999999999999676,1.3002620000159044,0.018000000000000002,True,28
692,1.3839999999999584,27,17,675,NORMAL,1.2999999999999676,1.3002620000159044,0.016,True,28
693,1.3859999999999582,27,18,675,NORMAL,1.2999999999999676,1.3002620000159044,0.014,True,28
694,1.387999999999958,27,19,675,NORMAL,1.2999999999999676,1.3002620000159044,0.012,True,28
695,1.3899999999999577,27,20,675,NORMAL,1.2999999999999676,1.3002620000159044,0.01,True,28
696,1.3919999999999575,27,21,675,NORMAL,1.2999999999999676,1.3002620000159044,0.008,True,28
697,1.3939999999999573,27,22,675,NORMAL,1.2999999999999676,1.3002620000159044,0.006,True,28
698,1.395999999999957,27,23,675,NORMAL,1.2999999999999676,1.3002620000159044,0.004,True,28
699,1.3979999999999568,27,24,675,NORMAL,1.2999999999999676,1.3002620000159044,0.002,True,28
700,1.3999999999999566,28,0,700,NORMAL,1.3499999999999621,1.3502554000820586,0.05,False,
701,1.4019999999999564,28,1,700,NORMAL,1.3499999999999621,1.3502554000820586,0.048,True,29
702,1.4039999999999562,28,2,700,NORMAL,1.3499999999999621,1.3502554000820586,0.046,True,29
703,1.405999999999956,28,3,700,NORMAL,1.3499999999999621,1.3502554000820586,0.044,True,29
704,1.4079999999999557,28,4,700,NORMAL,1.3499999999999621,1.3502554000820586,0.042,True,29
705,1.4099999999999555,28,5,700,NORMAL,1.3499999999999621,1.3502554000820586,0.04,True,29
706,1.4119999999999553,28,6,700,NORMAL,1.3499999999999621,1.3502554000820586,0.038,True,29
707,1.413999999999955,28,7,700,NORMAL,1.3499999999999621,1.3502554000820586,0.036000000000000004,True,29
708,1.4159999999999549,28,8,700,NORMAL,1.3499999999999621,1.3502554000820586,0.034,True,29
709,1.4179999999999546,28,9,700,NORMAL,1.3499999999999621,1.3502554000820586,0.032,True,29
710,1.4199999999999544,28,10,700,NORMAL,1.3499999999999621,1.3502554000820586,0.03,True,29
711,1.4219999999999542,28,11,700,NORMAL,1.3499999999999621,1.3502554000820586,0.028,True,29
712,1.423999999999954,28,12,700,NORMAL,1.3499999999999621,1.3502554000820586,0.026000000000000002,True,29
713,1.4259999999999537,28,13,700,NORMAL,1.3499999999999621,1.3502554000820586,0.024,True,29
714,1.4279999999999535,28,14,700,NORMAL,1.3499999999999621,1.3502554000820586,0.022,True,29
715,1.4299999999999533,28,15,700,NORMAL,1.3499999999999621,1.3502554000820586,0.02,True,29
716,1.431999999999953,28,16,700,NORMAL,1.3499999999999621,1.3502554000820586,0.018000000000000002,True,29
717,1.4339999999999529,28,17,700,NORMAL,1.3499999999999621,1.3502554000820586,0.016,True,29
718,1.4359999999999526,28,18,700,NORMAL,1.3499999999999621,1.3502554000820586,0.014,True,29
719,1.4379999999999524,28,19,700,NORMAL,1.3499999999999621,1.3502554000820586,0.012,True,29
720,1.4399999999999522,28,20,700,NORMAL,1.3499999999999621,1.3502554000820586,0.01,True,29
721,1.441999999999952,28,21,700,NORMAL,1.3499999999999621,1.3502554000820586,0.008,True,29
722,1.4439999999999518,28,22,700,NORMAL,1.3499999999999621,1.3502554000820586,0.006,True,29
723,1.4459999999999515,28,23,700,NORMAL,1.3499999999999621,1.3502554000820586,0.004,True,29
724,1.4479999999999513,28,24,700,NORMAL,1.3499999999999621,1.3502554000820586,0.002,True,29
725,1.449999999999951,29,0,725,NORMAL,1.3999999999999566,1.4002592999953343,0.05,False,
726,1.4519999999999509,29,1,725,NORMAL,1.3999999999999566,1.4002592999953343,0.048,True,30
727,1.4539999999999507,29,2,725,NORMAL,1.3999999999999566,1.4002592999953343,0.046,True,30
728,1.4559999999999504,29,3,725,NORMAL,1.3999999999999566,1.4002592999953343,0.044,True,30
729,1.4579999999999502,29,4,725,NORMAL,1.3999999999999566,1.4002592999953343,0.042,True,30
730,1.45999999999995,29,5,725,NORMAL,1.3999999999999566,1.4002592999953343,0.04,True,30
731,1.4619999999999498,29,6,725,NORMAL,1.3999999999999566,1.4002592999953343,0.038,True,30
732,1.4639999999999496,29,7,725,NORMAL,1.3999999999999566,1.4002592999953343,0.036000000000000004,True,30
733,1.4659999999999493,29,8,725,NORMAL,1.3999999999999566,1.4002592999953343,0.034,True,30
734,1.4679999999999491,29,9,725,NORMAL,1.3999999999999566,1.4002592999953343,0.032,True,30
735,1.469999999999949,29,10,725,NORMAL,1.3999999999999566,1.4002592999953343,0.03,True,30
736,1.4719999999999487,29,11,725,NORMAL,1.3999999999999566,1.4002592999953343,0.028,True,30
737,1.4739999999999485,29,12,725,NORMAL,1.3999999999999566,1.4002592999953343,0.026000000000000002,True,30
738,1.4759999999999482,29,13,725,NORMAL,1.3999999999999566,1.4002592999953343,0.024,True,30
739,1.477999999999948,29,14,725,NORMAL,1.3999999999999566,1.4002592999953343,0.022,True,30
740,1.4799999999999478,29,15,725,NORMAL,1.3999999999999566,1.4002592999953343,0.02,True,30
741,1.4819999999999476,29,16,725,NORMAL,1.3999999999999566,1.4002592999953343,0.018000000000000002,True,30
742,1.4839999999999474,29,17,725,NORMAL,1.3999999999999566,1.4002592999953343,0.016,True,30
743,1.4859999999999471,29,18,725,NORMAL,1.3999999999999566,1.4002592999953343,0.014,True,30
744,1.487999999999947,29,19,725,NORMAL,1.3999999999999566,1.4002592999953343,0.012,True,30
745,1.4899999999999467,29,20,725,NORMAL,1.3999999999999566,1.4002592999953343,0.01,True,30
746,1.4919999999999465,29,21,725,NORMAL,1.3999999999999566,1.4002592999953343,0.008,True,30
747,1.4939999999999463,29,22,725,NORMAL,1.3999999999999566,1.4002592999953343,0.006,True,30
748,1.495999999999946,29,23,725,NORMAL,1.3999999999999566,1.4002592999953343,0.004,True,30
749,1.4979999999999458,29,24,725,NORMAL,1.3999999999999566,1.4002592999953343,0.002,True,30
750,1.4999999999999456,30,0,750,CANDIDATE,1.449999999999951,1.450281900051001,0.05,False,
751,1.5019999999999454,30,1,750,CANDIDATE,1.449999999999951,1.450281900051001,0.048,True,31
752,1.5039999999999452,30,2,750,CANDIDATE,1.449999999999951,1.450281900051001,0.046,True,31
753,1.505999999999945,30,3,750,CANDIDATE,1.449999999999951,1.450281900051001,0.044,True,31
754,1.5079999999999447,30,4,750,CANDIDATE,1.449999999999951,1.450281900051001,0.042,True,31
755,1.5099999999999445,30,5,750,CANDIDATE,1.449999999999951,1.450281900051001,0.04,True,31
756,1.5119999999999443,30,6,750,CANDIDATE,1.449999999999951,1.450281900051001,0.038,True,31
757,1.513999999999944,30,7,750,CANDIDATE,1.449999999999951,1.450281900051001,0.036000000000000004,True,31
758,1.5159999999999438,30,8,750,CANDIDATE,1.449999999999951,1.450281900051001,0.034,True,31
759,1.5179999999999436,30,9,750,CANDIDATE,1.449999999999951,1.450281900051001,0.032,True,31
760,1.5199999999999434,30,10,750,CANDIDATE,1.449999999999951,1.450281900051001,0.03,True,31
761,1.5219999999999432,30,11,750,CANDIDATE,1.449999999999951,1.450281900051001,0.028,True,31
762,1.523999999999943,30,12,750,CANDIDATE,1.449999999999951,1.450281900051001,0.026000000000000002,True,31
763,1.5259999999999427,30,13,750,CANDIDATE,1.449999999999951,1.450281900051001,0.024,True,31
764,1.5279999999999425,30,14,750,CANDIDATE,1.449999999999951,1.450281900051001,0.022,True,31
765,1.5299999999999423,30,15,750,CANDIDATE,1.449999999999951,1.450281900051001,0.02,True,31
766,1.531999999999942,30,16,750,CANDIDATE,1.449999999999951,1.450281900051001,0.018000000000000002,True,31
767,1.5339999999999419,30,17,750,CANDIDATE,1.449999999999951,1.450281900051001,0.016,True,31
768,1.5359999999999416,30,18,750,CANDIDATE,1.449999999999951,1.450281900051001,0.014,True,31
769,1.5379999999999414,30,19,750,CANDIDATE,1.449999999999951,1.450281900051001,0.012,True,31
770,1.5399999999999412,30,20,750,CANDIDATE,1.449999999999951,1.450281900051001,0.01,True,31
771,1.541999999999941,30,21,750,CANDIDATE,1.449999999999951,1.450281900051001,0.008,True,31
772,1.5439999999999408,30,22,750,CANDIDATE,1.449999999999951,1.450281900051001,0.006,True,31
773,1.5459999999999405,30,23,750,CANDIDATE,1.449999999999951,1.450281900051001,0.004,True,31
774,1.5479999999999403,30,24,750,CANDIDATE,1.449999999999951,1.450281900051001,0.002,True,31
775,1.54999999999994,31,0,775,CANDIDATE,1.4999999999999456,1.500268199946677,0.05,False,
776,1.5519999999999399,31,1,775,CANDIDATE,1.4999999999999456,1.500268199946677,0.048,True,32
777,1.5539999999999397,31,2,775,CANDIDATE,1.4999999999999456,1.500268199946677,0.046,True,32
778,1.5559999999999394,31,3,775,CANDIDATE,1.4999999999999456,1.500268199946677,0.044,True,32
779,1.5579999999999392,31,4,775,CANDIDATE,1.4999999999999456,1.500268199946677,0.042,True,32
780,1.559999999999939,31,5,775,CANDIDATE,1.4999999999999456,1.500268199946677,0.04,True,32
781,1.5619999999999388,31,6,775,CANDIDATE,1.4999999999999456,1.500268199946677,0.038,True,32
782,1.5639999999999386,31,7,775,CANDIDATE,1.4999999999999456,1.500268199946677,0.036000000000000004,True,32
783,1.5659999999999383,31,8,775,CANDIDATE,1.4999999999999456,1.500268199946677,0.034,True,32
784,1.567999999999938,31,9,775,CANDIDATE,1.4999999999999456,1.500268199946677,0.032,True,32
785,1.569999999999938,31,10,775,CANDIDATE,1.4999999999999456,1.500268199946677,0.03,True,32
786,1.5719999999999377,31,11,775,CANDIDATE,1.4999999999999456,1.500268199946677,0.028,True,32
787,1.5739999999999374,31,12,775,CANDIDATE,1.4999999999999456,1.500268199946677,0.026000000000000002,True,32
788,1.5759999999999372,31,13,775,CANDIDATE,1.4999999999999456,1.500268199946677,0.024,True,32
789,1.577999999999937,31,14,775,CANDIDATE,1.4999999999999456,1.500268199946677,0.022,True,32
790,1.5799999999999368,31,15,775,CANDIDATE,1.4999999999999456,1.500268199946677,0.02,True,32
791,1.5819999999999366,31,16,775,CANDIDATE,1.4999999999999456,1.500268199946677,0.018000000000000002,True,32
792,1.5839999999999363,31,17,775,CANDIDATE,1.4999999999999456,1.500268199946677,0.016,True,32
793,1.5859999999999361,31,18,775,CANDIDATE,1.4999999999999456,1.500268199946677,0.014,True,32
794,1.587999999999936,31,19,775,CANDIDATE,1.4999999999999456,1.500268199946677,0.012,True,32
795,1.5899999999999357,31,20,775,CANDIDATE,1.4999999999999456,1.500268199946677,0.01,True,32
796,1.5919999999999355,31,21,775,CANDIDATE,1.4999999999999456,1.500268199946677,0.008,True,32
797,1.5939999999999352,31,22,775,CANDIDATE,1.4999999999999456,1.500268199946677,0.006,True,32
798,1.595999999999935,31,23,775,CANDIDATE,1.4999999999999456,1.500268199946677,0.004,True,32
799,1.5979999999999348,31,24,775,CANDIDATE,1.4999999999999456,1.500268199946677,0.002,True,32
800,1.5999999999999346,32,0,800,CANDIDATE,1.54999999999994,1.5502795000327152,0.05,False,
801,1.6019999999999344,32,1,800,CANDIDATE,1.54999999999994,1.5502795000327152,0.048,True,33
802,1.6039999999999341,32,2,800,CANDIDATE,1.54999999999994,1.5502795000327152,0.046,True,33
803,1.605999999999934,32,3,800,CANDIDATE,1.54999999999994,1.5502795000327152,0.044,True,33
804,1.6079999999999337,32,4,800,CANDIDATE,1.54999999999994,1.5502795000327152,0.042,True,33
805,1.6099999999999335,32,5,800,CANDIDATE,1.54999999999994,1.5502795000327152,0.04,True,33
806,1.6119999999999333,32,6,800,CANDIDATE,1.54999999999994,1.5502795000327152,0.038,True,33
807,1.613999999999933,32,7,800,CANDIDATE,1.54999999999994,1.5502795000327152,0.036000000000000004,True,33
808,1.6159999999999328,32,8,800,CANDIDATE,1.54999999999994,1.5502795000327152,0.034,True,33
809,1.6179999999999326,32,9,800,CANDIDATE,1.54999999999994,1.5502795000327152,0.032,True,33
810,1.6199999999999324,32,10,800,CANDIDATE,1.54999999999994,1.5502795000327152,0.03,True,33
811,1.6219999999999322,32,11,800,CANDIDATE,1.54999999999994,1.5502795000327152,0.028,True,33
812,1.623999999999932,32,12,800,CANDIDATE,1.54999999999994,1.5502795000327152,0.026000000000000002,True,33
813,1.6259999999999317,32,13,800,CANDIDATE,1.54999999999994,1.5502795000327152,0.024,True,33
814,1.6279999999999315,32,14,800,CANDIDATE,1.54999999999994,1.5502795000327152,0.022,True,33
815,1.6299999999999313,32,15,800,CANDIDATE,1.54999999999994,1.5502795000327152,0.02,True,33
816,1.631999999999931,32,16,800,CANDIDATE,1.54999999999994,1.5502795000327152,0.018000000000000002,True,33
817,1.6339999999999308,32,17,800,CANDIDATE,1.54999999999994,1.5502795000327152,0.016,True,33
818,1.6359999999999306,32,18,800,CANDIDATE,1.54999999999994,1.5502795000327152,0.014,True,33
819,1.6379999999999304,32,19,800,CANDIDATE,1.54999999999994,1.5502795000327152,0.012,True,33
820,1.6399999999999302,32,20,800,CANDIDATE,1.54999999999994,1.5502795000327152,0.01,True,33
821,1.64199999999993,32,21,800,CANDIDATE,1.54999999999994,1.5502795000327152,0.008,True,33
822,1.6439999999999297,32,22,800,CANDIDATE,1.54999999999994,1.5502795000327152,0.006,True,33
823,1.6459999999999295,32,23,800,CANDIDATE,1.54999999999994,1.5502795000327152,0.004,True,33
824,1.6479999999999293,32,24,800,CANDIDATE,1.54999999999994,1.5502795000327152,0.002,True,33
825,1.649999999999929,33,0,825,CANDIDATE,1.5999999999999346,1.6002625999040248,0.05,False,
826,1.6519999999999289,33,1,825,CANDIDATE,1.5999999999999346,1.6002625999040248,0.048,True,34
827,1.6539999999999286,33,2,825,CANDIDATE,1.5999999999999346,1.6002625999040248,0.046,True,34
828,1.6559999999999284,33,3,825,CANDIDATE,1.5999999999999346,1.6002625999040248,0.044,True,34
829,1.6579999999999282,33,4,825,CANDIDATE,1.5999999999999346,1.6002625999040248,0.042,True,34
830,1.659999999999928,33,5,825,CANDIDATE,1.5999999999999346,1.6002625999040248,0.04,True,34
831,1.6619999999999278,33,6,825,CANDIDATE,1.5999999999999346,1.6002625999040248,0.038,True,34
832,1.6639999999999275,33,7,825,CANDIDATE,1.5999999999999346,1.6002625999040248,0.036000000000000004,True,34
833,1.6659999999999273,33,8,825,CANDIDATE,1.5999999999999346,1.6002625999040248,0.034,True,34
834,1.667999999999927,33,9,825,CANDIDATE,1.5999999999999346,1.6002625999040248,0.032,True,34
835,1.6699999999999269,33,10,825,CANDIDATE,1.5999999999999346,1.6002625999040248,0.03,True,34
836,1.6719999999999267,33,11,825,CANDIDATE,1.5999999999999346,1.6002625999040248,0.028,True,34
837,1.6739999999999264,33,12,825,CANDIDATE,1.5999999999999346,1.6002625999040248,0.026000000000000002,True,34
838,1.6759999999999262,33,13,825,CANDIDATE,1.5999999999999346,1.6002625999040248,0.024,True,34
839,1.677999999999926,33,14,825,CANDIDATE,1.5999999999999346,1.6002625999040248,0.022,True,34
840,1.6799999999999258,33,15,825,CANDIDATE,1.5999999999999346,1.6002625999040248,0.02,True,34
841,1.6819999999999256,33,16,825,CANDIDATE,1.5999999999999346,1.6002625999040248,0.018000000000000002,True,34
842,1.6839999999999253,33,17,825,CANDIDATE,1.5999999999999346,1.6002625999040248,0.016,True,34
843,1.6859999999999251,33,18,825,CANDIDATE,1.5999999999999346,1.6002625999040248,0.014,True,34
844,1.687999999999925,33,19,825,CANDIDATE,1.5999999999999346,1.6002625999040248,0.012,True,34
845,1.6899999999999247,33,20,825,CANDIDATE,1.5999999999999346,1.6002625999040248,0.01,True,34
846,1.6919999999999245,33,21,825,CANDIDATE,1.5999999999999346,1.6002625999040248,0.008,True,34
847,1.6939999999999242,33,22,825,CANDIDATE,1.5999999999999346,1.6002625999040248,0.006,True,34
848,1.695999999999924,33,23,825,CANDIDATE,1.5999999999999346,1.6002625999040248,0.004,True,34
849,1.6979999999999238,33,24,825,CANDIDATE,1.5999999999999346,1.6002625999040248,0.002,True,34
850,1.6999999999999236,34,0,850,CANDIDATE,1.649999999999929,1.6502650000387094,0.05,False,
851,1.7019999999999234,34,1,850,CANDIDATE,1.649999999999929,1.6502650000387094,0.048,True,35
852,1.7039999999999231,34,2,850,CANDIDATE,1.649999999999929,1.6502650000387094,0.046,True,35
853,1.705999999999923,34,3,850,CANDIDATE,1.649999999999929,1.6502650000387094,0.044,True,35
854,1.7079999999999227,34,4,850,CANDIDATE,1.649999999999929,1.6502650000387094,0.042,True,35
855,1.7099999999999225,34,5,850,CANDIDATE,1.649999999999929,1.6502650000387094,0.04,True,35
856,1.7119999999999223,34,6,850,CANDIDATE,1.649999999999929,1.6502650000387094,0.038,True,35
857,1.713999999999922,34,7,850,CANDIDATE,1.649999999999929,1.6502650000387094,0.036000000000000004,True,35
858,1.7159999999999218,34,8,850,CANDIDATE,1.649999999999929,1.6502650000387094,0.034,True,35
859,1.7179999999999216,34,9,850,CANDIDATE,1.649999999999929,1.6502650000387094,0.032,True,35
860,1.7199999999999214,34,10,850,CANDIDATE,1.649999999999929,1.6502650000387094,0.03,True,35
861,1.7219999999999211,34,11,850,CANDIDATE,1.649999999999929,1.6502650000387094,0.028,True,35
862,1.723999999999921,34,12,850,CANDIDATE,1.649999999999929,1.6502650000387094,0.026000000000000002,True,35
863,1.7259999999999207,34,13,850,CANDIDATE,1.649999999999929,1.6502650000387094,0.024,True,35
864,1.7279999999999205,34,14,850,CANDIDATE,1.649999999999929,1.6502650000387094,0.022,True,35
865,1.7299999999999203,34,15,850,CANDIDATE,1.649999999999929,1.6502650000387094,0.02,True,35
866,1.73199999999992,34,16,850,CANDIDATE,1.649999999999929,1.6502650000387094,0.018000000000000002,True,35
867,1.7339999999999198,34,17,850,CANDIDATE,1.649999999999929,1.6502650000387094,0.016,True,35
868,1.7359999999999196,34,18,850,CANDIDATE,1.649999999999929,1.6502650000387094,0.014,True,35
869,1.7379999999999194,34,19,850,CANDIDATE,1.649999999999929,1.6502650000387094,0.012,True,35
870,1.7399999999999192,34,20,850,CANDIDATE,1.649999999999929,1.6502650000387094,0.01,True,35
871,1.741999999999919,34,21,850,CANDIDATE,1.649999999999929,1.6502650000387094,0.008,True,35
872,1.7439999999999187,34,22,850,CANDIDATE,1.649999999999929,1.6502650000387094,0.006,True,35
873,1.7459999999999185,34,23,850,CANDIDATE,1.649999999999929,1.6502650000387094,0.004,True,35
874,1.7479999999999183,34,24,850,CANDIDATE,1.649999999999929,1.6502650000387094,0.002,True,35
875,1.749999999999918,35,0,875,CANDIDATE,1.6999999999999236,1.7003382000140081,0.05,False,
876,1.7519999999999178,35,1,875,CANDIDATE,1.6999999999999236,1.7003382000140081,0.048,True,36
877,1.7539999999999176,35,2,875,CANDIDATE,1.6999999999999236,1.7003382000140081,0.046,True,36
878,1.7559999999999174,35,3,875,CANDIDATE,1.6999999999999236,1.7003382000140081,0.044,True,36
879,1.7579999999999172,35,4,875,CANDIDATE,1.6999999999999236,1.7003382000140081,0.042,True,36
880,1.759999999999917,35,5,875,CANDIDATE,1.6999999999999236,1.7003382000140081,0.04,True,36
881,1.7619999999999167,35,6,875,CANDIDATE,1.6999999999999236,1.7003382000140081,0.038,True,36
882,1.7639999999999165,35,7,875,CANDIDATE,1.6999999999999236,1.7003382000140081,0.036000000000000004,True,36
883,1.7659999999999163,35,8,875,CANDIDATE,1.6999999999999236,1.7003382000140081,0.034,True,36
884,1.767999999999916,35,9,875,CANDIDATE,1.6999999999999236,1.7003382000140081,0.032,True,36
885,1.7699999999999159,35,10,875,CANDIDATE,1.6999999999999236,1.7003382000140081,0.03,True,36
886,1.7719999999999156,35,11,875,CANDIDATE,1.6999999999999236,1.7003382000140081,0.028,True,36
887,1.7739999999999154,35,12,875,CANDIDATE,1.6999999999999236,1.7003382000140081,0.026000000000000002,True,36
888,1.7759999999999152,35,13,875,CANDIDATE,1.6999999999999236,1.7003382000140081,0.024,True,36
889,1.777999999999915,35,14,875,CANDIDATE,1.6999999999999236,1.7003382000140081,0.022,True,36
890,1.7799999999999148,35,15,875,CANDIDATE,1.6999999999999236,1.7003382000140081,0.02,True,36
891,1.7819999999999145,35,16,875,CANDIDATE,1.6999999999999236,1.7003382000140081,0.018000000000000002,True,36
892,1.7839999999999143,35,17,875,CANDIDATE,1.6999999999999236,1.7003382000140081,0.016,True,36
893,1.785999999999914,35,18,875,CANDIDATE,1.6999999999999236,1.7003382000140081,0.014,True,36
894,1.7879999999999139,35,19,875,CANDIDATE,1.6999999999999236,1.7003382000140081,0.012,True,36
895,1.7899999999999137,35,20,875,CANDIDATE,1.6999999999999236,1.7003382000140081,0.01,True,36
896,1.7919999999999134,35,21,875,CANDIDATE,1.6999999999999236,1.7003382000140081,0.008,True,36
897,1.7939999999999132,35,22,875,CANDIDATE,1.6999999999999236,1.7003382000140081,0.006,True,36
898,1.795999999999913,35,23,875,CANDIDATE,1.6999999999999236,1.7003382000140081,0.004,True,36
899,1.7979999999999128,35,24,875,CANDIDATE,1.6999999999999236,1.7003382000140081,0.002,True,36
900,1.7999999999999126,36,0,900,CANDIDATE,1.749999999999918,1.7502686999504566,0.05,False,
901,1.8019999999999123,36,1,900,CANDIDATE,1.749999999999918,1.7502686999504566,0.048,True,37
902,1.8039999999999121,36,2,900,CANDIDATE,1.749999999999918,1.7502686999504566,0.046,True,37
903,1.805999999999912,36,3,900,CANDIDATE,1.749999999999918,1.7502686999504566,0.044,True,37
904,1.8079999999999117,36,4,900,CANDIDATE,1.749999999999918,1.7502686999504566,0.042,True,37
905,1.8099999999999115,36,5,900,CANDIDATE,1.749999999999918,1.7502686999504566,0.04,True,37
906,1.8119999999999112,36,6,900,CANDIDATE,1.749999999999918,1.7502686999504566,0.038,True,37
907,1.813999999999911,36,7,900,CANDIDATE,1.749999999999918,1.7502686999504566,0.036000000000000004,True,37
908,1.8159999999999108,36,8,900,CANDIDATE,1.749999999999918,1.7502686999504566,0.034,True,37
909,1.8179999999999106,36,9,900,CANDIDATE,1.749999999999918,1.7502686999504566,0.032,True,37
910,1.8199999999999104,36,10,900,CANDIDATE,1.749999999999918,1.7502686999504566,0.03,True,37
911,1.8219999999999101,36,11,900,CANDIDATE,1.749999999999918,1.7502686999504566,0.028,True,37
912,1.82399999999991,36,12,900,CANDIDATE,1.749999999999918,1.7502686999504566,0.026000000000000002,True,37
913,1.8259999999999097,36,13,900,CANDIDATE,1.749999999999918,1.7502686999504566,0.024,True,37
914,1.8279999999999095,36,14,900,CANDIDATE,1.749999999999918,1.7502686999504566,0.022,True,37
915,1.8299999999999093,36,15,900,CANDIDATE,1.749999999999918,1.7502686999504566,0.02,True,37
916,1.831999999999909,36,16,900,CANDIDATE,1.749999999999918,1.7502686999504566,0.018000000000000002,True,37
917,1.8339999999999088,36,17,900,CANDIDATE,1.749999999999918,1.7502686999504566,0.016,True,37
918,1.8359999999999086,36,18,900,CANDIDATE,1.749999999999918,1.7502686999504566,0.014,True,37
919,1.8379999999999084,36,19,900,CANDIDATE,1.749999999999918,1.7502686999504566,0.012,True,37
920,1.8399999999999082,36,20,900,CANDIDATE,1.749999999999918,1.7502686999504566,0.01,True,37
921,1.841999999999908,36,21,900,CANDIDATE,1.749999999999918,1.7502686999504566,0.008,True,37
922,1.8439999999999077,36,22,900,CANDIDATE,1.749999999999918,1.7502686999504566,0.006,True,37
923,1.8459999999999075,36,23,900,CANDIDATE,1.749999999999918,1.7502686999504566,0.004,True,37
924,1.8479999999999073,36,24,900,CANDIDATE,1.749999999999918,1.7502686999504566,0.002,True,37
925,1.849999999999907,37,0,925,CANDIDATE,1.7999999999999126,1.8002588999922444,0.05,False,
926,1.8519999999999068,37,1,925,CANDIDATE,1.7999999999999126,1.8002588999922444,0.048,True,38
927,1.8539999999999066,37,2,925,CANDIDATE,1.7999999999999126,1.8002588999922444,0.046,True,38
928,1.8559999999999064,37,3,925,CANDIDATE,1.7999999999999126,1.8002588999922444,0.044,True,38
929,1.8579999999999062,37,4,925,CANDIDATE,1.7999999999999126,1.8002588999922444,0.042,True,38
930,1.859999999999906,37,5,925,CANDIDATE,1.7999999999999126,1.8002588999922444,0.04,True,38
931,1.8619999999999057,37,6,925,CANDIDATE,1.7999999999999126,1.8002588999922444,0.038,True,38
932,1.8639999999999055,37,7,925,CANDIDATE,1.7999999999999126,1.8002588999922444,0.036000000000000004,True,38
933,1.8659999999999053,37,8,925,CANDIDATE,1.7999999999999126,1.8002588999922444,0.034,True,38
934,1.867999999999905,37,9,925,CANDIDATE,1.7999999999999126,1.8002588999922444,0.032,True,38
935,1.8699999999999048,37,10,925,CANDIDATE,1.7999999999999126,1.8002588999922444,0.03,True,38
936,1.8719999999999046,37,11,925,CANDIDATE,1.7999999999999126,1.8002588999922444,0.028,True,38
937,1.8739999999999044,37,12,925,CANDIDATE,1.7999999999999126,1.8002588999922444,0.026000000000000002,True,38
938,1.8759999999999042,37,13,925,CANDIDATE,1.7999999999999126,1.8002588999922444,0.024,True,38
939,1.877999999999904,37,14,925,CANDIDATE,1.7999999999999126,1.8002588999922444,0.022,True,38
940,1.8799999999999037,37,15,925,CANDIDATE,1.7999999999999126,1.8002588999922444,0.02,True,38
941,1.8819999999999035,37,16,925,CANDIDATE,1.7999999999999126,1.8002588999922444,0.018000000000000002,True,38
942,1.8839999999999033,37,17,925,CANDIDATE,1.7999999999999126,1.8002588999922444,0.016,True,38
943,1.885999999999903,37,18,925,CANDIDATE,1.7999999999999126,1.8002588999922444,0.014,True,38
944,1.8879999999999029,37,19,925,CANDIDATE,1.7999999999999126,1.8002588999922444,0.012,True,38
945,1.8899999999999026,37,20,925,CANDIDATE,1.7999999999999126,1.8002588999922444,0.01,True,38
946,1.8919999999999024,37,21,925,CANDIDATE,1.7999999999999126,1.8002588999922444,0.008,True,38
947,1.8939999999999022,37,22,925,CANDIDATE,1.7999999999999126,1.8002588999922444,0.006,True,38
948,1.895999999999902,37,23,925,CANDIDATE,1.7999999999999126,1.8002588999922444,0.004,True,38
949,1.8979999999999018,37,24,925,CANDIDATE,1.7999999999999126,1.8002588999922444,0.002,True,38
950,1.8999999999999015,38,0,950,CANDIDATE,1.849999999999907,1.8502587999914775,0.05,False,
951,1.9019999999999013,38,1,950,CANDIDATE,1.849999999999907,1.8502587999914775,0.048,True,39
952,1.903999999999901,38,2,950,CANDIDATE,1.849999999999907,1.8502587999914775,0.046,True,39
953,1.9059999999999009,38,3,950,CANDIDATE,1.849999999999907,1.8502587999914775,0.044,True,39
954,1.9079999999999007,38,4,950,CANDIDATE,1.849999999999907,1.8502587999914775,0.042,True,39
955,1.9099999999999004,38,5,950,CANDIDATE,1.849999999999907,1.8502587999914775,0.04,True,39
956,1.9119999999999002,38,6,950,CANDIDATE,1.849999999999907,1.8502587999914775,0.038,True,39
957,1.9139999999999,38,7,950,CANDIDATE,1.849999999999907,1.8502587999914775,0.036000000000000004,True,39
958,1.9159999999998998,38,8,950,CANDIDATE,1.849999999999907,1.8502587999914775,0.034,True,39
959,1.9179999999998996,38,9,950,CANDIDATE,1.849999999999907,1.8502587999914775,0.032,True,39
960,1.9199999999998993,38,10,950,CANDIDATE,1.849999999999907,1.8502587999914775,0.03,True,39
961,1.9219999999998991,38,11,950,CANDIDATE,1.849999999999907,1.8502587999914775,0.028,True,39
962,1.923999999999899,38,12,950,CANDIDATE,1.849999999999907,1.8502587999914775,0.026000000000000002,True,39
963,1.9259999999998987,38,13,950,CANDIDATE,1.849999999999907,1.8502587999914775,0.024,True,39
964,1.9279999999998985,38,14,950,CANDIDATE,1.849999999999907,1.8502587999914775,0.022,True,39
965,1.9299999999998982,38,15,950,CANDIDATE,1.849999999999907,1.8502587999914775,0.02,True,39
966,1.931999999999898,38,16,950,CANDIDATE,1.849999999999907,1.8502587999914775,0.018000000000000002,True,39
967,1.9339999999998978,38,17,950,CANDIDATE,1.849999999999907,1.8502587999914775,0.016,True,39
968,1.9359999999998976,38,18,950,CANDIDATE,1.849999999999907,1.8502587999914775,0.014,True,39
969,1.9379999999998974,38,19,950,CANDIDATE,1.849999999999907,1.8502587999914775,0.012,True,39
970,1.9399999999998971,38,20,950,CANDIDATE,1.849999999999907,1.8502587999914775,0.01,True,39
971,1.941999999999897,38,21,950,CANDIDATE,1.849999999999907,1.8502587999914775,0.008,True,39
972,1.9439999999998967,38,22,950,CANDIDATE,1.849999999999907,1.8502587999914775,0.006,True,39
973,1.9459999999998965,38,23,950,CANDIDATE,1.849999999999907,1.8502587999914775,0.004,True,39
974,1.9479999999998963,38,24,950,CANDIDATE,1.849999999999907,1.8502587999914775,0.002,True,39
975,1.949999999999896,39,0,975,LIGHTWEIGHT,1.8999999999999015,1.9007430999538808,0.05,False,
976,1.9519999999998958,39,1,975,LIGHTWEIGHT,1.8999999999999015,1.9007430999538808,0.048,True,40
977,1.9539999999998956,39,2,975,LIGHTWEIGHT,1.8999999999999015,1.9007430999538808,0.046,True,40
978,1.9559999999998954,39,3,975,LIGHTWEIGHT,1.8999999999999015,1.9007430999538808,0.044,True,40
979,1.9579999999998952,39,4,975,LIGHTWEIGHT,1.8999999999999015,1.9007430999538808,0.042,True,40
980,1.959999999999895,39,5,975,LIGHTWEIGHT,1.8999999999999015,1.9007430999538808,0.04,True,40
981,1.9619999999998947,39,6,975,LIGHTWEIGHT,1.8999999999999015,1.9007430999538808,0.038,True,40
982,1.9639999999998945,39,7,975,LIGHTWEIGHT,1.8999999999999015,1.9007430999538808,0.036000000000000004,True,40
983,1.9659999999998943,39,8,975,LIGHTWEIGHT,1.8999999999999015,1.9007430999538808,0.034,True,40
984,1.967999999999894,39,9,975,LIGHTWEIGHT,1.8999999999999015,1.9007430999538808,0.032,True,40
985,1.9699999999998938,39,10,975,LIGHTWEIGHT,1.8999999999999015,1.9007430999538808,0.03,True,40
986,1.9719999999998936,39,11,975,LIGHTWEIGHT,1.8999999999999015,1.9007430999538808,0.028,True,40
987,1.9739999999998934,39,12,975,LIGHTWEIGHT,1.8999999999999015,1.9007430999538808,0.026000000000000002,True,40
988,1.9759999999998932,39,13,975,LIGHTWEIGHT,1.8999999999999015,1.9007430999538808,0.024,True,40
989,1.977999999999893,39,14,975,LIGHTWEIGHT,1.8999999999999015,1.9007430999538808,0.022,True,40
990,1.9799999999998927,39,15,975,LIGHTWEIGHT,1.8999999999999015,1.9007430999538808,0.02,True,40
991,1.9819999999998925,39,16,975,LIGHTWEIGHT,1.8999999999999015,1.9007430999538808,0.018000000000000002,True,40
992,1.9839999999998923,39,17,975,LIGHTWEIGHT,1.8999999999999015,1.9007430999538808,0.016,True,40
993,1.985999999999892,39,18,975,LIGHTWEIGHT,1.8999999999999015,1.9007430999538808,0.014,True,40
994,1.9879999999998919,39,19,975,LIGHTWEIGHT,1.8999999999999015,1.9007430999538808,0.012,True,40
995,1.9899999999998916,39,20,975,LIGHTWEIGHT,1.8999999999999015,1.9007430999538808,0.01,True,40
996,1.9919999999998914,39,21,975,LIGHTWEIGHT,1.8999999999999015,1.9007430999538808,0.008,True,40
997,1.9939999999998912,39,22,975,LIGHTWEIGHT,1.8999999999999015,1.9007430999538808,0.006,True,40
998,1.995999999999891,39,23,975,LIGHTWEIGHT,1.8999999999999015,1.9007430999538808,0.004,True,40
999,1.9979999999998908,39,24,975,LIGHTWEIGHT,1.8999999999999015,1.9007430999538808,0.002,True,40
1000,1.9999999999998905,40,0,1000,LIGHTWEIGHT,1.949999999999896,1.9502686999504346,0.05,False,
1001,2.0019999999998905,40,1,1000,LIGHTWEIGHT,1.949999999999896,1.9502686999504346,0.048,True,41
1002,2.0039999999998903,40,2,1000,LIGHTWEIGHT,1.949999999999896,1.9502686999504346,0.046,True,41
1003,2.00599999999989,40,3,1000,LIGHTWEIGHT,1.949999999999896,1.9502686999504346,0.044,True,41
1004,2.00799999999989,40,4,1000,LIGHTWEIGHT,1.949999999999896,1.9502686999504346,0.042,True,41
1005,2.0099999999998897,40,5,1000,LIGHTWEIGHT,1.949999999999896,1.9502686999504346,0.04,True,41
1006,2.0119999999998894,40,6,1000,LIGHTWEIGHT,1.949999999999896,1.9502686999504346,0.038,True,41
1007,2.013999999999889,40,7,1000,LIGHTWEIGHT,1.949999999999896,1.9502686999504346,0.036000000000000004,True,41
1008,2.015999999999889,40,8,1000,LIGHTWEIGHT,1.949999999999896,1.9502686999504346,0.034,True,41
1009,2.0179999999998888,40,9,1000,LIGHTWEIGHT,1.949999999999896,1.9502686999504346,0.032,True,41
1010,2.0199999999998886,40,10,1000,LIGHTWEIGHT,1.949999999999896,1.9502686999504346,0.03,True,41
1011,2.0219999999998883,40,11,1000,LIGHTWEIGHT,1.949999999999896,1.9502686999504346,0.028,True,41
1012,2.023999999999888,40,12,1000,LIGHTWEIGHT,1.949999999999896,1.9502686999504346,0.026000000000000002,True,41
1013,2.025999999999888,40,13,1000,LIGHTWEIGHT,1.949999999999896,1.9502686999504346,0.024,True,41
1014,2.0279999999998877,40,14,1000,LIGHTWEIGHT,1.949999999999896,1.9502686999504346,0.022,True,41
1015,2.0299999999998875,40,15,1000,LIGHTWEIGHT,1.949999999999896,1.9502686999504346,0.02,True,41
1016,2.0319999999998872,40,16,1000,LIGHTWEIGHT,1.949999999999896,1.9502686999504346,0.018000000000000002,True,41
1017,2.033999999999887,40,17,1000,LIGHTWEIGHT,1.949999999999896,1.9502686999504346,0.016,True,41
1018,2.035999999999887,40,18,1000,LIGHTWEIGHT,1.949999999999896,1.9502686999504346,0.014,True,41
1019,2.0379999999998866,40,19,1000,LIGHTWEIGHT,1.949999999999896,1.9502686999504346,0.012,True,41
1020,2.0399999999998863,40,20,1000,LIGHTWEIGHT,1.949999999999896,1.9502686999504346,0.01,True,41
1021,2.041999999999886,40,21,1000,LIGHTWEIGHT,1.949999999999896,1.9502686999504346,0.008,True,41
1022,2.043999999999886,40,22,1000,LIGHTWEIGHT,1.949999999999896,1.9502686999504346,0.006,True,41
1023,2.0459999999998857,40,23,1000,LIGHTWEIGHT,1.949999999999896,1.9502686999504346,0.004,True,41
1024,2.0479999999998855,40,24,1000,LIGHTWEIGHT,1.949999999999896,1.9502686999504346,0.002,True,41
1025,2.0499999999998852,41,0,1025,LIGHTWEIGHT,1.9999999999998905,2.000285399961176,0.05,False,
1026,2.051999999999885,41,1,1025,LIGHTWEIGHT,1.9999999999998905,2.000285399961176,0.048,True,42
1027,2.053999999999885,41,2,1025,LIGHTWEIGHT,1.9999999999998905,2.000285399961176,0.046,True,42
1028,2.0559999999998846,41,3,1025,LIGHTWEIGHT,1.9999999999998905,2.000285399961176,0.044,True,42
1029,2.0579999999998844,41,4,1025,LIGHTWEIGHT,1.9999999999998905,2.000285399961176,0.042,True,42
1030,2.059999999999884,41,5,1025,LIGHTWEIGHT,1.9999999999998905,2.000285399961176,0.04,True,42
1031,2.061999999999884,41,6,1025,LIGHTWEIGHT,1.9999999999998905,2.000285399961176,0.038,True,42
1032,2.0639999999998837,41,7,1025,LIGHTWEIGHT,1.9999999999998905,2.000285399961176,0.036000000000000004,True,42
1033,2.0659999999998835,41,8,1025,LIGHTWEIGHT,1.9999999999998905,2.000285399961176,0.034,True,42
1034,2.0679999999998833,41,9,1025,LIGHTWEIGHT,1.9999999999998905,2.000285399961176,0.032,True,42
1035,2.069999999999883,41,10,1025,LIGHTWEIGHT,1.9999999999998905,2.000285399961176,0.03,True,42
1036,2.071999999999883,41,11,1025,LIGHTWEIGHT,1.9999999999998905,2.000285399961176,0.028,True,42
1037,2.0739999999998826,41,12,1025,LIGHTWEIGHT,1.9999999999998905,2.000285399961176,0.026000000000000002,True,42
1038,2.0759999999998824,41,13,1025,LIGHTWEIGHT,1.9999999999998905,2.000285399961176,0.024,True,42
1039,2.077999999999882,41,14,1025,LIGHTWEIGHT,1.9999999999998905,2.000285399961176,0.022,True,42
1040,2.079999999999882,41,15,1025,LIGHTWEIGHT,1.9999999999998905,2.000285399961176,0.02,True,42
1041,2.0819999999998817,41,16,1025,LIGHTWEIGHT,1.9999999999998905,2.000285399961176,0.018000000000000002,True,42
1042,2.0839999999998815,41,17,1025,LIGHTWEIGHT,1.9999999999998905,2.000285399961176,0.016,True,42
1043,2.0859999999998813,41,18,1025,LIGHTWEIGHT,1.9999999999998905,2.000285399961176,0.014,True,42
1044,2.087999999999881,41,19,1025,LIGHTWEIGHT,1.9999999999998905,2.000285399961176,0.012,True,42
1045,2.089999999999881,41,20,1025,LIGHTWEIGHT,1.9999999999998905,2.000285399961176,0.01,True,42
1046,2.0919999999998806,41,21,1025,LIGHTWEIGHT,1.9999999999998905,2.000285399961176,0.008,True,42
1047,2.0939999999998804,41,22,1025,LIGHTWEIGHT,1.9999999999998905,2.000285399961176,0.006,True,42
1048,2.09599999999988,41,23,1025,LIGHTWEIGHT,1.9999999999998905,2.000285399961176,0.004,True,42
1049,2.09799999999988,41,24,1025,LIGHTWEIGHT,1.9999999999998905,2.000285399961176,0.002,True,42
1050,2.0999999999998797,42,0,1050,LIGHTWEIGHT,2.0499999999998852,2.050352799892311,0.05,False,
1051,2.1019999999998795,42,1,1050,LIGHTWEIGHT,2.0499999999998852,2.050352799892311,0.048,True,43
1052,2.1039999999998793,42,2,1050,LIGHTWEIGHT,2.0499999999998852,2.050352799892311,0.046,True,43
1053,2.105999999999879,42,3,1050,LIGHTWEIGHT,2.0499999999998852,2.050352799892311,0.044,True,43
1054,2.107999999999879,42,4,1050,LIGHTWEIGHT,2.0499999999998852,2.050352799892311,0.042,True,43
1055,2.1099999999998786,42,5,1050,LIGHTWEIGHT,2.0499999999998852,2.050352799892311,0.04,True,43
1056,2.1119999999998784,42,6,1050,LIGHTWEIGHT,2.0499999999998852,2.050352799892311,0.038,True,43
1057,2.113999999999878,42,7,1050,LIGHTWEIGHT,2.0499999999998852,2.050352799892311,0.036000000000000004,True,43
1058,2.115999999999878,42,8,1050,LIGHTWEIGHT,2.0499999999998852,2.050352799892311,0.034,True,43
1059,2.1179999999998778,42,9,1050,LIGHTWEIGHT,2.0499999999998852,2.050352799892311,0.032,True,43
1060,2.1199999999998775,42,10,1050,LIGHTWEIGHT,2.0499999999998852,2.050352799892311,0.03,True,43
1061,2.1219999999998773,42,11,1050,LIGHTWEIGHT,2.0499999999998852,2.050352799892311,0.028,True,43
1062,2.123999999999877,42,12,1050,LIGHTWEIGHT,2.0499999999998852,2.050352799892311,0.026000000000000002,True,43
1063,2.125999999999877,42,13,1050,LIGHTWEIGHT,2.0499999999998852,2.050352799892311,0.024,True,43
1064,2.1279999999998767,42,14,1050,LIGHTWEIGHT,2.0499999999998852,2.050352799892311,0.022,True,43
1065,2.1299999999998764,42,15,1050,LIGHTWEIGHT,2.0499999999998852,2.050352799892311,0.02,True,43
1066,2.131999999999876,42,16,1050,LIGHTWEIGHT,2.0499999999998852,2.050352799892311,0.018000000000000002,True,43
1067,2.133999999999876,42,17,1050,LIGHTWEIGHT,2.0499999999998852,2.050352799892311,0.016,True,43
1068,2.1359999999998758,42,18,1050,LIGHTWEIGHT,2.0499999999998852,2.050352799892311,0.014,True,43
1069,2.1379999999998756,42,19,1050,LIGHTWEIGHT,2.0499999999998852,2.050352799892311,0.012,True,43
1070,2.1399999999998753,42,20,1050,LIGHTWEIGHT,2.0499999999998852,2.050352799892311,0.01,True,43
1071,2.141999999999875,42,21,1050,LIGHTWEIGHT,2.0499999999998852,2.050352799892311,0.008,True,43
1072,2.143999999999875,42,22,1050,LIGHTWEIGHT,2.0499999999998852,2.050352799892311,0.006,True,43
1073,2.1459999999998747,42,23,1050,LIGHTWEIGHT,2.0499999999998852,2.050352799892311,0.004,True,43
1074,2.1479999999998745,42,24,1050,LIGHTWEIGHT,2.0499999999998852,2.050352799892311,0.002,True,43
1075,2.1499999999998742,43,0,1075,LIGHTWEIGHT,2.0999999999998797,2.1002702000782554,0.05,False,
1076,2.151999999999874,43,1,1075,LIGHTWEIGHT,2.0999999999998797,2.1002702000782554,0.048,True,44
1077,2.153999999999874,43,2,1075,LIGHTWEIGHT,2.0999999999998797,2.1002702000782554,0.046,True,44
1078,2.1559999999998736,43,3,1075,LIGHTWEIGHT,2.0999999999998797,2.1002702000782554,0.044,True,44
1079,2.1579999999998734,43,4,1075,LIGHTWEIGHT,2.0999999999998797,2.1002702000782554,0.042,True,44
1080,2.159999999999873,43,5,1075,LIGHTWEIGHT,2.0999999999998797,2.1002702000782554,0.04,True,44
1081,2.161999999999873,43,6,1075,LIGHTWEIGHT,2.0999999999998797,2.1002702000782554,0.038,True,44
1082,2.1639999999998727,43,7,1075,LIGHTWEIGHT,2.0999999999998797,2.1002702000782554,0.036000000000000004,True,44
1083,2.1659999999998725,43,8,1075,LIGHTWEIGHT,2.0999999999998797,2.1002702000782554,0.034,True,44
1084,2.1679999999998723,43,9,1075,LIGHTWEIGHT,2.0999999999998797,2.1002702000782554,0.032,True,44
1085,2.169999999999872,43,10,1075,LIGHTWEIGHT,2.0999999999998797,2.1002702000782554,0.03,True,44
1086,2.171999999999872,43,11,1075,LIGHTWEIGHT,2.0999999999998797,2.1002702000782554,0.028,True,44
1087,2.1739999999998716,43,12,1075,LIGHTWEIGHT,2.0999999999998797,2.1002702000782554,0.026000000000000002,True,44
1088,2.1759999999998714,43,13,1075,LIGHTWEIGHT,2.0999999999998797,2.1002702000782554,0.024,True,44
1089,2.177999999999871,43,14,1075,LIGHTWEIGHT,2.0999999999998797,2.1002702000782554,0.022,True,44
1090,2.179999999999871,43,15,1075,LIGHTWEIGHT,2.0999999999998797,2.1002702000782554,0.02,True,44
1091,2.1819999999998707,43,16,1075,LIGHTWEIGHT,2.0999999999998797,2.1002702000782554,0.018000000000000002,True,44
1092,2.1839999999998705,43,17,1075,LIGHTWEIGHT,2.0999999999998797,2.1002702000782554,0.016,True,44
1093,2.1859999999998703,43,18,1075,LIGHTWEIGHT,2.0999999999998797,2.1002702000782554,0.014,True,44
1094,2.18799999999987,43,19,1075,LIGHTWEIGHT,2.0999999999998797,2.1002702000782554,0.012,True,44
1095,2.18999999999987,43,20,1075,LIGHTWEIGHT,2.0999999999998797,2.1002702000782554,0.01,True,44
1096,2.1919999999998696,43,21,1075,LIGHTWEIGHT,2.0999999999998797,2.1002702000782554,0.008,True,44
1097,2.1939999999998694,43,22,1075,LIGHTWEIGHT,2.0999999999998797,2.1002702000782554,0.006,True,44
1098,2.195999999999869,43,23,1075,LIGHTWEIGHT,2.0999999999998797,2.1002702000782554,0.004,True,44
1099,2.197999999999869,43,24,1075,LIGHTWEIGHT,2.0999999999998797,2.1002702000782554,0.002,True,44
1100,2.1999999999998687,44,0,1100,LIGHTWEIGHT,2.1499999999998742,2.150271199969449,0.05,False,
1101,2.2019999999998685,44,1,1100,LIGHTWEIGHT,2.1499999999998742,2.150271199969449,0.048,True,45
1102,2.2039999999998683,44,2,1100,LIGHTWEIGHT,2.1499999999998742,2.150271199969449,0.046,True,45
1103,2.205999999999868,44,3,1100,LIGHTWEIGHT,2.1499999999998742,2.150271199969449,0.044,True,45
1104,2.207999999999868,44,4,1100,LIGHTWEIGHT,2.1499999999998742,2.150271199969449,0.042,True,45
1105,2.2099999999998676,44,5,1100,LIGHTWEIGHT,2.1499999999998742,2.150271199969449,0.04,True,45
1106,2.2119999999998674,44,6,1100,LIGHTWEIGHT,2.1499999999998742,2.150271199969449,0.038,True,45
1107,2.213999999999867,44,7,1100,LIGHTWEIGHT,2.1499999999998742,2.150271199969449,0.036000000000000004,True,45
1108,2.215999999999867,44,8,1100,LIGHTWEIGHT,2.1499999999998742,2.150271199969449,0.034,True,45
1109,2.2179999999998667,44,9,1100,LIGHTWEIGHT,2.1499999999998742,2.150271199969449,0.032,True,45
1110,2.2199999999998665,44,10,1100,LIGHTWEIGHT,2.1499999999998742,2.150271199969449,0.03,True,45
1111,2.2219999999998663,44,11,1100,LIGHTWEIGHT,2.1499999999998742,2.150271199969449,0.028,True,45
1112,2.223999999999866,44,12,1100,LIGHTWEIGHT,2.1499999999998742,2.150271199969449,0.026000000000000002,True,45
1113,2.225999999999866,44,13,1100,LIGHTWEIGHT,2.1499999999998742,2.150271199969449,0.024,True,45
1114,2.2279999999998656,44,14,1100,LIGHTWEIGHT,2.1499999999998742,2.150271199969449,0.022,True,45
1115,2.2299999999998654,44,15,1100,LIGHTWEIGHT,2.1499999999998742,2.150271199969449,0.02,True,45
1116,2.231999999999865,44,16,1100,LIGHTWEIGHT,2.1499999999998742,2.150271199969449,0.018000000000000002,True,45
1117,2.233999999999865,44,17,1100,LIGHTWEIGHT,2.1499999999998742,2.150271199969449,0.016,True,45
1118,2.2359999999998648,44,18,1100,LIGHTWEIGHT,2.1499999999998742,2.150271199969449,0.014,True,45
1119,2.2379999999998645,44,19,1100,LIGHTWEIGHT,2.1499999999998742,2.150271199969449,0.012,True,45
1120,2.2399999999998643,44,20,1100,LIGHTWEIGHT,2.1499999999998742,2.150271199969449,0.01,True,45
1121,2.241999999999864,44,21,1100,LIGHTWEIGHT,2.1499999999998742,2.150271199969449,0.008,True,45
1122,2.243999999999864,44,22,1100,LIGHTWEIGHT,2.1499999999998742,2.150271199969449,0.006,True,45
1123,2.2459999999998637,44,23,1100,LIGHTWEIGHT,2.1499999999998742,2.150271199969449,0.004,True,45
1124,2.2479999999998634,44,24,1100,LIGHTWEIGHT,2.1499999999998742,2.150271199969449,0.002,True,45
1125,2.249999999999863,45,0,1125,LIGHTWEIGHT,2.1999999999998687,2.200276900012846,0.05,False,
1126,2.251999999999863,45,1,1125,LIGHTWEIGHT,2.1999999999998687,2.200276900012846,0.048,True,46
1127,2.253999999999863,45,2,1125,LIGHTWEIGHT,2.1999999999998687,2.200276900012846,0.046,True,46
1128,2.2559999999998626,45,3,1125,LIGHTWEIGHT,2.1999999999998687,2.200276900012846,0.044,True,46
1129,2.2579999999998623,45,4,1125,LIGHTWEIGHT,2.1999999999998687,2.200276900012846,0.042,True,46
1130,2.259999999999862,45,5,1125,LIGHTWEIGHT,2.1999999999998687,2.200276900012846,0.04,True,46
1131,2.261999999999862,45,6,1125,LIGHTWEIGHT,2.1999999999998687,2.200276900012846,0.038,True,46
1132,2.2639999999998617,45,7,1125,LIGHTWEIGHT,2.1999999999998687,2.200276900012846,0.036000000000000004,True,46
1133,2.2659999999998615,45,8,1125,LIGHTWEIGHT,2.1999999999998687,2.200276900012846,0.034,True,46
1134,2.2679999999998612,45,9,1125,LIGHTWEIGHT,2.1999999999998687,2.200276900012846,0.032,True,46
1135,2.269999999999861,45,10,1125,LIGHTWEIGHT,2.1999999999998687,2.200276900012846,0.03,True,46
1136,2.271999999999861,45,11,1125,LIGHTWEIGHT,2.1999999999998687,2.200276900012846,0.028,True,46
1137,2.2739999999998606,45,12,1125,LIGHTWEIGHT,2.1999999999998687,2.200276900012846,0.026000000000000002,True,46
1138,2.2759999999998604,45,13,1125,LIGHTWEIGHT,2.1999999999998687,2.200276900012846,0.024,True,46
1139,2.27799999999986,45,14,1125,LIGHTWEIGHT,2.1999999999998687,2.200276900012846,0.022,True,46
1140,2.27999999999986,45,15,1125,LIGHTWEIGHT,2.1999999999998687,2.200276900012846,0.02,True,46
1141,2.2819999999998597,45,16,1125,LIGHTWEIGHT,2.1999999999998687,2.200276900012846,0.018000000000000002,True,46
1142,2.2839999999998595,45,17,1125,LIGHTWEIGHT,2.1999999999998687,2.200276900012846,0.016,True,46
1143,2.2859999999998593,45,18,1125,LIGHTWEIGHT,2.1999999999998687,2.200276900012846,0.014,True,46
1144,2.287999999999859,45,19,1125,LIGHTWEIGHT,2.1999999999998687,2.200276900012846,0.012,True,46
1145,2.289999999999859,45,20,1125,LIGHTWEIGHT,2.1999999999998687,2.200276900012846,0.01,True,46
1146,2.2919999999998586,45,21,1125,LIGHTWEIGHT,2.1999999999998687,2.200276900012846,0.008,True,46
1147,2.2939999999998584,45,22,1125,LIGHTWEIGHT,2.1999999999998687,2.200276900012846,0.006,True,46
1148,2.295999999999858,45,23,1125,LIGHTWEIGHT,2.1999999999998687,2.200276900012846,0.004,True,46
1149,2.297999999999858,45,24,1125,LIGHTWEIGHT,2.1999999999998687,2.200276900012846,0.002,True,46
1150,2.2999999999998577,46,0,1150,LIGHTWEIGHT,2.249999999999863,2.250273199984667,0.05,False,
1151,2.3019999999998575,46,1,1150,LIGHTWEIGHT,2.249999999999863,2.250273199984667,0.048,True,47
1152,2.3039999999998573,46,2,1150,LIGHTWEIGHT,2.249999999999863,2.250273199984667,0.046,True,47
1153,2.305999999999857,46,3,1150,LIGHTWEIGHT,2.249999999999863,2.250273199984667,0.044,True,47
1154,2.307999999999857,46,4,1150,LIGHTWEIGHT,2.249999999999863,2.250273199984667,0.042,True,47
1155,2.3099999999998566,46,5,1150,LIGHTWEIGHT,2.249999999999863,2.250273199984667,0.04,True,47
1156,2.3119999999998564,46,6,1150,LIGHTWEIGHT,2.249999999999863,2.250273199984667,0.038,True,47
1157,2.313999999999856,46,7,1150,LIGHTWEIGHT,2.249999999999863,2.250273199984667,0.036000000000000004,True,47
1158,2.315999999999856,46,8,1150,LIGHTWEIGHT,2.249999999999863,2.250273199984667,0.034,True,47
1159,2.3179999999998557,46,9,1150,LIGHTWEIGHT,2.249999999999863,2.250273199984667,0.032,True,47
1160,2.3199999999998555,46,10,1150,LIGHTWEIGHT,2.249999999999863,2.250273199984667,0.03,True,47
1161,2.3219999999998553,46,11,1150,LIGHTWEIGHT,2.249999999999863,2.250273199984667,0.028,True,47
1162,2.323999999999855,46,12,1150,LIGHTWEIGHT,2.249999999999863,2.250273199984667,0.026000000000000002,True,47
1163,2.325999999999855,46,13,1150,LIGHTWEIGHT,2.249999999999863,2.250273199984667,0.024,True,47
1164,2.3279999999998546,46,14,1150,LIGHTWEIGHT,2.249999999999863,2.250273199984667,0.022,True,47
1165,2.3299999999998544,46,15,1150,LIGHTWEIGHT,2.249999999999863,2.250273199984667,0.02,True,47
1166,2.331999999999854,46,16,1150,LIGHTWEIGHT,2.249999999999863,2.250273199984667,0.018000000000000002,True,47
1167,2.333999999999854,46,17,1150,LIGHTWEIGHT,2.249999999999863,2.250273199984667,0.016,True,47
1168,2.3359999999998537,46,18,1150,LIGHTWEIGHT,2.249999999999863,2.250273199984667,0.014,True,47
1169,2.3379999999998535,46,19,1150,LIGHTWEIGHT,2.249999999999863,2.250273199984667,0.012,True,47
1170,2.3399999999998533,46,20,1150,LIGHTWEIGHT,2.249999999999863,2.250273199984667,0.01,True,47
1171,2.341999999999853,46,21,1150,LIGHTWEIGHT,2.249999999999863,2.250273199984667,0.008,True,47
1172,2.343999999999853,46,22,1150,LIGHTWEIGHT,2.249999999999863,2.250273199984667,0.006,True,47
1173,2.3459999999998526,46,23,1150,LIGHTWEIGHT,2.249999999999863,2.250273199984667,0.004,True,47
1174,2.3479999999998524,46,24,1150,LIGHTWEIGHT,2.249999999999863,2.250273199984667,0.002,True,47
1175,2.349999999999852,47,0,1175,CANDIDATE,2.2999999999998577,2.3002667000515826,0.05,False,
1176,2.351999999999852,47,1,1175,CANDIDATE,2.2999999999998577,2.3002667000515826,0.048,True,48
1177,2.3539999999998518,47,2,1175,CANDIDATE,2.2999999999998577,2.3002667000515826,0.046,True,48
1178,2.3559999999998515,47,3,1175,CANDIDATE,2.2999999999998577,2.3002667000515826,0.044,True,48
1179,2.3579999999998513,47,4,1175,CANDIDATE,2.2999999999998577,2.3002667000515826,0.042,True,48
1180,2.359999999999851,47,5,1175,CANDIDATE,2.2999999999998577,2.3002667000515826,0.04,True,48
1181,2.361999999999851,47,6,1175,CANDIDATE,2.2999999999998577,2.3002667000515826,0.038,True,48
1182,2.3639999999998507,47,7,1175,CANDIDATE,2.2999999999998577,2.3002667000515826,0.036000000000000004,True,48
1183,2.3659999999998504,47,8,1175,CANDIDATE,2.2999999999998577,2.3002667000515826,0.034,True,48
1184,2.3679999999998502,47,9,1175,CANDIDATE,2.2999999999998577,2.3002667000515826,0.032,True,48
1185,2.36999999999985,47,10,1175,CANDIDATE,2.2999999999998577,2.3002667000515826,0.03,True,48
1186,2.37199999999985,47,11,1175,CANDIDATE,2.2999999999998577,2.3002667000515826,0.028,True,48
1187,2.3739999999998496,47,12,1175,CANDIDATE,2.2999999999998577,2.3002667000515826,0.026000000000000002,True,48
1188,2.3759999999998493,47,13,1175,CANDIDATE,2.2999999999998577,2.3002667000515826,0.024,True,48
1189,2.377999999999849,47,14,1175,CANDIDATE,2.2999999999998577,2.3002667000515826,0.022,True,48
1190,2.379999999999849,47,15,1175,CANDIDATE,2.2999999999998577,2.3002667000515826,0.02,True,48
1191,2.3819999999998487,47,16,1175,CANDIDATE,2.2999999999998577,2.3002667000515826,0.018000000000000002,True,48
1192,2.3839999999998485,47,17,1175,CANDIDATE,2.2999999999998577,2.3002667000515826,0.016,True,48
1193,2.3859999999998482,47,18,1175,CANDIDATE,2.2999999999998577,2.3002667000515826,0.014,True,48
1194,2.387999999999848,47,19,1175,CANDIDATE,2.2999999999998577,2.3002667000515826,0.012,True,48
1195,2.389999999999848,47,20,1175,CANDIDATE,2.2999999999998577,2.3002667000515826,0.01,True,48
1196,2.3919999999998476,47,21,1175,CANDIDATE,2.2999999999998577,2.3002667000515826,0.008,True,48
1197,2.3939999999998474,47,22,1175,CANDIDATE,2.2999999999998577,2.3002667000515826,0.006,True,48
1198,2.395999999999847,47,23,1175,CANDIDATE,2.2999999999998577,2.3002667000515826,0.004,True,48
1199,2.397999999999847,47,24,1175,CANDIDATE,2.2999999999998577,2.3002667000515826,0.002,True,48
1200,2.3999999999998467,48,0,1200,CANDIDATE,2.349999999999852,2.3502696999580053,0.05,False,
1201,2.4019999999998465,48,1,1200,CANDIDATE,2.349999999999852,2.3502696999580053,0.048,True,49
1202,2.4039999999998463,48,2,1200,CANDIDATE,2.349999999999852,2.3502696999580053,0.046,True,49
1203,2.405999999999846,48,3,1200,CANDIDATE,2.349999999999852,2.3502696999580053,0.044,True,49
1204,2.407999999999846,48,4,1200,CANDIDATE,2.349999999999852,2.3502696999580053,0.042,True,49
1205,2.4099999999998456,48,5,1200,CANDIDATE,2.349999999999852,2.3502696999580053,0.04,True,49
1206,2.4119999999998454,48,6,1200,CANDIDATE,2.349999999999852,2.3502696999580053,0.038,True,49
1207,2.413999999999845,48,7,1200,CANDIDATE,2.349999999999852,2.3502696999580053,0.036000000000000004,True,49
1208,2.415999999999845,48,8,1200,CANDIDATE,2.349999999999852,2.3502696999580053,0.034,True,49
1209,2.4179999999998447,48,9,1200,CANDIDATE,2.349999999999852,2.3502696999580053,0.032,True,49
1210,2.4199999999998445,48,10,1200,CANDIDATE,2.349999999999852,2.3502696999580053,0.03,True,49
1211,2.4219999999998443,48,11,1200,CANDIDATE,2.349999999999852,2.3502696999580053,0.028,True,49
1212,2.423999999999844,48,12,1200,CANDIDATE,2.349999999999852,2.3502696999580053,0.026000000000000002,True,49
1213,2.425999999999844,48,13,1200,CANDIDATE,2.349999999999852,2.3502696999580053,0.024,True,49
1214,2.4279999999998436,48,14,1200,CANDIDATE,2.349999999999852,2.3502696999580053,0.022,True,49
1215,2.4299999999998434,48,15,1200,CANDIDATE,2.349999999999852,2.3502696999580053,0.02,True,49
1216,2.431999999999843,48,16,1200,CANDIDATE,2.349999999999852,2.3502696999580053,0.018000000000000002,True,49
1217,2.433999999999843,48,17,1200,CANDIDATE,2.349999999999852,2.3502696999580053,0.016,True,49
1218,2.4359999999998427,48,18,1200,CANDIDATE,2.349999999999852,2.3502696999580053,0.014,True,49
1219,2.4379999999998425,48,19,1200,CANDIDATE,2.349999999999852,2.3502696999580053,0.012,True,49
1220,2.4399999999998423,48,20,1200,CANDIDATE,2.349999999999852,2.3502696999580053,0.01,True,49
1221,2.441999999999842,48,21,1200,CANDIDATE,2.349999999999852,2.3502696999580053,0.008,True,49
1222,2.443999999999842,48,22,1200,CANDIDATE,2.349999999999852,2.3502696999580053,0.006,True,49
1223,2.4459999999998416,48,23,1200,CANDIDATE,2.349999999999852,2.3502696999580053,0.004,True,49
1224,2.4479999999998414,48,24,1200,CANDIDATE,2.349999999999852,2.3502696999580053,0.002,True,49
1225,2.449999999999841,49,0,1225,CANDIDATE,2.3999999999998467,2.4003485999767067,0.05,False,
1226,2.451999999999841,49,1,1225,CANDIDATE,2.3999999999998467,2.4003485999767067,0.048,True,50
1227,2.4539999999998408,49,2,1225,CANDIDATE,2.3999999999998467,2.4003485999767067,0.046,True,50
1228,2.4559999999998405,49,3,1225,CANDIDATE,2.3999999999998467,2.4003485999767067,0.044,True,50
1229,2.4579999999998403,49,4,1225,CANDIDATE,2.3999999999998467,2.4003485999767067,0.042,True,50
1230,2.45999999999984,49,5,1225,CANDIDATE,2.3999999999998467,2.4003485999767067,0.04,True,50
1231,2.46199999999984,49,6,1225,CANDIDATE,2.3999999999998467,2.4003485999767067,0.038,True,50
1232,2.4639999999998397,49,7,1225,CANDIDATE,2.3999999999998467,2.4003485999767067,0.036000000000000004,True,50
1233,2.4659999999998394,49,8,1225,CANDIDATE,2.3999999999998467,2.4003485999767067,0.034,True,50
1234,2.467999999999839,49,9,1225,CANDIDATE,2.3999999999998467,2.4003485999767067,0.032,True,50
1235,2.469999999999839,49,10,1225,CANDIDATE,2.3999999999998467,2.4003485999767067,0.03,True,50
1236,2.4719999999998388,49,11,1225,CANDIDATE,2.3999999999998467,2.4003485999767067,0.028,True,50
1237,2.4739999999998386,49,12,1225,CANDIDATE,2.3999999999998467,2.4003485999767067,0.026000000000000002,True,50
1238,2.4759999999998383,49,13,1225,CANDIDATE,2.3999999999998467,2.4003485999767067,0.024,True,50
1239,2.477999999999838,49,14,1225,CANDIDATE,2.3999999999998467,2.4003485999767067,0.022,True,50
1240,2.479999999999838,49,15,1225,CANDIDATE,2.3999999999998467,2.4003485999767067,0.02,True,50
1241,2.4819999999998377,49,16,1225,CANDIDATE,2.3999999999998467,2.4003485999767067,0.018000000000000002,True,50
1242,2.4839999999998374,49,17,1225,CANDIDATE,2.3999999999998467,2.4003485999767067,0.016,True,50
1243,2.4859999999998372,49,18,1225,CANDIDATE,2.3999999999998467,2.4003485999767067,0.014,True,50
1244,2.487999999999837,49,19,1225,CANDIDATE,2.3999999999998467,2.4003485999767067,0.012,True,50
1245,2.489999999999837,49,20,1225,CANDIDATE,2.3999999999998467,2.4003485999767067,0.01,True,50
1246,2.4919999999998366,49,21,1225,CANDIDATE,2.3999999999998467,2.4003485999767067,0.008,True,50
1247,2.4939999999998363,49,22,1225,CANDIDATE,2.3999999999998467,2.4003485999767067,0.006,True,50
1248,2.495999999999836,49,23,1225,CANDIDATE,2.3999999999998467,2.4003485999767067,0.004,True,50
1249,2.497999999999836,49,24,1225,CANDIDATE,2.3999999999998467,2.4003485999767067,0.002,True,50
1250,2.4999999999998357,50,0,1250,CANDIDATE,2.449999999999841,2.4502755000021583,0.05,False,
1251,2.5019999999998355,50,1,1250,CANDIDATE,2.449999999999841,2.4502755000021583,0.048,True,51
1252,2.5039999999998352,50,2,1250,CANDIDATE,2.449999999999841,2.4502755000021583,0.046,True,51
1253,2.505999999999835,50,3,1250,CANDIDATE,2.449999999999841,2.4502755000021583,0.044,True,51
1254,2.507999999999835,50,4,1250,CANDIDATE,2.449999999999841,2.4502755000021583,0.042,True,51
1255,2.5099999999998346,50,5,1250,CANDIDATE,2.449999999999841,2.4502755000021583,0.04,True,51
1256,2.5119999999998344,50,6,1250,CANDIDATE,2.449999999999841,2.4502755000021583,0.038,True,51
1257,2.513999999999834,50,7,1250,CANDIDATE,2.449999999999841,2.4502755000021583,0.036000000000000004,True,51
1258,2.515999999999834,50,8,1250,CANDIDATE,2.449999999999841,2.4502755000021583,0.034,True,51
1259,2.5179999999998337,50,9,1250,CANDIDATE,2.449999999999841,2.4502755000021583,0.032,True,51
1260,2.5199999999998335,50,10,1250,CANDIDATE,2.449999999999841,2.4502755000021583,0.03,True,51
1261,2.5219999999998333,50,11,1250,CANDIDATE,2.449999999999841,2.4502755000021583,0.028,True,51
1262,2.523999999999833,50,12,1250,CANDIDATE,2.449999999999841,2.4502755000021583,0.026000000000000002,True,51
1263,2.525999999999833,50,13,1250,CANDIDATE,2.449999999999841,2.4502755000021583,0.024,True,51
1264,2.5279999999998326,50,14,1250,CANDIDATE,2.449999999999841,2.4502755000021583,0.022,True,51
1265,2.5299999999998324,50,15,1250,CANDIDATE,2.449999999999841,2.4502755000021583,0.02,True,51
1266,2.531999999999832,50,16,1250,CANDIDATE,2.449999999999841,2.4502755000021583,0.018000000000000002,True,51
1267,2.533999999999832,50,17,1250,CANDIDATE,2.449999999999841,2.4502755000021583,0.016,True,51
1268,2.5359999999998317,50,18,1250,CANDIDATE,2.449999999999841,2.4502755000021583,0.014,True,51
1269,2.5379999999998315,50,19,1250,CANDIDATE,2.449999999999841,2.4502755000021583,0.012,True,51
1270,2.5399999999998313,50,20,1250,CANDIDATE,2.449999999999841,2.4502755000021583,0.01,True,51
1271,2.541999999999831,50,21,1250,CANDIDATE,2.449999999999841,2.4502755000021583,0.008,True,51
1272,2.543999999999831,50,22,1250,CANDIDATE,2.449999999999841,2.4502755000021583,0.006,True,51
1273,2.5459999999998306,50,23,1250,CANDIDATE,2.449999999999841,2.4502755000021583,0.004,True,51
1274,2.5479999999998304,50,24,1250,CANDIDATE,2.449999999999841,2.4502755000021583,0.002,True,51
1275,2.54999999999983,51,0,1275,LIGHTWEIGHT,2.4999999999998357,2.5006739000089686,0.05,False,
1276,2.55199999999983,51,1,1275,LIGHTWEIGHT,2.4999999999998357,2.5006739000089686,0.048,True,52
1277,2.5539999999998297,51,2,1275,LIGHTWEIGHT,2.4999999999998357,2.5006739000089686,0.046,True,52
1278,2.5559999999998295,51,3,1275,LIGHTWEIGHT,2.4999999999998357,2.5006739000089686,0.044,True,52
1279,2.5579999999998293,51,4,1275,LIGHTWEIGHT,2.4999999999998357,2.5006739000089686,0.042,True,52
1280,2.559999999999829,51,5,1275,LIGHTWEIGHT,2.4999999999998357,2.5006739000089686,0.04,True,52
1281,2.561999999999829,51,6,1275,LIGHTWEIGHT,2.4999999999998357,2.5006739000089686,0.038,True,52
1282,2.5639999999998286,51,7,1275,LIGHTWEIGHT,2.4999999999998357,2.5006739000089686,0.036000000000000004,True,52
1283,2.5659999999998284,51,8,1275,LIGHTWEIGHT,2.4999999999998357,2.5006739000089686,0.034,True,52
1284,2.567999999999828,51,9,1275,LIGHTWEIGHT,2.4999999999998357,2.5006739000089686,0.032,True,52
1285,2.569999999999828,51,10,1275,LIGHTWEIGHT,2.4999999999998357,2.5006739000089686,0.03,True,52
1286,2.5719999999998278,51,11,1275,LIGHTWEIGHT,2.4999999999998357,2.5006739000089686,0.028,True,52
1287,2.5739999999998275,51,12,1275,LIGHTWEIGHT,2.4999999999998357,2.5006739000089686,0.026000000000000002,True,52
1288,2.5759999999998273,51,13,1275,LIGHTWEIGHT,2.4999999999998357,2.5006739000089686,0.024,True,52
1289,2.577999999999827,51,14,1275,LIGHTWEIGHT,2.4999999999998357,2.5006739000089686,0.022,True,52
1290,2.579999999999827,51,15,1275,LIGHTWEIGHT,2.4999999999998357,2.5006739000089686,0.02,True,52
1291,2.5819999999998267,51,16,1275,LIGHTWEIGHT,2.4999999999998357,2.5006739000089686,0.018000000000000002,True,52
1292,2.5839999999998264,51,17,1275,LIGHTWEIGHT,2.4999999999998357,2.5006739000089686,0.016,True,52
1293,2.585999999999826,51,18,1275,LIGHTWEIGHT,2.4999999999998357,2.5006739000089686,0.014,True,52
1294,2.587999999999826,51,19,1275,LIGHTWEIGHT,2.4999999999998357,2.5006739000089686,0.012,True,52
1295,2.5899999999998258,51,20,1275,LIGHTWEIGHT,2.4999999999998357,2.5006739000089686,0.01,True,52
1296,2.5919999999998256,51,21,1275,LIGHTWEIGHT,2.4999999999998357,2.5006739000089686,0.008,True,52
1297,2.5939999999998253,51,22,1275,LIGHTWEIGHT,2.4999999999998357,2.5006739000089686,0.006,True,52
1298,2.595999999999825,51,23,1275,LIGHTWEIGHT,2.4999999999998357,2.5006739000089686,0.004,True,52
1299,2.597999999999825,51,24,1275,LIGHTWEIGHT,2.4999999999998357,2.5006739000089686,0.002,True,52
1300,2.5999999999998247,52,0,1300,LIGHTWEIGHT,2.54999999999983,2.5502756000029088,0.05,False,
1301,2.6019999999998245,52,1,1300,LIGHTWEIGHT,2.54999999999983,2.5502756000029088,0.048,True,53
1302,2.6039999999998242,52,2,1300,LIGHTWEIGHT,2.54999999999983,2.5502756000029088,0.046,True,53
1303,2.605999999999824,52,3,1300,LIGHTWEIGHT,2.54999999999983,2.5502756000029088,0.044,True,53
1304,2.607999999999824,52,4,1300,LIGHTWEIGHT,2.54999999999983,2.5502756000029088,0.042,True,53
1305,2.6099999999998236,52,5,1300,LIGHTWEIGHT,2.54999999999983,2.5502756000029088,0.04,True,53
1306,2.6119999999998234,52,6,1300,LIGHTWEIGHT,2.54999999999983,2.5502756000029088,0.038,True,53
1307,2.613999999999823,52,7,1300,LIGHTWEIGHT,2.54999999999983,2.5502756000029088,0.036000000000000004,True,53
1308,2.615999999999823,52,8,1300,LIGHTWEIGHT,2.54999999999983,2.5502756000029088,0.034,True,53
1309,2.6179999999998227,52,9,1300,LIGHTWEIGHT,2.54999999999983,2.5502756000029088,0.032,True,53
1310,2.6199999999998225,52,10,1300,LIGHTWEIGHT,2.54999999999983,2.5502756000029088,0.03,True,53
1311,2.6219999999998223,52,11,1300,LIGHTWEIGHT,2.54999999999983,2.5502756000029088,0.028,True,53
1312,2.623999999999822,52,12,1300,LIGHTWEIGHT,2.54999999999983,2.5502756000029088,0.026000000000000002,True,53
1313,2.625999999999822,52,13,1300,LIGHTWEIGHT,2.54999999999983,2.5502756000029088,0.024,True,53
1314,2.6279999999998216,52,14,1300,LIGHTWEIGHT,2.54999999999983,2.5502756000029088,0.022,True,53
1315,2.6299999999998214,52,15,1300,LIGHTWEIGHT,2.54999999999983,2.5502756000029088,0.02,True,53
1316,2.631999999999821,52,16,1300,LIGHTWEIGHT,2.54999999999983,2.5502756000029088,0.018000000000000002,True,53
1317,2.633999999999821,52,17,1300,LIGHTWEIGHT,2.54999999999983,2.5502756000029088,0.016,True,53
1318,2.6359999999998207,52,18,1300,LIGHTWEIGHT,2.54999999999983,2.5502756000029088,0.014,True,53
1319,2.6379999999998205,52,19,1300,LIGHTWEIGHT,2.54999999999983,2.5502756000029088,0.012,True,53
1320,2.6399999999998203,52,20,1300,LIGHTWEIGHT,2.54999999999983,2.5502756000029088,0.01,True,53
1321,2.64199999999982,52,21,1300,LIGHTWEIGHT,2.54999999999983,2.5502756000029088,0.008,True,53
1322,2.64399999999982,52,22,1300,LIGHTWEIGHT,2.54999999999983,2.5502756000029088,0.006,True,53
1323,2.6459999999998196,52,23,1300,LIGHTWEIGHT,2.54999999999983,2.5502756000029088,0.004,True,53
1324,2.6479999999998194,52,24,1300,LIGHTWEIGHT,2.54999999999983,2.5502756000029088,0.002,True,53
1325,2.649999999999819,53,0,1325,LIGHTWEIGHT,2.5999999999998247,2.600288700102653,0.05,False,
1326,2.651999999999819,53,1,1325,LIGHTWEIGHT,2.5999999999998247,2.600288700102653,0.048,True,54
1327,2.6539999999998187,53,2,1325,LIGHTWEIGHT,2.5999999999998247,2.600288700102653,0.046,True,54
1328,2.6559999999998185,53,3,1325,LIGHTWEIGHT,2.5999999999998247,2.600288700102653,0.044,True,54
1329,2.6579999999998183,53,4,1325,LIGHTWEIGHT,2.5999999999998247,2.600288700102653,0.042,True,54
1330,2.659999999999818,53,5,1325,LIGHTWEIGHT,2.5999999999998247,2.600288700102653,0.04,True,54
1331,2.661999999999818,53,6,1325,LIGHTWEIGHT,2.5999999999998247,2.600288700102653,0.038,True,54
1332,2.6639999999998176,53,7,1325,LIGHTWEIGHT,2.5999999999998247,2.600288700102653,0.036000000000000004,True,54
1333,2.6659999999998174,53,8,1325,LIGHTWEIGHT,2.5999999999998247,2.600288700102653,0.034,True,54
1334,2.667999999999817,53,9,1325,LIGHTWEIGHT,2.5999999999998247,2.600288700102653,0.032,True,54
1335,2.669999999999817,53,10,1325,LIGHTWEIGHT,2.5999999999998247,2.600288700102653,0.03,True,54
1336,2.6719999999998167,53,11,1325,LIGHTWEIGHT,2.5999999999998247,2.600288700102653,0.028,True,54
1337,2.6739999999998165,53,12,1325,LIGHTWEIGHT,2.5999999999998247,2.600288700102653,0.026000000000000002,True,54
1338,2.6759999999998163,53,13,1325,LIGHTWEIGHT,2.5999999999998247,2.600288700102653,0.024,True,54
1339,2.677999999999816,53,14,1325,LIGHTWEIGHT,2.5999999999998247,2.600288700102653,0.022,True,54
1340,2.679999999999816,53,15,1325,LIGHTWEIGHT,2.5999999999998247,2.600288700102653,0.02,True,54
1341,2.6819999999998156,53,16,1325,LIGHTWEIGHT,2.5999999999998247,2.600288700102653,0.018000000000000002,True,54
1342,2.6839999999998154,53,17,1325,LIGHTWEIGHT,2.5999999999998247,2.600288700102653,0.016,True,54
1343,2.685999999999815,53,18,1325,LIGHTWEIGHT,2.5999999999998247,2.600288700102653,0.014,True,54
1344,2.687999999999815,53,19,1325,LIGHTWEIGHT,2.5999999999998247,2.600288700102653,0.012,True,54
1345,2.6899999999998148,53,20,1325,LIGHTWEIGHT,2.5999999999998247,2.600288700102653,0.01,True,54
1346,2.6919999999998145,53,21,1325,LIGHTWEIGHT,2.5999999999998247,2.600288700102653,0.008,True,54
1347,2.6939999999998143,53,22,1325,LIGHTWEIGHT,2.5999999999998247,2.600288700102653,0.006,True,54
1348,2.695999999999814,53,23,1325,LIGHTWEIGHT,2.5999999999998247,2.600288700102653,0.004,True,54
1349,2.697999999999814,53,24,1325,LIGHTWEIGHT,2.5999999999998247,2.600288700102653,0.002,True,54
1350,2.6999999999998137,54,0,1350,LIGHTWEIGHT,2.649999999999819,2.6502716999732012,0.05,False,
1351,2.7019999999998134,54,1,1350,LIGHTWEIGHT,2.649999999999819,2.6502716999732012,0.048,True,55
1352,2.703999999999813,54,2,1350,LIGHTWEIGHT,2.649999999999819,2.6502716999732012,0.046,True,55
1353,2.705999999999813,54,3,1350,LIGHTWEIGHT,2.649999999999819,2.6502716999732012,0.044,True,55
1354,2.707999999999813,54,4,1350,LIGHTWEIGHT,2.649999999999819,2.6502716999732012,0.042,True,55
1355,2.7099999999998126,54,5,1350,LIGHTWEIGHT,2.649999999999819,2.6502716999732012,0.04,True,55
1356,2.7119999999998123,54,6,1350,LIGHTWEIGHT,2.649999999999819,2.6502716999732012,0.038,True,55
1357,2.713999999999812,54,7,1350,LIGHTWEIGHT,2.649999999999819,2.6502716999732012,0.036000000000000004,True,55
1358,2.715999999999812,54,8,1350,LIGHTWEIGHT,2.649999999999819,2.6502716999732012,0.034,True,55
1359,2.7179999999998117,54,9,1350,LIGHTWEIGHT,2.649999999999819,2.6502716999732012,0.032,True,55
1360,2.7199999999998115,54,10,1350,LIGHTWEIGHT,2.649999999999819,2.6502716999732012,0.03,True,55
1361,2.7219999999998112,54,11,1350,LIGHTWEIGHT,2.649999999999819,2.6502716999732012,0.028,True,55
1362,2.723999999999811,54,12,1350,LIGHTWEIGHT,2.649999999999819,2.6502716999732012,0.026000000000000002,True,55
1363,2.725999999999811,54,13,1350,LIGHTWEIGHT,2.649999999999819,2.6502716999732012,0.024,True,55
1364,2.7279999999998106,54,14,1350,LIGHTWEIGHT,2.649999999999819,2.6502716999732012,0.022,True,55
1365,2.7299999999998104,54,15,1350,LIGHTWEIGHT,2.649999999999819,2.6502716999732012,0.02,True,55
1366,2.73199999999981,54,16,1350,LIGHTWEIGHT,2.649999999999819,2.6502716999732012,0.018000000000000002,True,55
1367,2.73399999999981,54,17,1350,LIGHTWEIGHT,2.649999999999819,2.6502716999732012,0.016,True,55
1368,2.7359999999998097,54,18,1350,LIGHTWEIGHT,2.649999999999819,2.6502716999732012,0.014,True,55
1369,2.7379999999998095,54,19,1350,LIGHTWEIGHT,2.649999999999819,2.6502716999732012,0.012,True,55
1370,2.7399999999998093,54,20,1350,LIGHTWEIGHT,2.649999999999819,2.6502716999732012,0.01,True,55
1371,2.741999999999809,54,21,1350,LIGHTWEIGHT,2.649999999999819,2.6502716999732012,0.008,True,55
1372,2.743999999999809,54,22,1350,LIGHTWEIGHT,2.649999999999819,2.6502716999732012,0.006,True,55
1373,2.7459999999998086,54,23,1350,LIGHTWEIGHT,2.649999999999819,2.6502716999732012,0.004,True,55
1374,2.7479999999998084,54,24,1350,LIGHTWEIGHT,2.649999999999819,2.6502716999732012,0.002,True,55
1375,2.749999999999808,55,0,1375,LIGHTWEIGHT,2.6999999999998137,2.70027269998081,0.05,False,
1376,2.751999999999808,55,1,1375,LIGHTWEIGHT,2.6999999999998137,2.70027269998081,0.048,True,56
1377,2.7539999999998077,55,2,1375,LIGHTWEIGHT,2.6999999999998137,2.70027269998081,0.046,True,56
1378,2.7559999999998075,55,3,1375,LIGHTWEIGHT,2.6999999999998137,2.70027269998081,0.044,True,56
1379,2.7579999999998073,55,4,1375,LIGHTWEIGHT,2.6999999999998137,2.70027269998081,0.042,True,56
1380,2.759999999999807,55,5,1375,LIGHTWEIGHT,2.6999999999998137,2.70027269998081,0.04,True,56
1381,2.761999999999807,55,6,1375,LIGHTWEIGHT,2.6999999999998137,2.70027269998081,0.038,True,56
1382,2.7639999999998066,55,7,1375,LIGHTWEIGHT,2.6999999999998137,2.70027269998081,0.036000000000000004,True,56
1383,2.7659999999998064,55,8,1375,LIGHTWEIGHT,2.6999999999998137,2.70027269998081,0.034,True,56
1384,2.767999999999806,55,9,1375,LIGHTWEIGHT,2.6999999999998137,2.70027269998081,0.032,True,56
1385,2.769999999999806,55,10,1375,LIGHTWEIGHT,2.6999999999998137,2.70027269998081,0.03,True,56
1386,2.7719999999998057,55,11,1375,LIGHTWEIGHT,2.6999999999998137,2.70027269998081,0.028,True,56
1387,2.7739999999998055,55,12,1375,LIGHTWEIGHT,2.6999999999998137,2.70027269998081,0.026000000000000002,True,56
1388,2.7759999999998053,55,13,1375,LIGHTWEIGHT,2.6999999999998137,2.70027269998081,0.024,True,56
1389,2.777999999999805,55,14,1375,LIGHTWEIGHT,2.6999999999998137,2.70027269998081,0.022,True,56
1390,2.779999999999805,55,15,1375,LIGHTWEIGHT,2.6999999999998137,2.70027269998081,0.02,True,56
1391,2.7819999999998046,55,16,1375,LIGHTWEIGHT,2.6999999999998137,2.70027269998081,0.018000000000000002,True,56
1392,2.7839999999998044,55,17,1375,LIGHTWEIGHT,2.6999999999998137,2.70027269998081,0.016,True,56
1393,2.785999999999804,55,18,1375,LIGHTWEIGHT,2.6999999999998137,2.70027269998081,0.014,True,56
1394,2.787999999999804,55,19,1375,LIGHTWEIGHT,2.6999999999998137,2.70027269998081,0.012,True,56
1395,2.7899999999998037,55,20,1375,LIGHTWEIGHT,2.6999999999998137,2.70027269998081,0.01,True,56
1396,2.7919999999998035,55,21,1375,LIGHTWEIGHT,2.6999999999998137,2.70027269998081,0.008,True,56
1397,2.7939999999998033,55,22,1375,LIGHTWEIGHT,2.6999999999998137,2.70027269998081,0.006,True,56
1398,2.795999999999803,55,23,1375,LIGHTWEIGHT,2.6999999999998137,2.70027269998081,0.004,True,56
1399,2.797999999999803,55,24,1375,LIGHTWEIGHT,2.6999999999998137,2.70027269998081,0.002,True,56
1400,2.7999999999998026,56,0,1400,LIGHTWEIGHT,2.749999999999808,2.750347699969815,0.05,False,
1401,2.8019999999998024,56,1,1400,LIGHTWEIGHT,2.749999999999808,2.750347699969815,0.048,True,57
1402,2.803999999999802,56,2,1400,LIGHTWEIGHT,2.749999999999808,2.750347699969815,0.046,True,57
1403,2.805999999999802,56,3,1400,LIGHTWEIGHT,2.749999999999808,2.750347699969815,0.044,True,57
1404,2.8079999999998018,56,4,1400,LIGHTWEIGHT,2.749999999999808,2.750347699969815,0.042,True,57
1405,2.8099999999998015,56,5,1400,LIGHTWEIGHT,2.749999999999808,2.750347699969815,0.04,True,57
1406,2.8119999999998013,56,6,1400,LIGHTWEIGHT,2.749999999999808,2.750347699969815,0.038,True,57
1407,2.813999999999801,56,7,1400,LIGHTWEIGHT,2.749999999999808,2.750347699969815,0.036000000000000004,True,57
1408,2.815999999999801,56,8,1400,LIGHTWEIGHT,2.749999999999808,2.750347699969815,0.034,True,57
1409,2.8179999999998007,56,9,1400,LIGHTWEIGHT,2.749999999999808,2.750347699969815,0.032,True,57
1410,2.8199999999998004,56,10,1400,LIGHTWEIGHT,2.749999999999808,2.750347699969815,0.03,True,57
1411,2.8219999999998002,56,11,1400,LIGHTWEIGHT,2.749999999999808,2.750347699969815,0.028,True,57
1412,2.8239999999998,56,12,1400,LIGHTWEIGHT,2.749999999999808,2.750347699969815,0.026000000000000002,True,57
1413,2.8259999999998,56,13,1400,LIGHTWEIGHT,2.749999999999808,2.750347699969815,0.024,True,57
1414,2.8279999999997996,56,14,1400,LIGHTWEIGHT,2.749999999999808,2.750347699969815,0.022,True,57
1415,2.8299999999997993,56,15,1400,LIGHTWEIGHT,2.749999999999808,2.750347699969815,0.02,True,57
1416,2.831999999999799,56,16,1400,LIGHTWEIGHT,2.749999999999808,2.750347699969815,0.018000000000000002,True,57
1417,2.833999999999799,56,17,1400,LIGHTWEIGHT,2.749999999999808,2.750347699969815,0.016,True,57
1418,2.8359999999997987,56,18,1400,LIGHTWEIGHT,2.749999999999808,2.750347699969815,0.014,True,57
1419,2.8379999999997985,56,19,1400,LIGHTWEIGHT,2.749999999999808,2.750347699969815,0.012,True,57
1420,2.8399999999997982,56,20,1400,LIGHTWEIGHT,2.749999999999808,2.750347699969815,0.01,True,57
1421,2.841999999999798,56,21,1400,LIGHTWEIGHT,2.749999999999808,2.750347699969815,0.008,True,57
1422,2.843999999999798,56,22,1400,LIGHTWEIGHT,2.749999999999808,2.750347699969815,0.006,True,57
1423,2.8459999999997976,56,23,1400,LIGHTWEIGHT,2.749999999999808,2.750347699969815,0.004,True,57
1424,2.8479999999997974,56,24,1400,LIGHTWEIGHT,2.749999999999808,2.750347699969815,0.002,True,57
1425,2.849999999999797,57,0,1425,LIGHTWEIGHT,2.7999999999998026,2.800283899949666,0.05,False,
1426,2.851999999999797,57,1,1425,LIGHTWEIGHT,2.7999999999998026,2.800283899949666,0.048,True,58
1427,2.8539999999997967,57,2,1425,LIGHTWEIGHT,2.7999999999998026,2.800283899949666,0.046,True,58
1428,2.8559999999997965,57,3,1425,LIGHTWEIGHT,2.7999999999998026,2.800283899949666,0.044,True,58
1429,2.8579999999997963,57,4,1425,LIGHTWEIGHT,2.7999999999998026,2.800283899949666,0.042,True,58
1430,2.859999999999796,57,5,1425,LIGHTWEIGHT,2.7999999999998026,2.800283899949666,0.04,True,58
1431,2.861999999999796,57,6,1425,LIGHTWEIGHT,2.7999999999998026,2.800283899949666,0.038,True,58
1432,2.8639999999997956,57,7,1425,LIGHTWEIGHT,2.7999999999998026,2.800283899949666,0.036000000000000004,True,58
1433,2.8659999999997954,57,8,1425,LIGHTWEIGHT,2.7999999999998026,2.800283899949666,0.034,True,58
1434,2.867999999999795,57,9,1425,LIGHTWEIGHT,2.7999999999998026,2.800283899949666,0.032,True,58
1435,2.869999999999795,57,10,1425,LIGHTWEIGHT,2.7999999999998026,2.800283899949666,0.03,True,58
1436,2.8719999999997947,57,11,1425,LIGHTWEIGHT,2.7999999999998026,2.800283899949666,0.028,True,58
1437,2.8739999999997945,57,12,1425,LIGHTWEIGHT,2.7999999999998026,2.800283899949666,0.026000000000000002,True,58
1438,2.8759999999997943,57,13,1425,LIGHTWEIGHT,2.7999999999998026,2.800283899949666,0.024,True,58
1439,2.877999999999794,57,14,1425,LIGHTWEIGHT,2.7999999999998026,2.800283899949666,0.022,True,58
1440,2.879999999999794,57,15,1425,LIGHTWEIGHT,2.7999999999998026,2.800283899949666,0.02,True,58
1441,2.8819999999997936,57,16,1425,LIGHTWEIGHT,2.7999999999998026,2.800283899949666,0.018000000000000002,True,58
1442,2.8839999999997934,57,17,1425,LIGHTWEIGHT,2.7999999999998026,2.800283899949666,0.016,True,58
1443,2.885999999999793,57,18,1425,LIGHTWEIGHT,2.7999999999998026,2.800283899949666,0.014,True,58
1444,2.887999999999793,57,19,1425,LIGHTWEIGHT,2.7999999999998026,2.800283899949666,0.012,True,58
1445,2.8899999999997927,57,20,1425,LIGHTWEIGHT,2.7999999999998026,2.800283899949666,0.01,True,58
1446,2.8919999999997925,57,21,1425,LIGHTWEIGHT,2.7999999999998026,2.800283899949666,0.008,True,58
1447,2.8939999999997923,57,22,1425,LIGHTWEIGHT,2.7999999999998026,2.800283899949666,0.006,True,58
1448,2.895999999999792,57,23,1425,LIGHTWEIGHT,2.7999999999998026,2.800283899949666,0.004,True,58
1449,2.897999999999792,57,24,1425,LIGHTWEIGHT,2.7999999999998026,2.800283899949666,0.002,True,58
1450,2.8999999999997916,58,0,1450,LIGHTWEIGHT,2.849999999999797,2.850275400001353,0.05,False,
1451,2.9019999999997914,58,1,1450,LIGHTWEIGHT,2.849999999999797,2.850275400001353,0.048,True,59
1452,2.903999999999791,58,2,1450,LIGHTWEIGHT,2.849999999999797,2.850275400001353,0.046,True,59
1453,2.905999999999791,58,3,1450,LIGHTWEIGHT,2.849999999999797,2.850275400001353,0.044,True,59
1454,2.9079999999997908,58,4,1450,LIGHTWEIGHT,2.849999999999797,2.850275400001353,0.042,True,59
1455,2.9099999999997905,58,5,1450,LIGHTWEIGHT,2.849999999999797,2.850275400001353,0.04,True,59
1456,2.9119999999997903,58,6,1450,LIGHTWEIGHT,2.849999999999797,2.850275400001353,0.038,True,59
1457,2.91399999999979,58,7,1450,LIGHTWEIGHT,2.849999999999797,2.850275400001353,0.036000000000000004,True,59
1458,2.91599999999979,58,8,1450,LIGHTWEIGHT,2.849999999999797,2.850275400001353,0.034,True,59
1459,2.9179999999997897,58,9,1450,LIGHTWEIGHT,2.849999999999797,2.850275400001353,0.032,True,59
1460,2.9199999999997894,58,10,1450,LIGHTWEIGHT,2.849999999999797,2.850275400001353,0.03,True,59
1461,2.921999999999789,58,11,1450,LIGHTWEIGHT,2.849999999999797,2.850275400001353,0.028,True,59
1462,2.923999999999789,58,12,1450,LIGHTWEIGHT,2.849999999999797,2.850275400001353,0.026000000000000002,True,59
1463,2.9259999999997888,58,13,1450,LIGHTWEIGHT,2.849999999999797,2.850275400001353,0.024,True,59
1464,2.9279999999997885,58,14,1450,LIGHTWEIGHT,2.849999999999797,2.850275400001353,0.022,True,59
1465,2.9299999999997883,58,15,1450,LIGHTWEIGHT,2.849999999999797,2.850275400001353,0.02,True,59
1466,2.931999999999788,58,16,1450,LIGHTWEIGHT,2.849999999999797,2.850275400001353,0.018000000000000002,True,59
1467,2.933999999999788,58,17,1450,LIGHTWEIGHT,2.849999999999797,2.850275400001353,0.016,True,59
1468,2.9359999999997877,58,18,1450,LIGHTWEIGHT,2.849999999999797,2.850275400001353,0.014,True,59
1469,2.9379999999997874,58,19,1450,LIGHTWEIGHT,2.849999999999797,2.850275400001353,0.012,True,59
1470,2.9399999999997872,58,20,1450,LIGHTWEIGHT,2.849999999999797,2.850275400001353,0.01,True,59
1471,2.941999999999787,58,21,1450,LIGHTWEIGHT,2.849999999999797,2.850275400001353,0.008,True,59
1472,2.943999999999787,58,22,1450,LIGHTWEIGHT,2.849999999999797,2.850275400001353,0.006,True,59
1473,2.9459999999997866,58,23,1450,LIGHTWEIGHT,2.849999999999797,2.850275400001353,0.004,True,59
1474,2.9479999999997863,58,24,1450,LIGHTWEIGHT,2.849999999999797,2.850275400001353,0.002,True,59
1475,2.949999999999786,59,0,1475,LIGHTWEIGHT,2.8999999999997916,2.9002757000036317,0.05,False,
1476,2.951999999999786,59,1,1475,LIGHTWEIGHT,2.8999999999997916,2.9002757000036317,0.048,True,60
1477,2.9539999999997857,59,2,1475,LIGHTWEIGHT,2.8999999999997916,2.9002757000036317,0.046,True,60
1478,2.9559999999997855,59,3,1475,LIGHTWEIGHT,2.8999999999997916,2.9002757000036317,0.044,True,60
1479,2.9579999999997852,59,4,1475,LIGHTWEIGHT,2.8999999999997916,2.9002757000036317,0.042,True,60
1480,2.959999999999785,59,5,1475,LIGHTWEIGHT,2.8999999999997916,2.9002757000036317,0.04,True,60
1481,2.961999999999785,59,6,1475,LIGHTWEIGHT,2.8999999999997916,2.9002757000036317,0.038,True,60
1482,2.9639999999997846,59,7,1475,LIGHTWEIGHT,2.8999999999997916,2.9002757000036317,0.036000000000000004,True,60
1483,2.9659999999997844,59,8,1475,LIGHTWEIGHT,2.8999999999997916,2.9002757000036317,0.034,True,60
1484,2.967999999999784,59,9,1475,LIGHTWEIGHT,2.8999999999997916,2.9002757000036317,0.032,True,60
1485,2.969999999999784,59,10,1475,LIGHTWEIGHT,2.8999999999997916,2.9002757000036317,0.03,True,60
1486,2.9719999999997837,59,11,1475,LIGHTWEIGHT,2.8999999999997916,2.9002757000036317,0.028,True,60
1487,2.9739999999997835,59,12,1475,LIGHTWEIGHT,2.8999999999997916,2.9002757000036317,0.026000000000000002,True,60
1488,2.9759999999997833,59,13,1475,LIGHTWEIGHT,2.8999999999997916,2.9002757000036317,0.024,True,60
1489,2.977999999999783,59,14,1475,LIGHTWEIGHT,2.8999999999997916,2.9002757000036317,0.022,True,60
1490,2.979999999999783,59,15,1475,LIGHTWEIGHT,2.8999999999997916,2.9002757000036317,0.02,True,60
1491,2.9819999999997826,59,16,1475,LIGHTWEIGHT,2.8999999999997916,2.9002757000036317,0.018000000000000002,True,60
1492,2.9839999999997824,59,17,1475,LIGHTWEIGHT,2.8999999999997916,2.9002757000036317,0.016,True,60
1493,2.985999999999782,59,18,1475,LIGHTWEIGHT,2.8999999999997916,2.9002757000036317,0.014,True,60
1494,2.987999999999782,59,19,1475,LIGHTWEIGHT,2.8999999999997916,2.9002757000036317,0.012,True,60
1495,2.9899999999997817,59,20,1475,LIGHTWEIGHT,2.8999999999997916,2.9002757000036317,0.01,True,60
1496,2.9919999999997815,59,21,1475,LIGHTWEIGHT,2.8999999999997916,2.9002757000036317,0.008,True,60
1497,2.9939999999997813,59,22,1475,LIGHTWEIGHT,2.8999999999997916,2.9002757000036317,0.006,True,60
1498,2.995999999999781,59,23,1475,LIGHTWEIGHT,2.8999999999997916,2.9002757000036317,0.004,True,60
1499,2.997999999999781,59,24,1475,LIGHTWEIGHT,2.8999999999997916,2.9002757000036317,0.002,True,60
1500,2.9999999999997806,60,0,1500,LIGHTWEIGHT,2.949999999999786,2.950274799996773,0.05,False,
1501,3.0019999999997804,60,1,1500,LIGHTWEIGHT,2.949999999999786,2.950274799996773,0.048,True,61
1502,3.00399999999978,60,2,1500,LIGHTWEIGHT,2.949999999999786,2.950274799996773,0.046,True,61
1503,3.00599999999978,60,3,1500,LIGHTWEIGHT,2.949999999999786,2.950274799996773,0.044,True,61
1504,3.0079999999997797,60,4,1500,LIGHTWEIGHT,2.949999999999786,2.950274799996773,0.042,True,61
1505,3.0099999999997795,60,5,1500,LIGHTWEIGHT,2.949999999999786,2.950274799996773,0.04,True,61
1506,3.0119999999997793,60,6,1500,LIGHTWEIGHT,2.949999999999786,2.950274799996773,0.038,True,61
1507,3.013999999999779,60,7,1500,LIGHTWEIGHT,2.949999999999786,2.950274799996773,0.036000000000000004,True,61
1508,3.015999999999779,60,8,1500,LIGHTWEIGHT,2.949999999999786,2.950274799996773,0.034,True,61
1509,3.0179999999997786,60,9,1500,LIGHTWEIGHT,2.949999999999786,2.950274799996773,0.032,True,61
1510,3.0199999999997784,60,10,1500,LIGHTWEIGHT,2.949999999999786,2.950274799996773,0.03,True,61
1511,3.021999999999778,60,11,1500,LIGHTWEIGHT,2.949999999999786,2.950274799996773,0.028,True,61
1512,3.023999999999778,60,12,1500,LIGHTWEIGHT,2.949999999999786,2.950274799996773,0.026000000000000002,True,61
1513,3.0259999999997778,60,13,1500,LIGHTWEIGHT,2.949999999999786,2.950274799996773,0.024,True,61
1514,3.0279999999997775,60,14,1500,LIGHTWEIGHT,2.949999999999786,2.950274799996773,0.022,True,61
1515,3.0299999999997773,60,15,1500,LIGHTWEIGHT,2.949999999999786,2.950274799996773,0.02,True,61
1516,3.031999999999777,60,16,1500,LIGHTWEIGHT,2.949999999999786,2.950274799996773,0.018000000000000002,True,61
1517,3.033999999999777,60,17,1500,LIGHTWEIGHT,2.949999999999786,2.950274799996773,0.016,True,61
1518,3.0359999999997767,60,18,1500,LIGHTWEIGHT,2.949999999999786,2.950274799996773,0.014,True,61
1519,3.0379999999997764,60,19,1500,LIGHTWEIGHT,2.949999999999786,2.950274799996773,0.012,True,61
1520,3.039999999999776,60,20,1500,LIGHTWEIGHT,2.949999999999786,2.950274799996773,0.01,True,61
1521,3.041999999999776,60,21,1500,LIGHTWEIGHT,2.949999999999786,2.950274799996773,0.008,True,61
1522,3.0439999999997758,60,22,1500,LIGHTWEIGHT,2.949999999999786,2.950274799996773,0.006,True,61
1523,3.0459999999997756,60,23,1500,LIGHTWEIGHT,2.949999999999786,2.950274799996773,0.004,True,61
1524,3.0479999999997753,60,24,1500,LIGHTWEIGHT,2.949999999999786,2.950274799996773,0.002,True,61
1525,3.049999999999775,61,0,1525,LIGHTWEIGHT,2.9999999999997806,3.0002693999556493,0.05,False,
1526,3.051999999999775,61,1,1525,LIGHTWEIGHT,2.9999999999997806,3.0002693999556493,0.048,True,62
1527,3.0539999999997747,61,2,1525,LIGHTWEIGHT,2.9999999999997806,3.0002693999556493,0.046,True,62
1528,3.0559999999997745,61,3,1525,LIGHTWEIGHT,2.9999999999997806,3.0002693999556493,0.044,True,62
1529,3.0579999999997742,61,4,1525,LIGHTWEIGHT,2.9999999999997806,3.0002693999556493,0.042,True,62
1530,3.059999999999774,61,5,1525,LIGHTWEIGHT,2.9999999999997806,3.0002693999556493,0.04,True,62
1531,3.061999999999774,61,6,1525,LIGHTWEIGHT,2.9999999999997806,3.0002693999556493,0.038,True,62
1532,3.0639999999997736,61,7,1525,LIGHTWEIGHT,2.9999999999997806,3.0002693999556493,0.036000000000000004,True,62
1533,3.0659999999997734,61,8,1525,LIGHTWEIGHT,2.9999999999997806,3.0002693999556493,0.034,True,62
1534,3.067999999999773,61,9,1525,LIGHTWEIGHT,2.9999999999997806,3.0002693999556493,0.032,True,62
1535,3.069999999999773,61,10,1525,LIGHTWEIGHT,2.9999999999997806,3.0002693999556493,0.03,True,62
1536,3.0719999999997727,61,11,1525,LIGHTWEIGHT,2.9999999999997806,3.0002693999556493,0.028,True,62
1537,3.0739999999997725,61,12,1525,LIGHTWEIGHT,2.9999999999997806,3.0002693999556493,0.026000000000000002,True,62
1538,3.0759999999997722,61,13,1525,LIGHTWEIGHT,2.9999999999997806,3.0002693999556493,0.024,True,62
1539,3.077999999999772,61,14,1525,LIGHTWEIGHT,2.9999999999997806,3.0002693999556493,0.022,True,62
1540,3.079999999999772,61,15,1525,LIGHTWEIGHT,2.9999999999997806,3.0002693999556493,0.02,True,62
1541,3.0819999999997716,61,16,1525,LIGHTWEIGHT,2.9999999999997806,3.0002693999556493,0.018000000000000002,True,62
1542,3.0839999999997714,61,17,1525,LIGHTWEIGHT,2.9999999999997806,3.0002693999556493,0.016,True,62
1543,3.085999999999771,61,18,1525,LIGHTWEIGHT,2.9999999999997806,3.0002693999556493,0.014,True,62
1544,3.087999999999771,61,19,1525,LIGHTWEIGHT,2.9999999999997806,3.0002693999556493,0.012,True,62
1545,3.0899999999997707,61,20,1525,LIGHTWEIGHT,2.9999999999997806,3.0002693999556493,0.01,True,62
1546,3.0919999999997705,61,21,1525,LIGHTWEIGHT,2.9999999999997806,3.0002693999556493,0.008,True,62
1547,3.0939999999997703,61,22,1525,LIGHTWEIGHT,2.9999999999997806,3.0002693999556493,0.006,True,62
1548,3.09599999999977,61,23,1525,LIGHTWEIGHT,2.9999999999997806,3.0002693999556493,0.004,True,62
1549,3.09799999999977,61,24,1525,LIGHTWEIGHT,2.9999999999997806,3.0002693999556493,0.002,True,62
1550,3.0999999999997696,62,0,1550,LIGHTWEIGHT,3.049999999999775,3.0502816000485407,0.05,False,
1551,3.1019999999997694,62,1,1550,LIGHTWEIGHT,3.049999999999775,3.0502816000485407,0.048,True,63
1552,3.103999999999769,62,2,1550,LIGHTWEIGHT,3.049999999999775,3.0502816000485407,0.046,True,63
1553,3.105999999999769,62,3,1550,LIGHTWEIGHT,3.049999999999775,3.0502816000485407,0.044,True,63
1554,3.1079999999997687,62,4,1550,LIGHTWEIGHT,3.049999999999775,3.0502816000485407,0.042,True,63
1555,3.1099999999997685,62,5,1550,LIGHTWEIGHT,3.049999999999775,3.0502816000485407,0.04,True,63
1556,3.1119999999997683,62,6,1550,LIGHTWEIGHT,3.049999999999775,3.0502816000485407,0.038,True,63
1557,3.113999999999768,62,7,1550,LIGHTWEIGHT,3.049999999999775,3.0502816000485407,0.036000000000000004,True,63
1558,3.115999999999768,62,8,1550,LIGHTWEIGHT,3.049999999999775,3.0502816000485407,0.034,True,63
1559,3.1179999999997676,62,9,1550,LIGHTWEIGHT,3.049999999999775,3.0502816000485407,0.032,True,63
1560,3.1199999999997674,62,10,1550,LIGHTWEIGHT,3.049999999999775,3.0502816000485407,0.03,True,63
1561,3.121999999999767,62,11,1550,LIGHTWEIGHT,3.049999999999775,3.0502816000485407,0.028,True,63
1562,3.123999999999767,62,12,1550,LIGHTWEIGHT,3.049999999999775,3.0502816000485407,0.026000000000000002,True,63
1563,3.1259999999997667,62,13,1550,LIGHTWEIGHT,3.049999999999775,3.0502816000485407,0.024,True,63
1564,3.1279999999997665,62,14,1550,LIGHTWEIGHT,3.049999999999775,3.0502816000485407,0.022,True,63
1565,3.1299999999997663,62,15,1550,LIGHTWEIGHT,3.049999999999775,3.0502816000485407,0.02,True,63
1566,3.131999999999766,62,16,1550,LIGHTWEIGHT,3.049999999999775,3.0502816000485407,0.018000000000000002,True,63
1567,3.133999999999766,62,17,1550,LIGHTWEIGHT,3.049999999999775,3.0502816000485407,0.016,True,63
1568,3.1359999999997656,62,18,1550,LIGHTWEIGHT,3.049999999999775,3.0502816000485407,0.014,True,63
1569,3.1379999999997654,62,19,1550,LIGHTWEIGHT,3.049999999999775,3.0502816000485407,0.012,True,63
1570,3.139999999999765,62,20,1550,LIGHTWEIGHT,3.049999999999775,3.0502816000485407,0.01,True,63
1571,3.141999999999765,62,21,1550,LIGHTWEIGHT,3.049999999999775,3.0502816000485407,0.008,True,63
1572,3.1439999999997648,62,22,1550,LIGHTWEIGHT,3.049999999999775,3.0502816000485407,0.006,True,63
1573,3.1459999999997645,62,23,1550,LIGHTWEIGHT,3.049999999999775,3.0502816000485407,0.004,True,63
1574,3.1479999999997643,62,24,1550,LIGHTWEIGHT,3.049999999999775,3.0502816000485407,0.002,True,63
1575,3.149999999999764,63,0,1575,LIGHTWEIGHT,3.0999999999997696,3.1003507999933815,0.05,False,
1576,3.151999999999764,63,1,1575,LIGHTWEIGHT,3.0999999999997696,3.1003507999933815,0.048,True,64
1577,3.1539999999997637,63,2,1575,LIGHTWEIGHT,3.0999999999997696,3.1003507999933815,0.046,True,64
1578,3.1559999999997634,63,3,1575,LIGHTWEIGHT,3.0999999999997696,3.1003507999933815,0.044,True,64
1579,3.157999999999763,63,4,1575,LIGHTWEIGHT,3.0999999999997696,3.1003507999933815,0.042,True,64
1580,3.159999999999763,63,5,1575,LIGHTWEIGHT,3.0999999999997696,3.1003507999933815,0.04,True,64
1581,3.161999999999763,63,6,1575,LIGHTWEIGHT,3.0999999999997696,3.1003507999933815,0.038,True,64
1582,3.1639999999997626,63,7,1575,LIGHTWEIGHT,3.0999999999997696,3.1003507999933815,0.036000000000000004,True,64
1583,3.1659999999997623,63,8,1575,LIGHTWEIGHT,3.0999999999997696,3.1003507999933815,0.034,True,64
1584,3.167999999999762,63,9,1575,LIGHTWEIGHT,3.0999999999997696,3.1003507999933815,0.032,True,64
1585,3.169999999999762,63,10,1575,LIGHTWEIGHT,3.0999999999997696,3.1003507999933815,0.03,True,64
1586,3.1719999999997617,63,11,1575,LIGHTWEIGHT,3.0999999999997696,3.1003507999933815,0.028,True,64
1587,3.1739999999997615,63,12,1575,LIGHTWEIGHT,3.0999999999997696,3.1003507999933815,0.026000000000000002,True,64
1588,3.1759999999997612,63,13,1575,LIGHTWEIGHT,3.0999999999997696,3.1003507999933815,0.024,True,64
1589,3.177999999999761,63,14,1575,LIGHTWEIGHT,3.0999999999997696,3.1003507999933815,0.022,True,64
1590,3.179999999999761,63,15,1575,LIGHTWEIGHT,3.0999999999997696,3.1003507999933815,0.02,True,64
1591,3.1819999999997606,63,16,1575,LIGHTWEIGHT,3.0999999999997696,3.1003507999933815,0.018000000000000002,True,64
1592,3.1839999999997604,63,17,1575,LIGHTWEIGHT,3.0999999999997696,3.1003507999933815,0.016,True,64
1593,3.18599999999976,63,18,1575,LIGHTWEIGHT,3.0999999999997696,3.1003507999933815,0.014,True,64
1594,3.18799999999976,63,19,1575,LIGHTWEIGHT,3.0999999999997696,3.1003507999933815,0.012,True,64
1595,3.1899999999997597,63,20,1575,LIGHTWEIGHT,3.0999999999997696,3.1003507999933815,0.01,True,64
1596,3.1919999999997595,63,21,1575,LIGHTWEIGHT,3.0999999999997696,3.1003507999933815,0.008,True,64
1597,3.1939999999997593,63,22,1575,LIGHTWEIGHT,3.0999999999997696,3.1003507999933815,0.006,True,64
1598,3.195999999999759,63,23,1575,LIGHTWEIGHT,3.0999999999997696,3.1003507999933815,0.004,True,64
1599,3.197999999999759,63,24,1575,LIGHTWEIGHT,3.0999999999997696,3.1003507999933815,0.002,True,64
1600,3.1999999999997586,64,0,1600,LIGHTWEIGHT,3.149999999999764,3.1502802000378693,0.05,False,
1601,3.2019999999997584,64,1,1600,LIGHTWEIGHT,3.149999999999764,3.1502802000378693,0.048,True,65
1602,3.203999999999758,64,2,1600,LIGHTWEIGHT,3.149999999999764,3.1502802000378693,0.046,True,65
1603,3.205999999999758,64,3,1600,LIGHTWEIGHT,3.149999999999764,3.1502802000378693,0.044,True,65
1604,3.2079999999997577,64,4,1600,LIGHTWEIGHT,3.149999999999764,3.1502802000378693,0.042,True,65
1605,3.2099999999997575,64,5,1600,LIGHTWEIGHT,3.149999999999764,3.1502802000378693,0.04,True,65
1606,3.2119999999997573,64,6,1600,LIGHTWEIGHT,3.149999999999764,3.1502802000378693,0.038,True,65
1607,3.213999999999757,64,7,1600,LIGHTWEIGHT,3.149999999999764,3.1502802000378693,0.036000000000000004,True,65
1608,3.215999999999757,64,8,1600,LIGHTWEIGHT,3.149999999999764,3.1502802000378693,0.034,True,65
1609,3.2179999999997566,64,9,1600,LIGHTWEIGHT,3.149999999999764,3.1502802000378693,0.032,True,65
1610,3.2199999999997564,64,10,1600,LIGHTWEIGHT,3.149999999999764,3.1502802000378693,0.03,True,65
1611,3.221999999999756,64,11,1600,LIGHTWEIGHT,3.149999999999764,3.1502802000378693,0.028,True,65
1612,3.223999999999756,64,12,1600,LIGHTWEIGHT,3.149999999999764,3.1502802000378693,0.026000000000000002,True,65
1613,3.2259999999997557,64,13,1600,LIGHTWEIGHT,3.149999999999764,3.1502802000378693,0.024,True,65
1614,3.2279999999997555,64,14,1600,LIGHTWEIGHT,3.149999999999764,3.1502802000378693,0.022,True,65
1615,3.2299999999997553,64,15,1600,LIGHTWEIGHT,3.149999999999764,3.1502802000378693,0.02,True,65
1616,3.231999999999755,64,16,1600,LIGHTWEIGHT,3.149999999999764,3.1502802000378693,0.018000000000000002,True,65
1617,3.233999999999755,64,17,1600,LIGHTWEIGHT,3.149999999999764,3.1502802000378693,0.016,True,65
1618,3.2359999999997546,64,18,1600,LIGHTWEIGHT,3.149999999999764,3.1502802000378693,0.014,True,65
1619,3.2379999999997544,64,19,1600,LIGHTWEIGHT,3.149999999999764,3.1502802000378693,0.012,True,65
1620,3.239999999999754,64,20,1600,LIGHTWEIGHT,3.149999999999764,3.1502802000378693,0.01,True,65
1621,3.241999999999754,64,21,1600,LIGHTWEIGHT,3.149999999999764,3.1502802000378693,0.008,True,65
1622,3.2439999999997537,64,22,1600,LIGHTWEIGHT,3.149999999999764,3.1502802000378693,0.006,True,65
1623,3.2459999999997535,64,23,1600,LIGHTWEIGHT,3.149999999999764,3.1502802000378693,0.004,True,65
1624,3.2479999999997533,64,24,1600,LIGHTWEIGHT,3.149999999999764,3.1502802000378693,0.002,True,65
1625,3.249999999999753,65,0,1625,LIGHTWEIGHT,3.1999999999997586,3.2003208999985278,0.05,False,
1626,3.251999999999753,65,1,1625,LIGHTWEIGHT,3.1999999999997586,3.2003208999985278,0.048,True,66
1627,3.2539999999997526,65,2,1625,LIGHTWEIGHT,3.1999999999997586,3.2003208999985278,0.046,True,66
1628,3.2559999999997524,65,3,1625,LIGHTWEIGHT,3.1999999999997586,3.2003208999985278,0.044,True,66
1629,3.257999999999752,65,4,1625,LIGHTWEIGHT,3.1999999999997586,3.2003208999985278,0.042,True,66
1630,3.259999999999752,65,5,1625,LIGHTWEIGHT,3.1999999999997586,3.2003208999985278,0.04,True,66
1631,3.2619999999997518,65,6,1625,LIGHTWEIGHT,3.1999999999997586,3.2003208999985278,0.038,True,66
1632,3.2639999999997515,65,7,1625,LIGHTWEIGHT,3.1999999999997586,3.2003208999985278,0.036000000000000004,True,66
1633,3.2659999999997513,65,8,1625,LIGHTWEIGHT,3.1999999999997586,3.2003208999985278,0.034,True,66
1634,3.267999999999751,65,9,1625,LIGHTWEIGHT,3.1999999999997586,3.2003208999985278,0.032,True,66
1635,3.269999999999751,65,10,1625,LIGHTWEIGHT,3.1999999999997586,3.2003208999985278,0.03,True,66
1636,3.2719999999997507,65,11,1625,LIGHTWEIGHT,3.1999999999997586,3.2003208999985278,0.028,True,66
1637,3.2739999999997504,65,12,1625,LIGHTWEIGHT,3.1999999999997586,3.2003208999985278,0.026000000000000002,True,66
1638,3.2759999999997502,65,13,1625,LIGHTWEIGHT,3.1999999999997586,3.2003208999985278,0.024,True,66
1639,3.27799999999975,65,14,1625,LIGHTWEIGHT,3.1999999999997586,3.2003208999985278,0.022,True,66
1640,3.27999999999975,65,15,1625,LIGHTWEIGHT,3.1999999999997586,3.2003208999985278,0.02,True,66
1641,3.2819999999997496,65,16,1625,LIGHTWEIGHT,3.1999999999997586,3.2003208999985278,0.018000000000000002,True,66
1642,3.2839999999997493,65,17,1625,LIGHTWEIGHT,3.1999999999997586,3.2003208999985278,0.016,True,66
1643,3.285999999999749,65,18,1625,LIGHTWEIGHT,3.1999999999997586,3.2003208999985278,0.014,True,66
1644,3.287999999999749,65,19,1625,LIGHTWEIGHT,3.1999999999997586,3.2003208999985278,0.012,True,66
1645,3.2899999999997487,65,20,1625,LIGHTWEIGHT,3.1999999999997586,3.2003208999985278,0.01,True,66
1646,3.2919999999997485,65,21,1625,LIGHTWEIGHT,3.1999999999997586,3.2003208999985278,0.008,True,66
1647,3.2939999999997482,65,22,1625,LIGHTWEIGHT,3.1999999999997586,3.2003208999985278,0.006,True,66
1648,3.295999999999748,65,23,1625,LIGHTWEIGHT,3.1999999999997586,3.2003208999985278,0.004,True,66
1649,3.297999999999748,65,24,1625,LIGHTWEIGHT,3.1999999999997586,3.2003208999985278,0.002,True,66
1650,3.2999999999997476,66,0,1650,NORMAL,3.249999999999753,3.2503028999778767,0.05,False,
1651,3.3019999999997474,66,1,1650,NORMAL,3.249999999999753,3.2503028999778767,0.048,True,67
1652,3.303999999999747,66,2,1650,NORMAL,3.249999999999753,3.2503028999778767,0.046,True,67
1653,3.305999999999747,66,3,1650,NORMAL,3.249999999999753,3.2503028999778767,0.044,True,67
1654,3.3079999999997467,66,4,1650,NORMAL,3.249999999999753,3.2503028999778767,0.042,True,67
1655,3.3099999999997465,66,5,1650,NORMAL,3.249999999999753,3.2503028999778767,0.04,True,67
1656,3.3119999999997463,66,6,1650,NORMAL,3.249999999999753,3.2503028999778767,0.038,True,67
1657,3.313999999999746,66,7,1650,NORMAL,3.249999999999753,3.2503028999778767,0.036000000000000004,True,67
1658,3.315999999999746,66,8,1650,NORMAL,3.249999999999753,3.2503028999778767,0.034,True,67
1659,3.3179999999997456,66,9,1650,NORMAL,3.249999999999753,3.2503028999778767,0.032,True,67
1660,3.3199999999997454,66,10,1650,NORMAL,3.249999999999753,3.2503028999778767,0.03,True,67
1661,3.321999999999745,66,11,1650,NORMAL,3.249999999999753,3.2503028999778767,0.028,True,67
1662,3.323999999999745,66,12,1650,NORMAL,3.249999999999753,3.2503028999778767,0.026000000000000002,True,67
1663,3.3259999999997447,66,13,1650,NORMAL,3.249999999999753,3.2503028999778767,0.024,True,67
1664,3.3279999999997445,66,14,1650,NORMAL,3.249999999999753,3.2503028999778767,0.022,True,67
1665,3.3299999999997443,66,15,1650,NORMAL,3.249999999999753,3.2503028999778767,0.02,True,67
1666,3.331999999999744,66,16,1650,NORMAL,3.249999999999753,3.2503028999778767,0.018000000000000002,True,67
1667,3.333999999999744,66,17,1650,NORMAL,3.249999999999753,3.2503028999778767,0.016,True,67
1668,3.3359999999997436,66,18,1650,NORMAL,3.249999999999753,3.2503028999778767,0.014,True,67
1669,3.3379999999997434,66,19,1650,NORMAL,3.249999999999753,3.2503028999778767,0.012,True,67
1670,3.339999999999743,66,20,1650,NORMAL,3.249999999999753,3.2503028999778767,0.01,True,67
1671,3.341999999999743,66,21,1650,NORMAL,3.249999999999753,3.2503028999778767,0.008,True,67
1672,3.3439999999997427,66,22,1650,NORMAL,3.249999999999753,3.2503028999778767,0.006,True,67
1673,3.3459999999997425,66,23,1650,NORMAL,3.249999999999753,3.2503028999778767,0.004,True,67
1674,3.3479999999997423,66,24,1650,NORMAL,3.249999999999753,3.2503028999778767,0.002,True,67
1675,3.349999999999742,67,0,1675,NORMAL,3.2999999999997476,3.3002682999472404,0.05,False,
1676,3.351999999999742,67,1,1675,NORMAL,3.2999999999997476,3.3002682999472404,0.048,True,68
1677,3.3539999999997416,67,2,1675,NORMAL,3.2999999999997476,3.3002682999472404,0.046,True,68
1678,3.3559999999997414,67,3,1675,NORMAL,3.2999999999997476,3.3002682999472404,0.044,True,68
1679,3.357999999999741,67,4,1675,NORMAL,3.2999999999997476,3.3002682999472404,0.042,True,68
1680,3.359999999999741,67,5,1675,NORMAL,3.2999999999997476,3.3002682999472404,0.04,True,68
1681,3.3619999999997408,67,6,1675,NORMAL,3.2999999999997476,3.3002682999472404,0.038,True,68
1682,3.3639999999997405,67,7,1675,NORMAL,3.2999999999997476,3.3002682999472404,0.036000000000000004,True,68
1683,3.3659999999997403,67,8,1675,NORMAL,3.2999999999997476,3.3002682999472404,0.034,True,68
1684,3.36799999999974,67,9,1675,NORMAL,3.2999999999997476,3.3002682999472404,0.032,True,68
1685,3.36999999999974,67,10,1675,NORMAL,3.2999999999997476,3.3002682999472404,0.03,True,68
1686,3.3719999999997397,67,11,1675,NORMAL,3.2999999999997476,3.3002682999472404,0.028,True,68
1687,3.3739999999997394,67,12,1675,NORMAL,3.2999999999997476,3.3002682999472404,0.026000000000000002,True,68
1688,3.375999999999739,67,13,1675,NORMAL,3.2999999999997476,3.3002682999472404,0.024,True,68
1689,3.377999999999739,67,14,1675,NORMAL,3.2999999999997476,3.3002682999472404,0.022,True,68
1690,3.3799999999997388,67,15,1675,NORMAL,3.2999999999997476,3.3002682999472404,0.02,True,68
1691,3.3819999999997385,67,16,1675,NORMAL,3.2999999999997476,3.3002682999472404,0.018000000000000002,True,68
1692,3.3839999999997383,67,17,1675,NORMAL,3.2999999999997476,3.3002682999472404,0.016,True,68
1693,3.385999999999738,67,18,1675,NORMAL,3.2999999999997476,3.3002682999472404,0.014,True,68
1694,3.387999999999738,67,19,1675,NORMAL,3.2999999999997476,3.3002682999472404,0.012,True,68
1695,3.3899999999997377,67,20,1675,NORMAL,3.2999999999997476,3.3002682999472404,0.01,True,68
1696,3.3919999999997374,67,21,1675,NORMAL,3.2999999999997476,3.3002682999472404,0.008,True,68
1697,3.3939999999997372,67,22,1675,NORMAL,3.2999999999997476,3.3002682999472404,0.006,True,68
1698,3.395999999999737,67,23,1675,NORMAL,3.2999999999997476,3.3002682999472404,0.004,True,68
1699,3.397999999999737,67,24,1675,NORMAL,3.2999999999997476,3.3002682999472404,0.002,True,68
1700,3.3999999999997366,68,0,1700,NORMAL,3.349999999999742,3.3502710000842093,0.05,False,
1701,3.4019999999997363,68,1,1700,NORMAL,3.349999999999742,3.3502710000842093,0.048,True,69
1702,3.403999999999736,68,2,1700,NORMAL,3.349999999999742,3.3502710000842093,0.046,True,69
1703,3.405999999999736,68,3,1700,NORMAL,3.349999999999742,3.3502710000842093,0.044,True,69
1704,3.4079999999997357,68,4,1700,NORMAL,3.349999999999742,3.3502710000842093,0.042,True,69
1705,3.4099999999997355,68,5,1700,NORMAL,3.349999999999742,3.3502710000842093,0.04,True,69
1706,3.4119999999997352,68,6,1700,NORMAL,3.349999999999742,3.3502710000842093,0.038,True,69
1707,3.413999999999735,68,7,1700,NORMAL,3.349999999999742,3.3502710000842093,0.036000000000000004,True,69
1708,3.415999999999735,68,8,1700,NORMAL,3.349999999999742,3.3502710000842093,0.034,True,69
1709,3.4179999999997346,68,9,1700,NORMAL,3.349999999999742,3.3502710000842093,0.032,True,69
1710,3.4199999999997344,68,10,1700,NORMAL,3.349999999999742,3.3502710000842093,0.03,True,69
1711,3.421999999999734,68,11,1700,NORMAL,3.349999999999742,3.3502710000842093,0.028,True,69
1712,3.423999999999734,68,12,1700,NORMAL,3.349999999999742,3.3502710000842093,0.026000000000000002,True,69
1713,3.4259999999997337,68,13,1700,NORMAL,3.349999999999742,3.3502710000842093,0.024,True,69
1714,3.4279999999997335,68,14,1700,NORMAL,3.349999999999742,3.3502710000842093,0.022,True,69
1715,3.4299999999997333,68,15,1700,NORMAL,3.349999999999742,3.3502710000842093,0.02,True,69
1716,3.431999999999733,68,16,1700,NORMAL,3.349999999999742,3.3502710000842093,0.018000000000000002,True,69
1717,3.433999999999733,68,17,1700,NORMAL,3.349999999999742,3.3502710000842093,0.016,True,69
1718,3.4359999999997326,68,18,1700,NORMAL,3.349999999999742,3.3502710000842093,0.014,True,69
1719,3.4379999999997324,68,19,1700,NORMAL,3.349999999999742,3.3502710000842093,0.012,True,69
1720,3.439999999999732,68,20,1700,NORMAL,3.349999999999742,3.3502710000842093,0.01,True,69
1721,3.441999999999732,68,21,1700,NORMAL,3.349999999999742,3.3502710000842093,0.008,True,69
1722,3.4439999999997317,68,22,1700,NORMAL,3.349999999999742,3.3502710000842093,0.006,True,69
1723,3.4459999999997315,68,23,1700,NORMAL,3.349999999999742,3.3502710000842093,0.004,True,69
1724,3.4479999999997313,68,24,1700,NORMAL,3.349999999999742,3.3502710000842093,0.002,True,69
1725,3.449999999999731,69,0,1725,NORMAL,3.3999999999997366,3.4003416000397104,0.05,False,
1726,3.451999999999731,69,1,1725,NORMAL,3.3999999999997366,3.4003416000397104,0.048,True,70
1727,3.4539999999997306,69,2,1725,NORMAL,3.3999999999997366,3.4003416000397104,0.046,True,70
1728,3.4559999999997304,69,3,1725,NORMAL,3.3999999999997366,3.4003416000397104,0.044,True,70
1729,3.45799999999973,69,4,1725,NORMAL,3.3999999999997366,3.4003416000397104,0.042,True,70
1730,3.45999999999973,69,5,1725,NORMAL,3.3999999999997366,3.4003416000397104,0.04,True,70
1731,3.4619999999997297,69,6,1725,NORMAL,3.3999999999997366,3.4003416000397104,0.038,True,70
1732,3.4639999999997295,69,7,1725,NORMAL,3.3999999999997366,3.4003416000397104,0.036000000000000004,True,70
1733,3.4659999999997293,69,8,1725,NORMAL,3.3999999999997366,3.4003416000397104,0.034,True,70
1734,3.467999999999729,69,9,1725,NORMAL,3.3999999999997366,3.4003416000397104,0.032,True,70
1735,3.469999999999729,69,10,1725,NORMAL,3.3999999999997366,3.4003416000397104,0.03,True,70
1736,3.4719999999997286,69,11,1725,NORMAL,3.3999999999997366,3.4003416000397104,0.028,True,70
1737,3.4739999999997284,69,12,1725,NORMAL,3.3999999999997366,3.4003416000397104,0.026000000000000002,True,70
1738,3.475999999999728,69,13,1725,NORMAL,3.3999999999997366,3.4003416000397104,0.024,True,70
1739,3.477999999999728,69,14,1725,NORMAL,3.3999999999997366,3.4003416000397104,0.022,True,70
1740,3.4799999999997278,69,15,1725,NORMAL,3.3999999999997366,3.4003416000397104,0.02,True,70
1741,3.4819999999997275,69,16,1725,NORMAL,3.3999999999997366,3.4003416000397104,0.018000000000000002,True,70
1742,3.4839999999997273,69,17,1725,NORMAL,3.3999999999997366,3.4003416000397104,0.016,True,70
1743,3.485999999999727,69,18,1725,NORMAL,3.3999999999997366,3.4003416000397104,0.014,True,70
1744,3.487999999999727,69,19,1725,NORMAL,3.3999999999997366,3.4003416000397104,0.012,True,70
1745,3.4899999999997267,69,20,1725,NORMAL,3.3999999999997366,3.4003416000397104,0.01,True,70
1746,3.4919999999997264,69,21,1725,NORMAL,3.3999999999997366,3.4003416000397104,0.008,True,70
1747,3.493999999999726,69,22,1725,NORMAL,3.3999999999997366,3.4003416000397104,0.006,True,70
1748,3.495999999999726,69,23,1725,NORMAL,3.3999999999997366,3.4003416000397104,0.004,True,70
1749,3.4979999999997258,69,24,1725,NORMAL,3.3999999999997366,3.4003416000397104,0.002,True,70
1750,3.4999999999997256,70,0,1750,NORMAL,3.449999999999731,3.450265100039273,0.05,False,
1751,3.5019999999997253,70,1,1750,NORMAL,3.449999999999731,3.450265100039273,0.048,True,71
1752,3.503999999999725,70,2,1750,NORMAL,3.449999999999731,3.450265100039273,0.046,True,71
1753,3.505999999999725,70,3,1750,NORMAL,3.449999999999731,3.450265100039273,0.044,True,71
1754,3.5079999999997247,70,4,1750,NORMAL,3.449999999999731,3.450265100039273,0.042,True,71
1755,3.5099999999997245,70,5,1750,NORMAL,3.449999999999731,3.450265100039273,0.04,True,71
1756,3.5119999999997242,70,6,1750,NORMAL,3.449999999999731,3.450265100039273,0.038,True,71
1757,3.513999999999724,70,7,1750,NORMAL,3.449999999999731,3.450265100039273,0.036000000000000004,True,71
1758,3.515999999999724,70,8,1750,NORMAL,3.449999999999731,3.450265100039273,0.034,True,71
1759,3.5179999999997236,70,9,1750,NORMAL,3.449999999999731,3.450265100039273,0.032,True,71
1760,3.5199999999997234,70,10,1750,NORMAL,3.449999999999731,3.450265100039273,0.03,True,71
1761,3.521999999999723,70,11,1750,NORMAL,3.449999999999731,3.450265100039273,0.028,True,71
1762,3.523999999999723,70,12,1750,NORMAL,3.449999999999731,3.450265100039273,0.026000000000000002,True,71
1763,3.5259999999997227,70,13,1750,NORMAL,3.449999999999731,3.450265100039273,0.024,True,71
1764,3.5279999999997225,70,14,1750,NORMAL,3.449999999999731,3.450265100039273,0.022,True,71
1765,3.5299999999997222,70,15,1750,NORMAL,3.449999999999731,3.450265100039273,0.02,True,71
1766,3.531999999999722,70,16,1750,NORMAL,3.449999999999731,3.450265100039273,0.018000000000000002,True,71
1767,3.533999999999722,70,17,1750,NORMAL,3.449999999999731,3.450265100039273,0.016,True,71
1768,3.5359999999997216,70,18,1750,NORMAL,3.449999999999731,3.450265100039273,0.014,True,71
1769,3.5379999999997214,70,19,1750,NORMAL,3.449999999999731,3.450265100039273,0.012,True,71
1770,3.539999999999721,70,20,1750,NORMAL,3.449999999999731,3.450265100039273,0.01,True,71
1771,3.541999999999721,70,21,1750,NORMAL,3.449999999999731,3.450265100039273,0.008,True,71
1772,3.5439999999997207,70,22,1750,NORMAL,3.449999999999731,3.450265100039273,0.006,True,71
1773,3.5459999999997205,70,23,1750,NORMAL,3.449999999999731,3.450265100039273,0.004,True,71
1774,3.5479999999997203,70,24,1750,NORMAL,3.449999999999731,3.450265100039273,0.002,True,71
1775,3.54999999999972,71,0,1775,NORMAL,3.4999999999997256,3.500270199961686,0.05,False,
1776,3.55199999999972,71,1,1775,NORMAL,3.4999999999997256,3.500270199961686,0.048,True,72
1777,3.5539999999997196,71,2,1775,NORMAL,3.4999999999997256,3.500270199961686,0.046,True,72
1778,3.5559999999997194,71,3,1775,NORMAL,3.4999999999997256,3.500270199961686,0.044,True,72
1779,3.557999999999719,71,4,1775,NORMAL,3.4999999999997256,3.500270199961686,0.042,True,72
1780,3.559999999999719,71,5,1775,NORMAL,3.4999999999997256,3.500270199961686,0.04,True,72
1781,3.5619999999997187,71,6,1775,NORMAL,3.4999999999997256,3.500270199961686,0.038,True,72
1782,3.5639999999997185,71,7,1775,NORMAL,3.4999999999997256,3.500270199961686,0.036000000000000004,True,72
1783,3.5659999999997183,71,8,1775,NORMAL,3.4999999999997256,3.500270199961686,0.034,True,72
1784,3.567999999999718,71,9,1775,NORMAL,3.4999999999997256,3.500270199961686,0.032,True,72
1785,3.569999999999718,71,10,1775,NORMAL,3.4999999999997256,3.500270199961686,0.03,True,72
1786,3.5719999999997176,71,11,1775,NORMAL,3.4999999999997256,3.500270199961686,0.028,True,72
1787,3.5739999999997174,71,12,1775,NORMAL,3.4999999999997256,3.500270199961686,0.026000000000000002,True,72
1788,3.575999999999717,71,13,1775,NORMAL,3.4999999999997256,3.500270199961686,0.024,True,72
1789,3.577999999999717,71,14,1775,NORMAL,3.4999999999997256,3.500270199961686,0.022,True,72
1790,3.5799999999997167,71,15,1775,NORMAL,3.4999999999997256,3.500270199961686,0.02,True,72
1791,3.5819999999997165,71,16,1775,NORMAL,3.4999999999997256,3.500270199961686,0.018000000000000002,True,72
1792,3.5839999999997163,71,17,1775,NORMAL,3.4999999999997256,3.500270199961686,0.016,True,72
1793,3.585999999999716,71,18,1775,NORMAL,3.4999999999997256,3.500270199961686,0.014,True,72
1794,3.587999999999716,71,19,1775,NORMAL,3.4999999999997256,3.500270199961686,0.012,True,72
1795,3.5899999999997156,71,20,1775,NORMAL,3.4999999999997256,3.500270199961686,0.01,True,72
1796,3.5919999999997154,71,21,1775,NORMAL,3.4999999999997256,3.500270199961686,0.008,True,72
1797,3.593999999999715,71,22,1775,NORMAL,3.4999999999997256,3.500270199961686,0.006,True,72
1798,3.595999999999715,71,23,1775,NORMAL,3.4999999999997256,3.500270199961686,0.004,True,72
1799,3.5979999999997148,71,24,1775,NORMAL,3.4999999999997256,3.500270199961686,0.002,True,72
1800,3.5999999999997145,72,0,1800,NORMAL,3.54999999999972,3.5502855999625282,0.05,False,
1801,3.6019999999997143,72,1,1800,NORMAL,3.54999999999972,3.5502855999625282,0.048,True,73
1802,3.603999999999714,72,2,1800,NORMAL,3.54999999999972,3.5502855999625282,0.046,True,73
1803,3.605999999999714,72,3,1800,NORMAL,3.54999999999972,3.5502855999625282,0.044,True,73
1804,3.6079999999997137,72,4,1800,NORMAL,3.54999999999972,3.5502855999625282,0.042,True,73
1805,3.6099999999997134,72,5,1800,NORMAL,3.54999999999972,3.5502855999625282,0.04,True,73
1806,3.611999999999713,72,6,1800,NORMAL,3.54999999999972,3.5502855999625282,0.038,True,73
1807,3.613999999999713,72,7,1800,NORMAL,3.54999999999972,3.5502855999625282,0.036000000000000004,True,73
1808,3.6159999999997128,72,8,1800,NORMAL,3.54999999999972,3.5502855999625282,0.034,True,73
1809,3.6179999999997126,72,9,1800,NORMAL,3.54999999999972,3.5502855999625282,0.032,True,73
1810,3.6199999999997123,72,10,1800,NORMAL,3.54999999999972,3.5502855999625282,0.03,True,73
1811,3.621999999999712,72,11,1800,NORMAL,3.54999999999972,3.5502855999625282,0.028,True,73
1812,3.623999999999712,72,12,1800,NORMAL,3.54999999999972,3.5502855999625282,0.026000000000000002,True,73
1813,3.6259999999997117,72,13,1800,NORMAL,3.54999999999972,3.5502855999625282,0.024,True,73
1814,3.6279999999997115,72,14,1800,NORMAL,3.54999999999972,3.5502855999625282,0.022,True,73
1815,3.6299999999997112,72,15,1800,NORMAL,3.54999999999972,3.5502855999625282,0.02,True,73
1816,3.631999999999711,72,16,1800,NORMAL,3.54999999999972,3.5502855999625282,0.018000000000000002,True,73
1817,3.633999999999711,72,17,1800,NORMAL,3.54999999999972,3.5502855999625282,0.016,True,73
1818,3.6359999999997106,72,18,1800,NORMAL,3.54999999999972,3.5502855999625282,0.014,True,73
1819,3.6379999999997104,72,19,1800,NORMAL,3.54999999999972,3.5502855999625282,0.012,True,73
1820,3.63999999999971,72,20,1800,NORMAL,3.54999999999972,3.5502855999625282,0.01,True,73
1821,3.64199999999971,72,21,1800,NORMAL,3.54999999999972,3.5502855999625282,0.008,True,73
1822,3.6439999999997097,72,22,1800,NORMAL,3.54999999999972,3.5502855999625282,0.006,True,73
1823,3.6459999999997095,72,23,1800,NORMAL,3.54999999999972,3.5502855999625282,0.004,True,73
1824,3.6479999999997093,72,24,1800,NORMAL,3.54999999999972,3.5502855999625282,0.002,True,73
1825,3.649999999999709,73,0,1825,NORMAL,3.5999999999997145,3.600276799895515,0.05,False,
1826,3.651999999999709,73,1,1825,NORMAL,3.5999999999997145,3.600276799895515,0.048,True,74
1827,3.6539999999997086,73,2,1825,NORMAL,3.5999999999997145,3.600276799895515,0.046,True,74
1828,3.6559999999997084,73,3,1825,NORMAL,3.5999999999997145,3.600276799895515,0.044,True,74
1829,3.657999999999708,73,4,1825,NORMAL,3.5999999999997145,3.600276799895515,0.042,True,74
1830,3.659999999999708,73,5,1825,NORMAL,3.5999999999997145,3.600276799895515,0.04,True,74
1831,3.6619999999997077,73,6,1825,NORMAL,3.5999999999997145,3.600276799895515,0.038,True,74
1832,3.6639999999997075,73,7,1825,NORMAL,3.5999999999997145,3.600276799895515,0.036000000000000004,True,74
1833,3.6659999999997073,73,8,1825,NORMAL,3.5999999999997145,3.600276799895515,0.034,True,74
1834,3.667999999999707,73,9,1825,NORMAL,3.5999999999997145,3.600276799895515,0.032,True,74
1835,3.669999999999707,73,10,1825,NORMAL,3.5999999999997145,3.600276799895515,0.03,True,74
1836,3.6719999999997066,73,11,1825,NORMAL,3.5999999999997145,3.600276799895515,0.028,True,74
1837,3.6739999999997064,73,12,1825,NORMAL,3.5999999999997145,3.600276799895515,0.026000000000000002,True,74
1838,3.675999999999706,73,13,1825,NORMAL,3.5999999999997145,3.600276799895515,0.024,True,74
1839,3.677999999999706,73,14,1825,NORMAL,3.5999999999997145,3.600276799895515,0.022,True,74
1840,3.6799999999997057,73,15,1825,NORMAL,3.5999999999997145,3.600276799895515,0.02,True,74
1841,3.6819999999997055,73,16,1825,NORMAL,3.5999999999997145,3.600276799895515,0.018000000000000002,True,74
1842,3.6839999999997053,73,17,1825,NORMAL,3.5999999999997145,3.600276799895515,0.016,True,74
1843,3.685999999999705,73,18,1825,NORMAL,3.5999999999997145,3.600276799895515,0.014,True,74
1844,3.687999999999705,73,19,1825,NORMAL,3.5999999999997145,3.600276799895515,0.012,True,74
1845,3.6899999999997046,73,20,1825,NORMAL,3.5999999999997145,3.600276799895515,0.01,True,74
1846,3.6919999999997044,73,21,1825,NORMAL,3.5999999999997145,3.600276799895515,0.008,True,74
1847,3.693999999999704,73,22,1825,NORMAL,3.5999999999997145,3.600276799895515,0.006,True,74
1848,3.695999999999704,73,23,1825,NORMAL,3.5999999999997145,3.600276799895515,0.004,True,74
1849,3.6979999999997037,73,24,1825,NORMAL,3.5999999999997145,3.600276799895515,0.002,True,74
1850,3.6999999999997035,74,0,1850,NORMAL,3.649999999999709,3.650268799951009,0.05,False,
1851,3.7019999999997033,74,1,1850,NORMAL,3.649999999999709,3.650268799951009,0.048,True,75
1852,3.703999999999703,74,2,1850,NORMAL,3.649999999999709,3.650268799951009,0.046,True,75
1853,3.705999999999703,74,3,1850,NORMAL,3.649999999999709,3.650268799951009,0.044,True,75
1854,3.7079999999997026,74,4,1850,NORMAL,3.649999999999709,3.650268799951009,0.042,True,75
1855,3.7099999999997024,74,5,1850,NORMAL,3.649999999999709,3.650268799951009,0.04,True,75
1856,3.711999999999702,74,6,1850,NORMAL,3.649999999999709,3.650268799951009,0.038,True,75
1857,3.713999999999702,74,7,1850,NORMAL,3.649999999999709,3.650268799951009,0.036000000000000004,True,75
1858,3.7159999999997018,74,8,1850,NORMAL,3.649999999999709,3.650268799951009,0.034,True,75
1859,3.7179999999997015,74,9,1850,NORMAL,3.649999999999709,3.650268799951009,0.032,True,75
1860,3.7199999999997013,74,10,1850,NORMAL,3.649999999999709,3.650268799951009,0.03,True,75
1861,3.721999999999701,74,11,1850,NORMAL,3.649999999999709,3.650268799951009,0.028,True,75
1862,3.723999999999701,74,12,1850,NORMAL,3.649999999999709,3.650268799951009,0.026000000000000002,True,75
1863,3.7259999999997007,74,13,1850,NORMAL,3.649999999999709,3.650268799951009,0.024,True,75
1864,3.7279999999997004,74,14,1850,NORMAL,3.649999999999709,3.650268799951009,0.022,True,75
1865,3.7299999999997,74,15,1850,NORMAL,3.649999999999709,3.650268799951009,0.02,True,75
1866,3.7319999999997,74,16,1850,NORMAL,3.649999999999709,3.650268799951009,0.018000000000000002,True,75
1867,3.7339999999997,74,17,1850,NORMAL,3.649999999999709,3.650268799951009,0.016,True,75
1868,3.7359999999996996,74,18,1850,NORMAL,3.649999999999709,3.650268799951009,0.014,True,75
1869,3.7379999999996993,74,19,1850,NORMAL,3.649999999999709,3.650268799951009,0.012,True,75
1870,3.739999999999699,74,20,1850,NORMAL,3.649999999999709,3.650268799951009,0.01,True,75
1871,3.741999999999699,74,21,1850,NORMAL,3.649999999999709,3.650268799951009,0.008,True,75
1872,3.7439999999996987,74,22,1850,NORMAL,3.649999999999709,3.650268799951009,0.006,True,75
1873,3.7459999999996985,74,23,1850,NORMAL,3.649999999999709,3.650268799951009,0.004,True,75
1874,3.7479999999996982,74,24,1850,NORMAL,3.649999999999709,3.650268799951009,0.002,True,75
1875,3.749999999999698,75,0,1875,NORMAL,3.6999999999997035,3.700264400033915,0.05,False,
1876,3.751999999999698,75,1,1875,NORMAL,3.6999999999997035,3.700264400033915,0.048,True,76
1877,3.7539999999996976,75,2,1875,NORMAL,3.6999999999997035,3.700264400033915,0.046,True,76
1878,3.7559999999996974,75,3,1875,NORMAL,3.6999999999997035,3.700264400033915,0.044,True,76
1879,3.757999999999697,75,4,1875,NORMAL,3.6999999999997035,3.700264400033915,0.042,True,76
1880,3.759999999999697,75,5,1875,NORMAL,3.6999999999997035,3.700264400033915,0.04,True,76
1881,3.7619999999996967,75,6,1875,NORMAL,3.6999999999997035,3.700264400033915,0.038,True,76
1882,3.7639999999996965,75,7,1875,NORMAL,3.6999999999997035,3.700264400033915,0.036000000000000004,True,76
1883,3.7659999999996963,75,8,1875,NORMAL,3.6999999999997035,3.700264400033915,0.034,True,76
1884,3.767999999999696,75,9,1875,NORMAL,3.6999999999997035,3.700264400033915,0.032,True,76
1885,3.769999999999696,75,10,1875,NORMAL,3.6999999999997035,3.700264400033915,0.03,True,76
1886,3.7719999999996956,75,11,1875,NORMAL,3.6999999999997035,3.700264400033915,0.028,True,76
1887,3.7739999999996954,75,12,1875,NORMAL,3.6999999999997035,3.700264400033915,0.026000000000000002,True,76
1888,3.775999999999695,75,13,1875,NORMAL,3.6999999999997035,3.700264400033915,0.024,True,76
1889,3.777999999999695,75,14,1875,NORMAL,3.6999999999997035,3.700264400033915,0.022,True,76
1890,3.7799999999996947,75,15,1875,NORMAL,3.6999999999997035,3.700264400033915,0.02,True,76
1891,3.7819999999996945,75,16,1875,NORMAL,3.6999999999997035,3.700264400033915,0.018000000000000002,True,76
1892,3.7839999999996943,75,17,1875,NORMAL,3.6999999999997035,3.700264400033915,0.016,True,76
1893,3.785999999999694,75,18,1875,NORMAL,3.6999999999997035,3.700264400033915,0.014,True,76
1894,3.787999999999694,75,19,1875,NORMAL,3.6999999999997035,3.700264400033915,0.012,True,76
1895,3.7899999999996936,75,20,1875,NORMAL,3.6999999999997035,3.700264400033915,0.01,True,76
1896,3.7919999999996934,75,21,1875,NORMAL,3.6999999999997035,3.700264400033915,0.008,True,76
1897,3.793999999999693,75,22,1875,NORMAL,3.6999999999997035,3.700264400033915,0.006,True,76
1898,3.795999999999693,75,23,1875,NORMAL,3.6999999999997035,3.700264400033915,0.004,True,76
1899,3.7979999999996927,75,24,1875,NORMAL,3.6999999999997035,3.700264400033915,0.002,True,76
1900,3.7999999999996925,76,0,1900,NORMAL,3.749999999999698,3.7503439999415313,0.05,False,
1901,3.8019999999996923,76,1,1900,NORMAL,3.749999999999698,3.7503439999415313,0.048,True,77
1902,3.803999999999692,76,2,1900,NORMAL,3.749999999999698,3.7503439999415313,0.046,True,77
1903,3.805999999999692,76,3,1900,NORMAL,3.749999999999698,3.7503439999415313,0.044,True,77
1904,3.8079999999996916,76,4,1900,NORMAL,3.749999999999698,3.7503439999415313,0.042,True,77
1905,3.8099999999996914,76,5,1900,NORMAL,3.749999999999698,3.7503439999415313,0.04,True,77
1906,3.811999999999691,76,6,1900,NORMAL,3.749999999999698,3.7503439999415313,0.038,True,77
1907,3.813999999999691,76,7,1900,NORMAL,3.749999999999698,3.7503439999415313,0.036000000000000004,True,77
1908,3.8159999999996908,76,8,1900,NORMAL,3.749999999999698,3.7503439999415313,0.034,True,77
1909,3.8179999999996905,76,9,1900,NORMAL,3.749999999999698,3.7503439999415313,0.032,True,77
1910,3.8199999999996903,76,10,1900,NORMAL,3.749999999999698,3.7503439999415313,0.03,True,77
1911,3.82199999999969,76,11,1900,NORMAL,3.749999999999698,3.7503439999415313,0.028,True,77
1912,3.82399999999969,76,12,1900,NORMAL,3.749999999999698,3.7503439999415313,0.026000000000000002,True,77
1913,3.8259999999996896,76,13,1900,NORMAL,3.749999999999698,3.7503439999415313,0.024,True,77
1914,3.8279999999996894,76,14,1900,NORMAL,3.749999999999698,3.7503439999415313,0.022,True,77
1915,3.829999999999689,76,15,1900,NORMAL,3.749999999999698,3.7503439999415313,0.02,True,77
1916,3.831999999999689,76,16,1900,NORMAL,3.749999999999698,3.7503439999415313,0.018000000000000002,True,77
1917,3.8339999999996888,76,17,1900,NORMAL,3.749999999999698,3.7503439999415313,0.016,True,77
1918,3.8359999999996885,76,18,1900,NORMAL,3.749999999999698,3.7503439999415313,0.014,True,77
1919,3.8379999999996883,76,19,1900,NORMAL,3.749999999999698,3.7503439999415313,0.012,True,77
1920,3.839999999999688,76,20,1900,NORMAL,3.749999999999698,3.7503439999415313,0.01,True,77
1921,3.841999999999688,76,21,1900,NORMAL,3.749999999999698,3.7503439999415313,0.008,True,77
1922,3.8439999999996877,76,22,1900,NORMAL,3.749999999999698,3.7503439999415313,0.006,True,77
1923,3.8459999999996874,76,23,1900,NORMAL,3.749999999999698,3.7503439999415313,0.004,True,77
1924,3.8479999999996872,76,24,1900,NORMAL,3.749999999999698,3.7503439999415313,0.002,True,77
1925,3.849999999999687,77,0,1925,NORMAL,3.7999999999996925,3.800267100054463,0.05,False,
1926,3.851999999999687,77,1,1925,NORMAL,3.7999999999996925,3.800267100054463,0.048,True,78
1927,3.8539999999996866,77,2,1925,NORMAL,3.7999999999996925,3.800267100054463,0.046,True,78
1928,3.8559999999996863,77,3,1925,NORMAL,3.7999999999996925,3.800267100054463,0.044,True,78
1929,3.857999999999686,77,4,1925,NORMAL,3.7999999999996925,3.800267100054463,0.042,True,78
1930,3.859999999999686,77,5,1925,NORMAL,3.7999999999996925,3.800267100054463,0.04,True,78
1931,3.8619999999996857,77,6,1925,NORMAL,3.7999999999996925,3.800267100054463,0.038,True,78
1932,3.8639999999996855,77,7,1925,NORMAL,3.7999999999996925,3.800267100054463,0.036000000000000004,True,78
1933,3.8659999999996852,77,8,1925,NORMAL,3.7999999999996925,3.800267100054463,0.034,True,78
1934,3.867999999999685,77,9,1925,NORMAL,3.7999999999996925,3.800267100054463,0.032,True,78
1935,3.869999999999685,77,10,1925,NORMAL,3.7999999999996925,3.800267100054463,0.03,True,78
1936,3.8719999999996846,77,11,1925,NORMAL,3.7999999999996925,3.800267100054463,0.028,True,78
1937,3.8739999999996844,77,12,1925,NORMAL,3.7999999999996925,3.800267100054463,0.026000000000000002,True,78
1938,3.875999999999684,77,13,1925,NORMAL,3.7999999999996925,3.800267100054463,0.024,True,78
1939,3.877999999999684,77,14,1925,NORMAL,3.7999999999996925,3.800267100054463,0.022,True,78
1940,3.8799999999996837,77,15,1925,NORMAL,3.7999999999996925,3.800267100054463,0.02,True,78
1941,3.8819999999996835,77,16,1925,NORMAL,3.7999999999996925,3.800267100054463,0.018000000000000002,True,78
1942,3.8839999999996833,77,17,1925,NORMAL,3.7999999999996925,3.800267100054463,0.016,True,78
1943,3.885999999999683,77,18,1925,NORMAL,3.7999999999996925,3.800267100054463,0.014,True,78
1944,3.887999999999683,77,19,1925,NORMAL,3.7999999999996925,3.800267100054463,0.012,True,78
1945,3.8899999999996826,77,20,1925,NORMAL,3.7999999999996925,3.800267100054463,0.01,True,78
1946,3.8919999999996824,77,21,1925,NORMAL,3.7999999999996925,3.800267100054463,0.008,True,78
1947,3.893999999999682,77,22,1925,NORMAL,3.7999999999996925,3.800267100054463,0.006,True,78
1948,3.895999999999682,77,23,1925,NORMAL,3.7999999999996925,3.800267100054463,0.004,True,78
1949,3.8979999999996817,77,24,1925,NORMAL,3.7999999999996925,3.800267100054463,0.002,True,78
1950,3.8999999999996815,78,0,1950,NORMAL,3.849999999999687,3.850268500065118,0.05,False,
1951,3.9019999999996813,78,1,1950,NORMAL,3.849999999999687,3.850268500065118,0.048,True,79
1952,3.903999999999681,78,2,1950,NORMAL,3.849999999999687,3.850268500065118,0.046,True,79
1953,3.905999999999681,78,3,1950,NORMAL,3.849999999999687,3.850268500065118,0.044,True,79
1954,3.9079999999996806,78,4,1950,NORMAL,3.849999999999687,3.850268500065118,0.042,True,79
1955,3.9099999999996804,78,5,1950,NORMAL,3.849999999999687,3.850268500065118,0.04,True,79
1956,3.91199999999968,78,6,1950,NORMAL,3.849999999999687,3.850268500065118,0.038,True,79
1957,3.91399999999968,78,7,1950,NORMAL,3.849999999999687,3.850268500065118,0.036000000000000004,True,79
1958,3.9159999999996797,78,8,1950,NORMAL,3.849999999999687,3.850268500065118,0.034,True,79
1959,3.9179999999996795,78,9,1950,NORMAL,3.849999999999687,3.850268500065118,0.032,True,79
1960,3.9199999999996793,78,10,1950,NORMAL,3.849999999999687,3.850268500065118,0.03,True,79
1961,3.921999999999679,78,11,1950,NORMAL,3.849999999999687,3.850268500065118,0.028,True,79
1962,3.923999999999679,78,12,1950,NORMAL,3.849999999999687,3.850268500065118,0.026000000000000002,True,79
1963,3.9259999999996786,78,13,1950,NORMAL,3.849999999999687,3.850268500065118,0.024,True,79
1964,3.9279999999996784,78,14,1950,NORMAL,3.849999999999687,3.850268500065118,0.022,True,79
1965,3.929999999999678,78,15,1950,NORMAL,3.849999999999687,3.850268500065118,0.02,True,79
1966,3.931999999999678,78,16,1950,NORMAL,3.849999999999687,3.850268500065118,0.018000000000000002,True,79
1967,3.9339999999996778,78,17,1950,NORMAL,3.849999999999687,3.850268500065118,0.016,True,79
1968,3.9359999999996775,78,18,1950,NORMAL,3.849999999999687,3.850268500065118,0.014,True,79
1969,3.9379999999996773,78,19,1950,NORMAL,3.849999999999687,3.850268500065118,0.012,True,79
1970,3.939999999999677,78,20,1950,NORMAL,3.849999999999687,3.850268500065118,0.01,True,79
1971,3.941999999999677,78,21,1950,NORMAL,3.849999999999687,3.850268500065118,0.008,True,79
1972,3.9439999999996767,78,22,1950,NORMAL,3.849999999999687,3.850268500065118,0.006,True,79
1973,3.9459999999996764,78,23,1950,NORMAL,3.849999999999687,3.850268500065118,0.004,True,79
1974,3.947999999999676,78,24,1950,NORMAL,3.849999999999687,3.850268500065118,0.002,True,79
1975,3.949999999999676,79,0,1975,NORMAL,3.8999999999996815,3.900265700043792,0.05,False,
1976,3.9519999999996758,79,1,1975,NORMAL,3.8999999999996815,3.900265700043792,0.048,True,80
1977,3.9539999999996756,79,2,1975,NORMAL,3.8999999999996815,3.900265700043792,0.046,True,80
1978,3.9559999999996753,79,3,1975,NORMAL,3.8999999999996815,3.900265700043792,0.044,True,80
1979,3.957999999999675,79,4,1975,NORMAL,3.8999999999996815,3.900265700043792,0.042,True,80
1980,3.959999999999675,79,5,1975,NORMAL,3.8999999999996815,3.900265700043792,0.04,True,80
1981,3.9619999999996747,79,6,1975,NORMAL,3.8999999999996815,3.900265700043792,0.038,True,80
1982,3.9639999999996745,79,7,1975,NORMAL,3.8999999999996815,3.900265700043792,0.036000000000000004,True,80
1983,3.9659999999996742,79,8,1975,NORMAL,3.8999999999996815,3.900265700043792,0.034,True,80
1984,3.967999999999674,79,9,1975,NORMAL,3.8999999999996815,3.900265700043792,0.032,True,80
1985,3.969999999999674,79,10,1975,NORMAL,3.8999999999996815,3.900265700043792,0.03,True,80
1986,3.9719999999996736,79,11,1975,NORMAL,3.8999999999996815,3.900265700043792,0.028,True,80
1987,3.9739999999996733,79,12,1975,NORMAL,3.8999999999996815,3.900265700043792,0.026000000000000002,True,80
1988,3.975999999999673,79,13,1975,NORMAL,3.8999999999996815,3.900265700043792,0.024,True,80
1989,3.977999999999673,79,14,1975,NORMAL,3.8999999999996815,3.900265700043792,0.022,True,80
1990,3.9799999999996727,79,15,1975,NORMAL,3.8999999999996815,3.900265700043792,0.02,True,80
1991,3.9819999999996725,79,16,1975,NORMAL,3.8999999999996815,3.900265700043792,0.018000000000000002,True,80
1992,3.9839999999996722,79,17,1975,NORMAL,3.8999999999996815,3.900265700043792,0.016,True,80
1993,3.985999999999672,79,18,1975,NORMAL,3.8999999999996815,3.900265700043792,0.014,True,80
1994,3.987999999999672,79,19,1975,NORMAL,3.8999999999996815,3.900265700043792,0.012,True,80
1995,3.9899999999996716,79,20,1975,NORMAL,3.8999999999996815,3.900265700043792,0.01,True,80
1996,3.9919999999996714,79,21,1975,NORMAL,3.8999999999996815,3.900265700043792,0.008,True,80
1997,3.993999999999671,79,22,1975,NORMAL,3.8999999999996815,3.900265700043792,0.006,True,80
1998,3.995999999999671,79,23,1975,NORMAL,3.8999999999996815,3.900265700043792,0.004,True,80
1999,3.9979999999996707,79,24,1975,NORMAL,3.8999999999996815,3.900265700043792,0.002,True,80
2000,3.9999999999996705,80,0,2000,NORMAL,3.949999999999676,3.950275900005039,0.05,False,
2001,4.001999999999671,80,1,2000,NORMAL,3.949999999999676,3.950275900005039,0.048,True,81
2002,4.003999999999672,80,2,2000,NORMAL,3.949999999999676,3.950275900005039,0.046,True,81
2003,4.0059999999996725,80,3,2000,NORMAL,3.949999999999676,3.950275900005039,0.044,True,81
2004,4.007999999999673,80,4,2000,NORMAL,3.949999999999676,3.950275900005039,0.042,True,81
2005,4.009999999999674,80,5,2000,NORMAL,3.949999999999676,3.950275900005039,0.04,True,81
2006,4.0119999999996745,80,6,2000,NORMAL,3.949999999999676,3.950275900005039,0.038,True,81
2007,4.013999999999675,80,7,2000,NORMAL,3.949999999999676,3.950275900005039,0.036000000000000004,True,81
2008,4.015999999999676,80,8,2000,NORMAL,3.949999999999676,3.950275900005039,0.034,True,81
2009,4.0179999999996765,80,9,2000,NORMAL,3.949999999999676,3.950275900005039,0.032,True,81
2010,4.019999999999677,80,10,2000,NORMAL,3.949999999999676,3.950275900005039,0.03,True,81
2011,4.021999999999678,80,11,2000,NORMAL,3.949999999999676,3.950275900005039,0.028,True,81
2012,4.0239999999996785,80,12,2000,NORMAL,3.949999999999676,3.950275900005039,0.026000000000000002,True,81
2013,4.025999999999679,80,13,2000,NORMAL,3.949999999999676,3.950275900005039,0.024,True,81
2014,4.02799999999968,80,14,2000,NORMAL,3.949999999999676,3.950275900005039,0.022,True,81
2015,4.0299999999996805,80,15,2000,NORMAL,3.949999999999676,3.950275900005039,0.02,True,81
2016,4.031999999999681,80,16,2000,NORMAL,3.949999999999676,3.950275900005039,0.018000000000000002,True,81
2017,4.033999999999682,80,17,2000,NORMAL,3.949999999999676,3.950275900005039,0.016,True,81
2018,4.0359999999996825,80,18,2000,NORMAL,3.949999999999676,3.950275900005039,0.014,True,81
2019,4.037999999999683,80,19,2000,NORMAL,3.949999999999676,3.950275900005039,0.012,True,81
2020,4.039999999999684,80,20,2000,NORMAL,3.949999999999676,3.950275900005039,0.01,True,81
2021,4.0419999999996845,80,21,2000,NORMAL,3.949999999999676,3.950275900005039,0.008,True,81
2022,4.043999999999685,80,22,2000,NORMAL,3.949999999999676,3.950275900005039,0.006,True,81
2023,4.045999999999686,80,23,2000,NORMAL,3.949999999999676,3.950275900005039,0.004,True,81
2024,4.0479999999996865,80,24,2000,NORMAL,3.949999999999676,3.950275900005039,0.002,True,81
2025,4.049999999999687,81,0,2025,NORMAL,3.9999999999996705,4.000277500017217,0.05,False,
2026,4.051999999999688,81,1,2025,NORMAL,3.9999999999996705,4.000277500017217,0.048,True,82
2027,4.0539999999996885,81,2,2025,NORMAL,3.9999999999996705,4.000277500017217,0.046,True,82
2028,4.055999999999689,81,3,2025,NORMAL,3.9999999999996705,4.000277500017217,0.044,True,82
2029,4.05799999999969,81,4,2025,NORMAL,3.9999999999996705,4.000277500017217,0.042,True,82
2030,4.0599999999996905,81,5,2025,NORMAL,3.9999999999996705,4.000277500017217,0.04,True,82
2031,4.061999999999691,81,6,2025,NORMAL,3.9999999999996705,4.000277500017217,0.038,True,82
2032,4.063999999999692,81,7,2025,NORMAL,3.9999999999996705,4.000277500017217,0.036000000000000004,True,82
2033,4.0659999999996925,81,8,2025,NORMAL,3.9999999999996705,4.000277500017217,0.034,True,82
2034,4.067999999999693,81,9,2025,NORMAL,3.9999999999996705,4.000277500017217,0.032,True,82
2035,4.069999999999694,81,10,2025,NORMAL,3.9999999999996705,4.000277500017217,0.03,True,82
2036,4.0719999999996945,81,11,2025,NORMAL,3.9999999999996705,4.000277500017217,0.028,True,82
2037,4.073999999999695,81,12,2025,NORMAL,3.9999999999996705,4.000277500017217,0.026000000000000002,True,82
2038,4.075999999999696,81,13,2025,NORMAL,3.9999999999996705,4.000277500017217,0.024,True,82
2039,4.0779999999996965,81,14,2025,NORMAL,3.9999999999996705,4.000277500017217,0.022,True,82
2040,4.079999999999697,81,15,2025,NORMAL,3.9999999999996705,4.000277500017217,0.02,True,82
2041,4.081999999999698,81,16,2025,NORMAL,3.9999999999996705,4.000277500017217,0.018000000000000002,True,82
2042,4.0839999999996985,81,17,2025,NORMAL,3.9999999999996705,4.000277500017217,0.016,True,82
2043,4.085999999999699,81,18,2025,NORMAL,3.9999999999996705,4.000277500017217,0.014,True,82
2044,4.0879999999997,81,19,2025,NORMAL,3.9999999999996705,4.000277500017217,0.012,True,82
2045,4.0899999999997005,81,20,2025,NORMAL,3.9999999999996705,4.000277500017217,0.01,True,82
2046,4.091999999999701,81,21,2025,NORMAL,3.9999999999996705,4.000277500017217,0.008,True,82
2047,4.093999999999702,81,22,2025,NORMAL,3.9999999999996705,4.000277500017217,0.006,True,82
2048,4.0959999999997025,81,23,2025,NORMAL,3.9999999999996705,4.000277500017217,0.004,True,82
2049,4.097999999999703,81,24,2025,NORMAL,3.9999999999996705,4.000277500017217,0.002,True,82
2050,4.099999999999704,82,0,2050,NORMAL,4.049999999999687,4.050276100006573,0.05,False,
2051,4.1019999999997045,82,1,2050,NORMAL,4.049999999999687,4.050276100006573,0.048,True,83
2052,4.103999999999705,82,2,2050,NORMAL,4.049999999999687,4.050276100006573,0.046,True,83
2053,4.105999999999706,82,3,2050,NORMAL,4.049999999999687,4.050276100006573,0.044,True,83
2054,4.1079999999997066,82,4,2050,NORMAL,4.049999999999687,4.050276100006573,0.042,True,83
2055,4.109999999999707,82,5,2050,NORMAL,4.049999999999687,4.050276100006573,0.04,True,83
2056,4.111999999999708,82,6,2050,NORMAL,4.049999999999687,4.050276100006573,0.038,True,83
2057,4.113999999999709,82,7,2050,NORMAL,4.049999999999687,4.050276100006573,0.036000000000000004,True,83
2058,4.115999999999709,82,8,2050,NORMAL,4.049999999999687,4.050276100006573,0.034,True,83
2059,4.11799999999971,82,9,2050,NORMAL,4.049999999999687,4.050276100006573,0.032,True,83
2060,4.119999999999711,82,10,2050,NORMAL,4.049999999999687,4.050276100006573,0.03,True,83
2061,4.121999999999711,82,11,2050,NORMAL,4.049999999999687,4.050276100006573,0.028,True,83
2062,4.123999999999712,82,12,2050,NORMAL,4.049999999999687,4.050276100006573,0.026000000000000002,True,83
2063,4.125999999999713,82,13,2050,NORMAL,4.049999999999687,4.050276100006573,0.024,True,83
2064,4.127999999999713,82,14,2050,NORMAL,4.049999999999687,4.050276100006573,0.022,True,83
2065,4.129999999999714,82,15,2050,NORMAL,4.049999999999687,4.050276100006573,0.02,True,83
2066,4.131999999999715,82,16,2050,NORMAL,4.049999999999687,4.050276100006573,0.018000000000000002,True,83
2067,4.133999999999715,82,17,2050,NORMAL,4.049999999999687,4.050276100006573,0.016,True,83
2068,4.135999999999716,82,18,2050,NORMAL,4.049999999999687,4.050276100006573,0.014,True,83
2069,4.137999999999717,82,19,2050,NORMAL,4.049999999999687,4.050276100006573,0.012,True,83
2070,4.139999999999717,82,20,2050,NORMAL,4.049999999999687,4.050276100006573,0.01,True,83
2071,4.141999999999718,82,21,2050,NORMAL,4.049999999999687,4.050276100006573,0.008,True,83
2072,4.143999999999719,82,22,2050,NORMAL,4.049999999999687,4.050276100006573,0.006,True,83
2073,4.145999999999719,82,23,2050,NORMAL,4.049999999999687,4.050276100006573,0.004,True,83
2074,4.14799999999972,82,24,2050,NORMAL,4.049999999999687,4.050276100006573,0.002,True,83
2075,4.149999999999721,83,0,2075,NORMAL,4.099999999999704,4.100286899972411,0.05,False,
2076,4.151999999999721,83,1,2075,NORMAL,4.099999999999704,4.100286899972411,0.048,True,84
2077,4.153999999999722,83,2,2075,NORMAL,4.099999999999704,4.100286899972411,0.046,True,84
2078,4.155999999999723,83,3,2075,NORMAL,4.099999999999704,4.100286899972411,0.044,True,84
2079,4.157999999999723,83,4,2075,NORMAL,4.099999999999704,4.100286899972411,0.042,True,84
2080,4.159999999999724,83,5,2075,NORMAL,4.099999999999704,4.100286899972411,0.04,True,84
2081,4.161999999999725,83,6,2075,NORMAL,4.099999999999704,4.100286899972411,0.038,True,84
2082,4.163999999999725,83,7,2075,NORMAL,4.099999999999704,4.100286899972411,0.036000000000000004,True,84
2083,4.165999999999726,83,8,2075,NORMAL,4.099999999999704,4.100286899972411,0.034,True,84
2084,4.167999999999727,83,9,2075,NORMAL,4.099999999999704,4.100286899972411,0.032,True,84
2085,4.169999999999727,83,10,2075,NORMAL,4.099999999999704,4.100286899972411,0.03,True,84
2086,4.171999999999728,83,11,2075,NORMAL,4.099999999999704,4.100286899972411,0.028,True,84
2087,4.173999999999729,83,12,2075,NORMAL,4.099999999999704,4.100286899972411,0.026000000000000002,True,84
2088,4.175999999999729,83,13,2075,NORMAL,4.099999999999704,4.100286899972411,0.024,True,84
2089,4.17799999999973,83,14,2075,NORMAL,4.099999999999704,4.100286899972411,0.022,True,84
2090,4.179999999999731,83,15,2075,NORMAL,4.099999999999704,4.100286899972411,0.02,True,84
2091,4.181999999999731,83,16,2075,NORMAL,4.099999999999704,4.100286899972411,0.018000000000000002,True,84
2092,4.183999999999732,83,17,2075,NORMAL,4.099999999999704,4.100286899972411,0.016,True,84
2093,4.185999999999733,83,18,2075,NORMAL,4.099999999999704,4.100286899972411,0.014,True,84
2094,4.187999999999733,83,19,2075,NORMAL,4.099999999999704,4.100286899972411,0.012,True,84
2095,4.189999999999734,83,20,2075,NORMAL,4.099999999999704,4.100286899972411,0.01,True,84
2096,4.191999999999735,83,21,2075,NORMAL,4.099999999999704,4.100286899972411,0.008,True,84
2097,4.193999999999735,83,22,2075,NORMAL,4.099999999999704,4.100286899972411,0.006,True,84
2098,4.195999999999736,83,23,2075,NORMAL,4.099999999999704,4.100286899972411,0.004,True,84
2099,4.197999999999737,83,24,2075,NORMAL,4.099999999999704,4.100286899972411,0.002,True,84
2100,4.199999999999737,84,0,2100,NORMAL,4.149999999999721,4.15027910002945,0.05,False,
2101,4.201999999999738,84,1,2100,NORMAL,4.149999999999721,4.15027910002945,0.048,True,85
2102,4.203999999999739,84,2,2100,NORMAL,4.149999999999721,4.15027910002945,0.046,True,85
2103,4.205999999999739,84,3,2100,NORMAL,4.149999999999721,4.15027910002945,0.044,True,85
2104,4.20799999999974,84,4,2100,NORMAL,4.149999999999721,4.15027910002945,0.042,True,85
2105,4.209999999999741,84,5,2100,NORMAL,4.149999999999721,4.15027910002945,0.04,True,85
2106,4.211999999999741,84,6,2100,NORMAL,4.149999999999721,4.15027910002945,0.038,True,85
2107,4.213999999999742,84,7,2100,NORMAL,4.149999999999721,4.15027910002945,0.036000000000000004,True,85
2108,4.215999999999743,84,8,2100,NORMAL,4.149999999999721,4.15027910002945,0.034,True,85
2109,4.217999999999743,84,9,2100,NORMAL,4.149999999999721,4.15027910002945,0.032,True,85
2110,4.219999999999744,84,10,2100,NORMAL,4.149999999999721,4.15027910002945,0.03,True,85
2111,4.221999999999745,84,11,2100,NORMAL,4.149999999999721,4.15027910002945,0.028,True,85
2112,4.223999999999745,84,12,2100,NORMAL,4.149999999999721,4.15027910002945,0.026000000000000002,True,85
2113,4.225999999999746,84,13,2100,NORMAL,4.149999999999721,4.15027910002945,0.024,True,85
2114,4.227999999999747,84,14,2100,NORMAL,4.149999999999721,4.15027910002945,0.022,True,85
2115,4.229999999999747,84,15,2100,NORMAL,4.149999999999721,4.15027910002945,0.02,True,85
2116,4.231999999999748,84,16,2100,NORMAL,4.149999999999721,4.15027910002945,0.018000000000000002,True,85
2117,4.233999999999749,84,17,2100,NORMAL,4.149999999999721,4.15027910002945,0.016,True,85
2118,4.235999999999749,84,18,2100,NORMAL,4.149999999999721,4.15027910002945,0.014,True,85
2119,4.23799999999975,84,19,2100,NORMAL,4.149999999999721,4.15027910002945,0.012,True,85
2120,4.239999999999751,84,20,2100,NORMAL,4.149999999999721,4.15027910002945,0.01,True,85
2121,4.241999999999751,84,21,2100,NORMAL,4.149999999999721,4.15027910002945,0.008,True,85
2122,4.243999999999752,84,22,2100,NORMAL,4.149999999999721,4.15027910002945,0.006,True,85
2123,4.245999999999753,84,23,2100,NORMAL,4.149999999999721,4.15027910002945,0.004,True,85
2124,4.247999999999753,84,24,2100,NORMAL,4.149999999999721,4.15027910002945,0.002,True,85
2125,4.249999999999754,85,0,2125,NORMAL,4.199999999999737,4.200272499979211,0.05,False,
2126,4.251999999999755,85,1,2125,NORMAL,4.199999999999737,4.200272499979211,0.048,True,86
2127,4.253999999999755,85,2,2125,NORMAL,4.199999999999737,4.200272499979211,0.046,True,86
2128,4.255999999999756,85,3,2125,NORMAL,4.199999999999737,4.200272499979211,0.044,True,86
2129,4.257999999999757,85,4,2125,NORMAL,4.199999999999737,4.200272499979211,0.042,True,86
2130,4.259999999999757,85,5,2125,NORMAL,4.199999999999737,4.200272499979211,0.04,True,86
2131,4.261999999999758,85,6,2125,NORMAL,4.199999999999737,4.200272499979211,0.038,True,86
2132,4.263999999999759,85,7,2125,NORMAL,4.199999999999737,4.200272499979211,0.036000000000000004,True,86
2133,4.265999999999759,85,8,2125,NORMAL,4.199999999999737,4.200272499979211,0.034,True,86
2134,4.26799999999976,85,9,2125,NORMAL,4.199999999999737,4.200272499979211,0.032,True,86
2135,4.269999999999761,85,10,2125,NORMAL,4.199999999999737,4.200272499979211,0.03,True,86
2136,4.271999999999761,85,11,2125,NORMAL,4.199999999999737,4.200272499979211,0.028,True,86
2137,4.273999999999762,85,12,2125,NORMAL,4.199999999999737,4.200272499979211,0.026000000000000002,True,86
2138,4.275999999999763,85,13,2125,NORMAL,4.199999999999737,4.200272499979211,0.024,True,86
2139,4.277999999999763,85,14,2125,NORMAL,4.199999999999737,4.200272499979211,0.022,True,86
2140,4.279999999999764,85,15,2125,NORMAL,4.199999999999737,4.200272499979211,0.02,True,86
2141,4.281999999999765,85,16,2125,NORMAL,4.199999999999737,4.200272499979211,0.018000000000000002,True,86
2142,4.283999999999765,85,17,2125,NORMAL,4.199999999999737,4.200272499979211,0.016,True,86
2143,4.285999999999766,85,18,2125,NORMAL,4.199999999999737,4.200272499979211,0.014,True,86
2144,4.287999999999767,85,19,2125,NORMAL,4.199999999999737,4.200272499979211,0.012,True,86
2145,4.289999999999767,85,20,2125,NORMAL,4.199999999999737,4.200272499979211,0.01,True,86
2146,4.291999999999768,85,21,2125,NORMAL,4.199999999999737,4.200272499979211,0.008,True,86
2147,4.293999999999769,85,22,2125,NORMAL,4.199999999999737,4.200272499979211,0.006,True,86
2148,4.295999999999769,85,23,2125,NORMAL,4.199999999999737,4.200272499979211,0.004,True,86
2149,4.29799999999977,85,24,2125,NORMAL,4.199999999999737,4.200272499979211,0.002,True,86
2150,4.299999999999771,86,0,2150,NORMAL,4.249999999999754,4.250278800027199,0.05,False,
2151,4.301999999999771,86,1,2150,NORMAL,4.249999999999754,4.250278800027199,0.048,True,87
2152,4.303999999999772,86,2,2150,NORMAL,4.249999999999754,4.250278800027199,0.046,True,87
2153,4.305999999999773,86,3,2150,NORMAL,4.249999999999754,4.250278800027199,0.044,True,87
2154,4.307999999999773,86,4,2150,NORMAL,4.249999999999754,4.250278800027199,0.042,True,87
2155,4.309999999999774,86,5,2150,NORMAL,4.249999999999754,4.250278800027199,0.04,True,87
2156,4.311999999999775,86,6,2150,NORMAL,4.249999999999754,4.250278800027199,0.038,True,87
2157,4.313999999999775,86,7,2150,NORMAL,4.249999999999754,4.250278800027199,0.036000000000000004,True,87
2158,4.315999999999776,86,8,2150,NORMAL,4.249999999999754,4.250278800027199,0.034,True,87
2159,4.317999999999777,86,9,2150,NORMAL,4.249999999999754,4.250278800027199,0.032,True,87
2160,4.319999999999777,86,10,2150,NORMAL,4.249999999999754,4.250278800027199,0.03,True,87
2161,4.321999999999778,86,11,2150,NORMAL,4.249999999999754,4.250278800027199,0.028,True,87
2162,4.323999999999779,86,12,2150,NORMAL,4.249999999999754,4.250278800027199,0.026000000000000002,True,87
2163,4.325999999999779,86,13,2150,NORMAL,4.249999999999754,4.250278800027199,0.024,True,87
2164,4.32799999999978,86,14,2150,NORMAL,4.249999999999754,4.250278800027199,0.022,True,87
2165,4.329999999999781,86,15,2150,NORMAL,4.249999999999754,4.250278800027199,0.02,True,87
2166,4.331999999999781,86,16,2150,NORMAL,4.249999999999754,4.250278800027199,0.018000000000000002,True,87
2167,4.333999999999782,86,17,2150,NORMAL,4.249999999999754,4.250278800027199,0.016,True,87
2168,4.335999999999783,86,18,2150,NORMAL,4.249999999999754,4.250278800027199,0.014,True,87
2169,4.337999999999783,86,19,2150,NORMAL,4.249999999999754,4.250278800027199,0.012,True,87
2170,4.339999999999784,86,20,2150,NORMAL,4.249999999999754,4.250278800027199,0.01,True,87
2171,4.341999999999785,86,21,2150,NORMAL,4.249999999999754,4.250278800027199,0.008,True,87
2172,4.343999999999785,86,22,2150,NORMAL,4.249999999999754,4.250278800027199,0.006,True,87
2173,4.345999999999786,86,23,2150,NORMAL,4.249999999999754,4.250278800027199,0.004,True,87
2174,4.347999999999787,86,24,2150,NORMAL,4.249999999999754,4.250278800027199,0.002,True,87
2175,4.349999999999787,87,0,2175,NORMAL,4.299999999999771,4.300268499948786,0.05,False,
2176,4.351999999999788,87,1,2175,NORMAL,4.299999999999771,4.300268499948786,0.048,True,88
2177,4.353999999999789,87,2,2175,NORMAL,4.299999999999771,4.300268499948786,0.046,True,88
2178,4.355999999999789,87,3,2175,NORMAL,4.299999999999771,4.300268499948786,0.044,True,88
2179,4.35799999999979,87,4,2175,NORMAL,4.299999999999771,4.300268499948786,0.042,True,88
2180,4.359999999999791,87,5,2175,NORMAL,4.299999999999771,4.300268499948786,0.04,True,88
2181,4.361999999999791,87,6,2175,NORMAL,4.299999999999771,4.300268499948786,0.038,True,88
2182,4.363999999999792,87,7,2175,NORMAL,4.299999999999771,4.300268499948786,0.036000000000000004,True,88
2183,4.365999999999793,87,8,2175,NORMAL,4.299999999999771,4.300268499948786,0.034,True,88
2184,4.367999999999793,87,9,2175,NORMAL,4.299999999999771,4.300268499948786,0.032,True,88
2185,4.369999999999794,87,10,2175,NORMAL,4.299999999999771,4.300268499948786,0.03,True,88
2186,4.371999999999795,87,11,2175,NORMAL,4.299999999999771,4.300268499948786,0.028,True,88
2187,4.373999999999795,87,12,2175,NORMAL,4.299999999999771,4.300268499948786,0.026000000000000002,True,88
2188,4.375999999999796,87,13,2175,NORMAL,4.299999999999771,4.300268499948786,0.024,True,88
2189,4.377999999999797,87,14,2175,NORMAL,4.299999999999771,4.300268499948786,0.022,True,88
2190,4.379999999999797,87,15,2175,NORMAL,4.299999999999771,4.300268499948786,0.02,True,88
2191,4.381999999999798,87,16,2175,NORMAL,4.299999999999771,4.300268499948786,0.018000000000000002,True,88
2192,4.383999999999799,87,17,2175,NORMAL,4.299999999999771,4.300268499948786,0.016,True,88
2193,4.385999999999799,87,18,2175,NORMAL,4.299999999999771,4.300268499948786,0.014,True,88
2194,4.3879999999998,87,19,2175,NORMAL,4.299999999999771,4.300268499948786,0.012,True,88
2195,4.389999999999801,87,20,2175,NORMAL,4.299999999999771,4.300268499948786,0.01,True,88
2196,4.391999999999801,87,21,2175,NORMAL,4.299999999999771,4.300268499948786,0.008,True,88
2197,4.393999999999802,87,22,2175,NORMAL,4.299999999999771,4.300268499948786,0.006,True,88
2198,4.395999999999803,87,23,2175,NORMAL,4.299999999999771,4.300268499948786,0.004,True,88
2199,4.397999999999803,87,24,2175,NORMAL,4.299999999999771,4.300268499948786,0.002,True,88
2200,4.399999999999804,88,0,2200,NORMAL,4.349999999999787,4.350268500065218,0.05,False,
2201,4.401999999999805,88,1,2200,NORMAL,4.349999999999787,4.350268500065218,0.048,True,89
2202,4.403999999999805,88,2,2200,NORMAL,4.349999999999787,4.350268500065218,0.046,True,89
2203,4.405999999999806,88,3,2200,NORMAL,4.349999999999787,4.350268500065218,0.044,True,89
2204,4.407999999999807,88,4,2200,NORMAL,4.349999999999787,4.350268500065218,0.042,True,89
2205,4.409999999999807,88,5,2200,NORMAL,4.349999999999787,4.350268500065218,0.04,True,89
2206,4.411999999999808,88,6,2200,NORMAL,4.349999999999787,4.350268500065218,0.038,True,89
2207,4.413999999999809,88,7,2200,NORMAL,4.349999999999787,4.350268500065218,0.036000000000000004,True,89
2208,4.415999999999809,88,8,2200,NORMAL,4.349999999999787,4.350268500065218,0.034,True,89
2209,4.41799999999981,88,9,2200,NORMAL,4.349999999999787,4.350268500065218,0.032,True,89
2210,4.419999999999811,88,10,2200,NORMAL,4.349999999999787,4.350268500065218,0.03,True,89
2211,4.421999999999811,88,11,2200,NORMAL,4.349999999999787,4.350268500065218,0.028,True,89
2212,4.423999999999812,88,12,2200,NORMAL,4.349999999999787,4.350268500065218,0.026000000000000002,True,89
2213,4.425999999999813,88,13,2200,NORMAL,4.349999999999787,4.350268500065218,0.024,True,89
2214,4.427999999999813,88,14,2200,NORMAL,4.349999999999787,4.350268500065218,0.022,True,89
2215,4.429999999999814,88,15,2200,NORMAL,4.349999999999787,4.350268500065218,0.02,True,89
2216,4.431999999999815,88,16,2200,NORMAL,4.349999999999787,4.350268500065218,0.018000000000000002,True,89
2217,4.433999999999815,88,17,2200,NORMAL,4.349999999999787,4.350268500065218,0.016,True,89
2218,4.435999999999816,88,18,2200,NORMAL,4.349999999999787,4.350268500065218,0.014,True,89
2219,4.437999999999817,88,19,2200,NORMAL,4.349999999999787,4.350268500065218,0.012,True,89
2220,4.439999999999817,88,20,2200,NORMAL,4.349999999999787,4.350268500065218,0.01,True,89
2221,4.441999999999818,88,21,2200,NORMAL,4.349999999999787,4.350268500065218,0.008,True,89
2222,4.443999999999819,88,22,2200,NORMAL,4.349999999999787,4.350268500065218,0.006,True,89
2223,4.445999999999819,88,23,2200,NORMAL,4.349999999999787,4.350268500065218,0.004,True,89
2224,4.44799999999982,88,24,2200,NORMAL,4.349999999999787,4.350268500065218,0.002,True,89
2225,4.449999999999821,89,0,2225,NORMAL,4.399999999999804,4.4002782999070265,0.05,False,
2226,4.451999999999821,89,1,2225,NORMAL,4.399999999999804,4.4002782999070265,0.048,True,90
2227,4.453999999999822,89,2,2225,NORMAL,4.399999999999804,4.4002782999070265,0.046,True,90
2228,4.455999999999823,89,3,2225,NORMAL,4.399999999999804,4.4002782999070265,0.044,True,90
2229,4.457999999999823,89,4,2225,NORMAL,4.399999999999804,4.4002782999070265,0.042,True,90
2230,4.459999999999824,89,5,2225,NORMAL,4.399999999999804,4.4002782999070265,0.04,True,90
2231,4.461999999999825,89,6,2225,NORMAL,4.399999999999804,4.4002782999070265,0.038,True,90
2232,4.463999999999825,89,7,2225,NORMAL,4.399999999999804,4.4002782999070265,0.036000000000000004,True,90
2233,4.465999999999826,89,8,2225,NORMAL,4.399999999999804,4.4002782999070265,0.034,True,90
2234,4.467999999999827,89,9,2225,NORMAL,4.399999999999804,4.4002782999070265,0.032,True,90
2235,4.4699999999998274,89,10,2225,NORMAL,4.399999999999804,4.4002782999070265,0.03,True,90
2236,4.471999999999828,89,11,2225,NORMAL,4.399999999999804,4.4002782999070265,0.028,True,90
2237,4.473999999999829,89,12,2225,NORMAL,4.399999999999804,4.4002782999070265,0.026000000000000002,True,90
2238,4.4759999999998294,89,13,2225,NORMAL,4.399999999999804,4.4002782999070265,0.024,True,90
2239,4.47799999999983,89,14,2225,NORMAL,4.399999999999804,4.4002782999070265,0.022,True,90
2240,4.479999999999831,89,15,2225,NORMAL,4.399999999999804,4.4002782999070265,0.02,True,90
2241,4.4819999999998315,89,16,2225,NORMAL,4.399999999999804,4.4002782999070265,0.018000000000000002,True,90
2242,4.483999999999832,89,17,2225,NORMAL,4.399999999999804,4.4002782999070265,0.016,True,90
2243,4.485999999999833,89,18,2225,NORMAL,4.399999999999804,4.4002782999070265,0.014,True,90
2244,4.4879999999998335,89,19,2225,NORMAL,4.399999999999804,4.4002782999070265,0.012,True,90
2245,4.489999999999834,89,20,2225,NORMAL,4.399999999999804,4.4002782999070265,0.01,True,90
2246,4.491999999999835,89,21,2225,NORMAL,4.399999999999804,4.4002782999070265,0.008,True,90
2247,4.4939999999998355,89,22,2225,NORMAL,4.399999999999804,4.4002782999070265,0.006,True,90
2248,4.495999999999836,89,23,2225,NORMAL,4.399999999999804,4.4002782999070265,0.004,True,90
2249,4.497999999999837,89,24,2225,NORMAL,4.399999999999804,4.4002782999070265,0.002,True,90
2250,4.4999999999998375,90,0,2250,NORMAL,4.449999999999821,4.450316599965848,0.05,False,
2251,4.501999999999838,90,1,2250,NORMAL,4.449999999999821,4.450316599965848,0.048,True,91
2252,4.503999999999839,90,2,2250,NORMAL,4.449999999999821,4.450316599965848,0.046,True,91
2253,4.5059999999998395,90,3,2250,NORMAL,4.449999999999821,4.450316599965848,0.044,True,91
2254,4.50799999999984,90,4,2250,NORMAL,4.449999999999821,4.450316599965848,0.042,True,91
2255,4.509999999999841,90,5,2250,NORMAL,4.449999999999821,4.450316599965848,0.04,True,91
2256,4.5119999999998415,90,6,2250,NORMAL,4.449999999999821,4.450316599965848,0.038,True,91
2257,4.513999999999842,90,7,2250,NORMAL,4.449999999999821,4.450316599965848,0.036000000000000004,True,91
2258,4.515999999999843,90,8,2250,NORMAL,4.449999999999821,4.450316599965848,0.034,True,91
2259,4.5179999999998435,90,9,2250,NORMAL,4.449999999999821,4.450316599965848,0.032,True,91
2260,4.519999999999844,90,10,2250,NORMAL,4.449999999999821,4.450316599965848,0.03,True,91
2261,4.521999999999845,90,11,2250,NORMAL,4.449999999999821,4.450316599965848,0.028,True,91
2262,4.5239999999998455,90,12,2250,NORMAL,4.449999999999821,4.450316599965848,0.026000000000000002,True,91
2263,4.525999999999846,90,13,2250,NORMAL,4.449999999999821,4.450316599965848,0.024,True,91
2264,4.527999999999847,90,14,2250,NORMAL,4.449999999999821,4.450316599965848,0.022,True,91
2265,4.5299999999998475,90,15,2250,NORMAL,4.449999999999821,4.450316599965848,0.02,True,91
2266,4.531999999999848,90,16,2250,NORMAL,4.449999999999821,4.450316599965848,0.018000000000000002,True,91
2267,4.533999999999849,90,17,2250,NORMAL,4.449999999999821,4.450316599965848,0.016,True,91
2268,4.5359999999998495,90,18,2250,NORMAL,4.449999999999821,4.450316599965848,0.014,True,91
2269,4.53799999999985,90,19,2250,NORMAL,4.449999999999821,4.450316599965848,0.012,True,91
2270,4.539999999999851,90,20,2250,NORMAL,4.449999999999821,4.450316599965848,0.01,True,91
2271,4.5419999999998515,90,21,2250,NORMAL,4.449999999999821,4.450316599965848,0.008,True,91
2272,4.543999999999852,90,22,2250,NORMAL,4.449999999999821,4.450316599965848,0.006,True,91
2273,4.545999999999853,90,23,2250,NORMAL,4.449999999999821,4.450316599965848,0.004,True,91
2274,4.5479999999998535,90,24,2250,NORMAL,4.449999999999821,4.450316599965848,0.002,True,91
2275,4.549999999999854,91,0,2275,NORMAL,4.4999999999998375,4.500263699912304,0.05,False,
2276,4.551999999999855,91,1,2275,NORMAL,4.4999999999998375,4.500263699912304,0.048,True,92
2277,4.5539999999998555,91,2,2275,NORMAL,4.4999999999998375,4.500263699912304,0.046,True,92
2278,4.555999999999856,91,3,2275,NORMAL,4.4999999999998375,4.500263699912304,0.044,True,92
2279,4.557999999999857,91,4,2275,NORMAL,4.4999999999998375,4.500263699912304,0.042,True,92
2280,4.5599999999998575,91,5,2275,NORMAL,4.4999999999998375,4.500263699912304,0.04,True,92
2281,4.561999999999858,91,6,2275,NORMAL,4.4999999999998375,4.500263699912304,0.038,True,92
2282,4.563999999999859,91,7,2275,NORMAL,4.4999999999998375,4.500263699912304,0.036000000000000004,True,92
2283,4.5659999999998595,91,8,2275,NORMAL,4.4999999999998375,4.500263699912304,0.034,True,92
2284,4.56799999999986,91,9,2275,NORMAL,4.4999999999998375,4.500263699912304,0.032,True,92
2285,4.569999999999861,91,10,2275,NORMAL,4.4999999999998375,4.500263699912304,0.03,True,92
2286,4.5719999999998615,91,11,2275,NORMAL,4.4999999999998375,4.500263699912304,0.028,True,92
2287,4.573999999999862,91,12,2275,NORMAL,4.4999999999998375,4.500263699912304,0.026000000000000002,True,92
2288,4.575999999999863,91,13,2275,NORMAL,4.4999999999998375,4.500263699912304,0.024,True,92
2289,4.5779999999998635,91,14,2275,NORMAL,4.4999999999998375,4.500263699912304,0.022,True,92
2290,4.579999999999864,91,15,2275,NORMAL,4.4999999999998375,4.500263699912304,0.02,True,92
2291,4.581999999999865,91,16,2275,NORMAL,4.4999999999998375,4.500263699912304,0.018000000000000002,True,92
2292,4.5839999999998655,91,17,2275,NORMAL,4.4999999999998375,4.500263699912304,0.016,True,92
2293,4.585999999999866,91,18,2275,NORMAL,4.4999999999998375,4.500263699912304,0.014,True,92
2294,4.587999999999867,91,19,2275,NORMAL,4.4999999999998375,4.500263699912304,0.012,True,92
2295,4.5899999999998675,91,20,2275,NORMAL,4.4999999999998375,4.500263699912304,0.01,True,92
2296,4.591999999999868,91,21,2275,NORMAL,4.4999999999998375,4.500263699912304,0.008,True,92
2297,4.593999999999869,91,22,2275,NORMAL,4.4999999999998375,4.500263699912304,0.006,True,92
2298,4.5959999999998695,91,23,2275,NORMAL,4.4999999999998375,4.500263699912304,0.004,True,92
2299,4.59799999999987,91,24,2275,NORMAL,4.4999999999998375,4.500263699912304,0.002,True,92
2300,4.599999999999871,92,0,2300,NORMAL,4.549999999999854,4.550263200024928,0.05,False,
2301,4.6019999999998715,92,1,2300,NORMAL,4.549999999999854,4.550263200024928,0.048,True,93
2302,4.603999999999872,92,2,2300,NORMAL,4.549999999999854,4.550263200024928,0.046,True,93
2303,4.605999999999873,92,3,2300,NORMAL,4.549999999999854,4.550263200024928,0.044,True,93
2304,4.6079999999998735,92,4,2300,NORMAL,4.549999999999854,4.550263200024928,0.042,True,93
2305,4.609999999999874,92,5,2300,NORMAL,4.549999999999854,4.550263200024928,0.04,True,93
2306,4.611999999999875,92,6,2300,NORMAL,4.549999999999854,4.550263200024928,0.038,True,93
2307,4.6139999999998755,92,7,2300,NORMAL,4.549999999999854,4.550263200024928,0.036000000000000004,True,93
2308,4.615999999999876,92,8,2300,NORMAL,4.549999999999854,4.550263200024928,0.034,True,93
2309,4.617999999999877,92,9,2300,NORMAL,4.549999999999854,4.550263200024928,0.032,True,93
2310,4.6199999999998775,92,10,2300,NORMAL,4.549999999999854,4.550263200024928,0.03,True,93
2311,4.621999999999878,92,11,2300,NORMAL,4.549999999999854,4.550263200024928,0.028,True,93
2312,4.623999999999879,92,12,2300,NORMAL,4.549999999999854,4.550263200024928,0.026000000000000002,True,93
2313,4.6259999999998795,92,13,2300,NORMAL,4.549999999999854,4.550263200024928,0.024,True,93
2314,4.62799999999988,92,14,2300,NORMAL,4.549999999999854,4.550263200024928,0.022,True,93
2315,4.629999999999881,92,15,2300,NORMAL,4.549999999999854,4.550263200024928,0.02,True,93
2316,4.6319999999998815,92,16,2300,NORMAL,4.549999999999854,4.550263200024928,0.018000000000000002,True,93
2317,4.633999999999882,92,17,2300,NORMAL,4.549999999999854,4.550263200024928,0.016,True,93
2318,4.635999999999883,92,18,2300,NORMAL,4.549999999999854,4.550263200024928,0.014,True,93
2319,4.6379999999998835,92,19,2300,NORMAL,4.549999999999854,4.550263200024928,0.012,True,93
2320,4.639999999999884,92,20,2300,NORMAL,4.549999999999854,4.550263200024928,0.01,True,93
2321,4.641999999999885,92,21,2300,NORMAL,4.549999999999854,4.550263200024928,0.008,True,93
2322,4.6439999999998856,92,22,2300,NORMAL,4.549999999999854,4.550263200024928,0.006,True,93
2323,4.645999999999886,92,23,2300,NORMAL,4.549999999999854,4.550263200024928,0.004,True,93
2324,4.647999999999887,92,24,2300,NORMAL,4.549999999999854,4.550263200024928,0.002,True,93
2325,4.649999999999888,93,0,2325,NORMAL,4.599999999999871,4.60028219993679,0.05,False,
2326,4.651999999999888,93,1,2325,NORMAL,4.599999999999871,4.60028219993679,0.048,True,94
2327,4.653999999999889,93,2,2325,NORMAL,4.599999999999871,4.60028219993679,0.046,True,94
2328,4.65599999999989,93,3,2325,NORMAL,4.599999999999871,4.60028219993679,0.044,True,94
2329,4.65799999999989,93,4,2325,NORMAL,4.599999999999871,4.60028219993679,0.042,True,94
2330,4.659999999999891,93,5,2325,NORMAL,4.599999999999871,4.60028219993679,0.04,True,94
2331,4.661999999999892,93,6,2325,NORMAL,4.599999999999871,4.60028219993679,0.038,True,94
2332,4.663999999999892,93,7,2325,NORMAL,4.599999999999871,4.60028219993679,0.036000000000000004,True,94
2333,4.665999999999893,93,8,2325,NORMAL,4.599999999999871,4.60028219993679,0.034,True,94
2334,4.667999999999894,93,9,2325,NORMAL,4.599999999999871,4.60028219993679,0.032,True,94
2335,4.669999999999894,93,10,2325,NORMAL,4.599999999999871,4.60028219993679,0.03,True,94
2336,4.671999999999895,93,11,2325,NORMAL,4.599999999999871,4.60028219993679,0.028,True,94
2337,4.673999999999896,93,12,2325,NORMAL,4.599999999999871,4.60028219993679,0.026000000000000002,True,94
2338,4.675999999999896,93,13,2325,NORMAL,4.599999999999871,4.60028219993679,0.024,True,94
2339,4.677999999999897,93,14,2325,NORMAL,4.599999999999871,4.60028219993679,0.022,True,94
2340,4.679999999999898,93,15,2325,NORMAL,4.599999999999871,4.60028219993679,0.02,True,94
2341,4.681999999999898,93,16,2325,NORMAL,4.599999999999871,4.60028219993679,0.018000000000000002,True,94
2342,4.683999999999899,93,17,2325,NORMAL,4.599999999999871,4.60028219993679,0.016,True,94
2343,4.6859999999999,93,18,2325,NORMAL,4.599999999999871,4.60028219993679,0.014,True,94
2344,4.6879999999999,93,19,2325,NORMAL,4.599999999999871,4.60028219993679,0.012,True,94
2345,4.689999999999901,93,20,2325,NORMAL,4.599999999999871,4.60028219993679,0.01,True,94
2346,4.691999999999902,93,21,2325,NORMAL,4.599999999999871,4.60028219993679,0.008,True,94
2347,4.693999999999902,93,22,2325,NORMAL,4.599999999999871,4.60028219993679,0.006,True,94
2348,4.695999999999903,93,23,2325,NORMAL,4.599999999999871,4.60028219993679,0.004,True,94
2349,4.697999999999904,93,24,2325,NORMAL,4.599999999999871,4.60028219993679,0.002,True,94
2350,4.699999999999904,94,0,2350,NORMAL,4.649999999999888,4.6502616000127786,0.05,False,
2351,4.701999999999905,94,1,2350,NORMAL,4.649999999999888,4.6502616000127786,0.048,True,95
2352,4.703999999999906,94,2,2350,NORMAL,4.649999999999888,4.6502616000127786,0.046,True,95
2353,4.705999999999906,94,3,2350,NORMAL,4.649999999999888,4.6502616000127786,0.044,True,95
2354,4.707999999999907,94,4,2350,NORMAL,4.649999999999888,4.6502616000127786,0.042,True,95
2355,4.709999999999908,94,5,2350,NORMAL,4.649999999999888,4.6502616000127786,0.04,True,95
2356,4.711999999999908,94,6,2350,NORMAL,4.649999999999888,4.6502616000127786,0.038,True,95
2357,4.713999999999909,94,7,2350,NORMAL,4.649999999999888,4.6502616000127786,0.036000000000000004,True,95
2358,4.71599999999991,94,8,2350,NORMAL,4.649999999999888,4.6502616000127786,0.034,True,95
2359,4.71799999999991,94,9,2350,NORMAL,4.649999999999888,4.6502616000127786,0.032,True,95
2360,4.719999999999911,94,10,2350,NORMAL,4.649999999999888,4.6502616000127786,0.03,True,95
2361,4.721999999999912,94,11,2350,NORMAL,4.649999999999888,4.6502616000127786,0.028,True,95
2362,4.723999999999912,94,12,2350,NORMAL,4.649999999999888,4.6502616000127786,0.026000000000000002,True,95
2363,4.725999999999913,94,13,2350,NORMAL,4.649999999999888,4.6502616000127786,0.024,True,95
2364,4.727999999999914,94,14,2350,NORMAL,4.649999999999888,4.6502616000127786,0.022,True,95
2365,4.729999999999914,94,15,2350,NORMAL,4.649999999999888,4.6502616000127786,0.02,True,95
2366,4.731999999999915,94,16,2350,NORMAL,4.649999999999888,4.6502616000127786,0.018000000000000002,True,95
2367,4.733999999999916,94,17,2350,NORMAL,4.649999999999888,4.6502616000127786,0.016,True,95
2368,4.735999999999916,94,18,2350,NORMAL,4.649999999999888,4.6502616000127786,0.014,True,95
2369,4.737999999999917,94,19,2350,NORMAL,4.649999999999888,4.6502616000127786,0.012,True,95
2370,4.739999999999918,94,20,2350,NORMAL,4.649999999999888,4.6502616000127786,0.01,True,95
2371,4.741999999999918,94,21,2350,NORMAL,4.649999999999888,4.6502616000127786,0.008,True,95
2372,4.743999999999919,94,22,2350,NORMAL,4.649999999999888,4.6502616000127786,0.006,True,95
2373,4.74599999999992,94,23,2350,NORMAL,4.649999999999888,4.6502616000127786,0.004,True,95
2374,4.74799999999992,94,24,2350,NORMAL,4.649999999999888,4.6502616000127786,0.002,True,95
2375,4.749999999999921,95,0,2375,NORMAL,4.699999999999904,4.700274399993845,0.05,False,
2376,4.751999999999922,95,1,2375,NORMAL,4.699999999999904,4.700274399993845,0.048,True,96
2377,4.753999999999922,95,2,2375,NORMAL,4.699999999999904,4.700274399993845,0.046,True,96
2378,4.755999999999923,95,3,2375,NORMAL,4.699999999999904,4.700274399993845,0.044,True,96
2379,4.757999999999924,95,4,2375,NORMAL,4.699999999999904,4.700274399993845,0.042,True,96
2380,4.759999999999924,95,5,2375,NORMAL,4.699999999999904,4.700274399993845,0.04,True,96
2381,4.761999999999925,95,6,2375,NORMAL,4.699999999999904,4.700274399993845,0.038,True,96
2382,4.763999999999926,95,7,2375,NORMAL,4.699999999999904,4.700274399993845,0.036000000000000004,True,96
2383,4.765999999999926,95,8,2375,NORMAL,4.699999999999904,4.700274399993845,0.034,True,96
2384,4.767999999999927,95,9,2375,NORMAL,4.699999999999904,4.700274399993845,0.032,True,96
2385,4.769999999999928,95,10,2375,NORMAL,4.699999999999904,4.700274399993845,0.03,True,96
2386,4.771999999999928,95,11,2375,NORMAL,4.699999999999904,4.700274399993845,0.028,True,96
2387,4.773999999999929,95,12,2375,NORMAL,4.699999999999904,4.700274399993845,0.026000000000000002,True,96
2388,4.77599999999993,95,13,2375,NORMAL,4.699999999999904,4.700274399993845,0.024,True,96
2389,4.77799999999993,95,14,2375,NORMAL,4.699999999999904,4.700274399993845,0.022,True,96
2390,4.779999999999931,95,15,2375,NORMAL,4.699999999999904,4.700274399993845,0.02,True,96
2391,4.781999999999932,95,16,2375,NORMAL,4.699999999999904,4.700274399993845,0.018000000000000002,True,96
2392,4.783999999999932,95,17,2375,NORMAL,4.699999999999904,4.700274399993845,0.016,True,96
2393,4.785999999999933,95,18,2375,NORMAL,4.699999999999904,4.700274399993845,0.014,True,96
2394,4.787999999999934,95,19,2375,NORMAL,4.699999999999904,4.700274399993845,0.012,True,96
2395,4.789999999999934,95,20,2375,NORMAL,4.699999999999904,4.700274399993845,0.01,True,96
2396,4.791999999999935,95,21,2375,NORMAL,4.699999999999904,4.700274399993845,0.008,True,96
2397,4.793999999999936,95,22,2375,NORMAL,4.699999999999904,4.700274399993845,0.006,True,96
2398,4.795999999999936,95,23,2375,NORMAL,4.699999999999904,4.700274399993845,0.004,True,96
2399,4.797999999999937,95,24,2375,NORMAL,4.699999999999904,4.700274399993845,0.002,True,96
2400,4.799999999999938,96,0,2400,NORMAL,4.749999999999921,4.75027079996645,0.05,False,
2401,4.801999999999938,96,1,2400,NORMAL,4.749999999999921,4.75027079996645,0.048,True,97
2402,4.803999999999939,96,2,2400,NORMAL,4.749999999999921,4.75027079996645,0.046,True,97
2403,4.80599999999994,96,3,2400,NORMAL,4.749999999999921,4.75027079996645,0.044,True,97
2404,4.80799999999994,96,4,2400,NORMAL,4.749999999999921,4.75027079996645,0.042,True,97
2405,4.809999999999941,96,5,2400,NORMAL,4.749999999999921,4.75027079996645,0.04,True,97
2406,4.811999999999942,96,6,2400,NORMAL,4.749999999999921,4.75027079996645,0.038,True,97
2407,4.813999999999942,96,7,2400,NORMAL,4.749999999999921,4.75027079996645,0.036000000000000004,True,97
2408,4.815999999999943,96,8,2400,NORMAL,4.749999999999921,4.75027079996645,0.034,True,97
2409,4.817999999999944,96,9,2400,NORMAL,4.749999999999921,4.75027079996645,0.032,True,97
2410,4.819999999999944,96,10,2400,NORMAL,4.749999999999921,4.75027079996645,0.03,True,97
2411,4.821999999999945,96,11,2400,NORMAL,4.749999999999921,4.75027079996645,0.028,True,97
2412,4.823999999999946,96,12,2400,NORMAL,4.749999999999921,4.75027079996645,0.026000000000000002,True,97
2413,4.825999999999946,96,13,2400,NORMAL,4.749999999999921,4.75027079996645,0.024,True,97
2414,4.827999999999947,96,14,2400,NORMAL,4.749999999999921,4.75027079996645,0.022,True,97
2415,4.829999999999948,96,15,2400,NORMAL,4.749999999999921,4.75027079996645,0.02,True,97
2416,4.831999999999948,96,16,2400,NORMAL,4.749999999999921,4.75027079996645,0.018000000000000002,True,97
2417,4.833999999999949,96,17,2400,NORMAL,4.749999999999921,4.75027079996645,0.016,True,97
2418,4.83599999999995,96,18,2400,NORMAL,4.749999999999921,4.75027079996645,0.014,True,97
2419,4.83799999999995,96,19,2400,NORMAL,4.749999999999921,4.75027079996645,0.012,True,97
2420,4.839999999999951,96,20,2400,NORMAL,4.749999999999921,4.75027079996645,0.01,True,97
2421,4.841999999999952,96,21,2400,NORMAL,4.749999999999921,4.75027079996645,0.008,True,97
2422,4.843999999999952,96,22,2400,NORMAL,4.749999999999921,4.75027079996645,0.006,True,97
2423,4.845999999999953,96,23,2400,NORMAL,4.749999999999921,4.75027079996645,0.004,True,97
2424,4.847999999999954,96,24,2400,NORMAL,4.749999999999921,4.75027079996645,0.002,True,97
2425,4.849999999999954,97,0,2425,NORMAL,4.799999999999938,4.800386699917664,0.05,False,
2426,4.851999999999955,97,1,2425,NORMAL,4.799999999999938,4.800386699917664,0.048,True,98
2427,4.853999999999956,97,2,2425,NORMAL,4.799999999999938,4.800386699917664,0.046,True,98
2428,4.855999999999956,97,3,2425,NORMAL,4.799999999999938,4.800386699917664,0.044,True,98
2429,4.857999999999957,97,4,2425,NORMAL,4.799999999999938,4.800386699917664,0.042,True,98
2430,4.859999999999958,97,5,2425,NORMAL,4.799999999999938,4.800386699917664,0.04,True,98
2431,4.861999999999958,97,6,2425,NORMAL,4.799999999999938,4.800386699917664,0.038,True,98
2432,4.863999999999959,97,7,2425,NORMAL,4.799999999999938,4.800386699917664,0.036000000000000004,True,98
2433,4.86599999999996,97,8,2425,NORMAL,4.799999999999938,4.800386699917664,0.034,True,98
2434,4.86799999999996,97,9,2425,NORMAL,4.799999999999938,4.800386699917664,0.032,True,98
2435,4.869999999999961,97,10,2425,NORMAL,4.799999999999938,4.800386699917664,0.03,True,98
2436,4.871999999999962,97,11,2425,NORMAL,4.799999999999938,4.800386699917664,0.028,True,98
2437,4.873999999999962,97,12,2425,NORMAL,4.799999999999938,4.800386699917664,0.026000000000000002,True,98
2438,4.875999999999963,97,13,2425,NORMAL,4.799999999999938,4.800386699917664,0.024,True,98
2439,4.877999999999964,97,14,2425,NORMAL,4.799999999999938,4.800386699917664,0.022,True,98
2440,4.879999999999964,97,15,2425,NORMAL,4.799999999999938,4.800386699917664,0.02,True,98
2441,4.881999999999965,97,16,2425,NORMAL,4.799999999999938,4.800386699917664,0.018000000000000002,True,98
2442,4.883999999999966,97,17,2425,NORMAL,4.799999999999938,4.800386699917664,0.016,True,98
2443,4.885999999999966,97,18,2425,NORMAL,4.799999999999938,4.800386699917664,0.014,True,98
2444,4.887999999999967,97,19,2425,NORMAL,4.799999999999938,4.800386699917664,0.012,True,98
2445,4.889999999999968,97,20,2425,NORMAL,4.799999999999938,4.800386699917664,0.01,True,98
2446,4.891999999999968,97,21,2425,NORMAL,4.799999999999938,4.800386699917664,0.008,True,98
2447,4.893999999999969,97,22,2425,NORMAL,4.799999999999938,4.800386699917664,0.006,True,98
2448,4.89599999999997,97,23,2425,NORMAL,4.799999999999938,4.800386699917664,0.004,True,98
2449,4.89799999999997,97,24,2425,NORMAL,4.799999999999938,4.800386699917664,0.002,True,98
2450,4.899999999999971,98,0,2450,NORMAL,4.849999999999954,4.850275600003033,0.05,False,
2451,4.901999999999972,98,1,2450,NORMAL,4.849999999999954,4.850275600003033,0.048,True,99
2452,4.903999999999972,98,2,2450,NORMAL,4.849999999999954,4.850275600003033,0.046,True,99
2453,4.905999999999973,98,3,2450,NORMAL,4.849999999999954,4.850275600003033,0.044,True,99
2454,4.907999999999974,98,4,2450,NORMAL,4.849999999999954,4.850275600003033,0.042,True,99
2455,4.909999999999974,98,5,2450,NORMAL,4.849999999999954,4.850275600003033,0.04,True,99
2456,4.911999999999975,98,6,2450,NORMAL,4.849999999999954,4.850275600003033,0.038,True,99
2457,4.913999999999976,98,7,2450,NORMAL,4.849999999999954,4.850275600003033,0.036000000000000004,True,99
2458,4.915999999999976,98,8,2450,NORMAL,4.849999999999954,4.850275600003033,0.034,True,99
2459,4.917999999999977,98,9,2450,NORMAL,4.849999999999954,4.850275600003033,0.032,True,99
2460,4.919999999999978,98,10,2450,NORMAL,4.849999999999954,4.850275600003033,0.03,True,99
2461,4.921999999999978,98,11,2450,NORMAL,4.849999999999954,4.850275600003033,0.028,True,99
2462,4.923999999999979,98,12,2450,NORMAL,4.849999999999954,4.850275600003033,0.026000000000000002,True,99
2463,4.92599999999998,98,13,2450,NORMAL,4.849999999999954,4.850275600003033,0.024,True,99
2464,4.92799999999998,98,14,2450,NORMAL,4.849999999999954,4.850275600003033,0.022,True,99
2465,4.929999999999981,98,15,2450,NORMAL,4.849999999999954,4.850275600003033,0.02,True,99
2466,4.931999999999982,98,16,2450,NORMAL,4.849999999999954,4.850275600003033,0.018000000000000002,True,99
2467,4.933999999999982,98,17,2450,NORMAL,4.849999999999954,4.850275600003033,0.016,True,99
2468,4.935999999999983,98,18,2450,NORMAL,4.849999999999954,4.850275600003033,0.014,True,99
2469,4.937999999999984,98,19,2450,NORMAL,4.849999999999954,4.850275600003033,0.012,True,99
2470,4.939999999999984,98,20,2450,NORMAL,4.849999999999954,4.850275600003033,0.01,True,99
2471,4.941999999999985,98,21,2450,NORMAL,4.849999999999954,4.850275600003033,0.008,True,99
2472,4.943999999999986,98,22,2450,NORMAL,4.849999999999954,4.850275600003033,0.006,True,99
2473,4.945999999999986,98,23,2450,NORMAL,4.849999999999954,4.850275600003033,0.004,True,99
2474,4.947999999999987,98,24,2450,NORMAL,4.849999999999954,4.850275600003033,0.002,True,99
2475,4.949999999999988,99,0,2475,CANDIDATE,4.899999999999971,4.900276200007618,0.05,False,
2476,4.951999999999988,99,1,2475,CANDIDATE,4.899999999999971,4.900276200007618,0.048,True,100
2477,4.953999999999989,99,2,2475,CANDIDATE,4.899999999999971,4.900276200007618,0.046,True,100
2478,4.95599999999999,99,3,2475,CANDIDATE,4.899999999999971,4.900276200007618,0.044,True,100
2479,4.95799999999999,99,4,2475,CANDIDATE,4.899999999999971,4.900276200007618,0.042,True,100
2480,4.959999999999991,99,5,2475,CANDIDATE,4.899999999999971,4.900276200007618,0.04,True,100
2481,4.961999999999992,99,6,2475,CANDIDATE,4.899999999999971,4.900276200007618,0.038,True,100
2482,4.963999999999992,99,7,2475,CANDIDATE,4.899999999999971,4.900276200007618,0.036000000000000004,True,100
2483,4.965999999999993,99,8,2475,CANDIDATE,4.899999999999971,4.900276200007618,0.034,True,100
2484,4.967999999999994,99,9,2475,CANDIDATE,4.899999999999971,4.900276200007618,0.032,True,100
2485,4.969999999999994,99,10,2475,CANDIDATE,4.899999999999971,4.900276200007618,0.03,True,100
2486,4.971999999999995,99,11,2475,CANDIDATE,4.899999999999971,4.900276200007618,0.028,True,100
2487,4.973999999999996,99,12,2475,CANDIDATE,4.899999999999971,4.900276200007618,0.026000000000000002,True,100
2488,4.975999999999996,99,13,2475,CANDIDATE,4.899999999999971,4.900276200007618,0.024,True,100
2489,4.977999999999997,99,14,2475,CANDIDATE,4.899999999999971,4.900276200007618,0.022,True,100
2490,4.979999999999998,99,15,2475,CANDIDATE,4.899999999999971,4.900276200007618,0.02,True,100
2491,4.981999999999998,99,16,2475,CANDIDATE,4.899999999999971,4.900276200007618,0.018000000000000002,True,100
2492,4.983999999999999,99,17,2475,CANDIDATE,4.899999999999971,4.900276200007618,0.016,True,100
2493,4.986,99,18,2475,CANDIDATE,4.899999999999971,4.900276200007618,0.014,True,100
2494,4.988,99,19,2475,CANDIDATE,4.899999999999971,4.900276200007618,0.012,True,100
2495,4.990000000000001,99,20,2475,CANDIDATE,4.899999999999971,4.900276200007618,0.01,True,100
2496,4.992000000000002,99,21,2475,CANDIDATE,4.899999999999971,4.900276200007618,0.008,True,100
2497,4.994000000000002,99,22,2475,CANDIDATE,4.899999999999971,4.900276200007618,0.006,True,100
2498,4.996000000000003,99,23,2475,CANDIDATE,4.899999999999971,4.900276200007618,0.004,True,100
2499,4.998000000000004,99,24,2475,CANDIDATE,4.899999999999971,4.900276200007618,0.002,True,100
2500,5.000000000000004,100,0,2500,CANDIDATE,4.949999999999988,4.950265600043337,0.05,False,
2501,5.002000000000005,100,1,2500,CANDIDATE,4.949999999999988,4.950265600043337,0.048,True,101
2502,5.004000000000006,100,2,2500,CANDIDATE,4.949999999999988,4.950265600043337,0.046,True,101
2503,5.0060000000000064,100,3,2500,CANDIDATE,4.949999999999988,4.950265600043337,0.044,True,101
2504,5.008000000000007,100,4,2500,CANDIDATE,4.949999999999988,4.950265600043337,0.042,True,101
2505,5.010000000000008,100,5,2500,CANDIDATE,4.949999999999988,4.950265600043337,0.04,True,101
2506,5.0120000000000084,100,6,2500,CANDIDATE,4.949999999999988,4.950265600043337,0.038,True,101
2507,5.014000000000009,100,7,2500,CANDIDATE,4.949999999999988,4.950265600043337,0.036000000000000004,True,101
2508,5.01600000000001,100,8,2500,CANDIDATE,4.949999999999988,4.950265600043337,0.034,True,101
2509,5.0180000000000105,100,9,2500,CANDIDATE,4.949999999999988,4.950265600043337,0.032,True,101
2510,5.020000000000011,100,10,2500,CANDIDATE,4.949999999999988,4.950265600043337,0.03,True,101
2511,5.022000000000012,100,11,2500,CANDIDATE,4.949999999999988,4.950265600043337,0.028,True,101
2512,5.0240000000000125,100,12,2500,CANDIDATE,4.949999999999988,4.950265600043337,0.026000000000000002,True,101
2513,5.026000000000013,100,13,2500,CANDIDATE,4.949999999999988,4.950265600043337,0.024,True,101
2514,5.028000000000014,100,14,2500,CANDIDATE,4.949999999999988,4.950265600043337,0.022,True,101
2515,5.0300000000000145,100,15,2500,CANDIDATE,4.949999999999988,4.950265600043337,0.02,True,101
2516,5.032000000000015,100,16,2500,CANDIDATE,4.949999999999988,4.950265600043337,0.018000000000000002,True,101
2517,5.034000000000016,100,17,2500,CANDIDATE,4.949999999999988,4.950265600043337,0.016,True,101
2518,5.0360000000000165,100,18,2500,CANDIDATE,4.949999999999988,4.950265600043337,0.014,True,101
2519,5.038000000000017,100,19,2500,CANDIDATE,4.949999999999988,4.950265600043337,0.012,True,101
2520,5.040000000000018,100,20,2500,CANDIDATE,4.949999999999988,4.950265600043337,0.01,True,101
2521,5.0420000000000185,100,21,2500,CANDIDATE,4.949999999999988,4.950265600043337,0.008,True,101
2522,5.044000000000019,100,22,2500,CANDIDATE,4.949999999999988,4.950265600043337,0.006,True,101
2523,5.04600000000002,100,23,2500,CANDIDATE,4.949999999999988,4.950265600043337,0.004,True,101
2524,5.0480000000000205,100,24,2500,CANDIDATE,4.949999999999988,4.950265600043337,0.002,True,101
2525,5.050000000000021,101,0,2525,CANDIDATE,5.000000000000004,5.000272199977194,0.05,False,
2526,5.052000000000022,101,1,2525,CANDIDATE,5.000000000000004,5.000272199977194,0.048,True,102
2527,5.0540000000000225,101,2,2525,CANDIDATE,5.000000000000004,5.000272199977194,0.046,True,102
2528,5.056000000000023,101,3,2525,CANDIDATE,5.000000000000004,5.000272199977194,0.044,True,102
2529,5.058000000000024,101,4,2525,CANDIDATE,5.000000000000004,5.000272199977194,0.042,True,102
2530,5.0600000000000245,101,5,2525,CANDIDATE,5.000000000000004,5.000272199977194,0.04,True,102
2531,5.062000000000025,101,6,2525,CANDIDATE,5.000000000000004,5.000272199977194,0.038,True,102
2532,5.064000000000026,101,7,2525,CANDIDATE,5.000000000000004,5.000272199977194,0.036000000000000004,True,102
2533,5.0660000000000265,101,8,2525,CANDIDATE,5.000000000000004,5.000272199977194,0.034,True,102
2534,5.068000000000027,101,9,2525,CANDIDATE,5.000000000000004,5.000272199977194,0.032,True,102
2535,5.070000000000028,101,10,2525,CANDIDATE,5.000000000000004,5.000272199977194,0.03,True,102
2536,5.0720000000000285,101,11,2525,CANDIDATE,5.000000000000004,5.000272199977194,0.028,True,102
2537,5.074000000000029,101,12,2525,CANDIDATE,5.000000000000004,5.000272199977194,0.026000000000000002,True,102
2538,5.07600000000003,101,13,2525,CANDIDATE,5.000000000000004,5.000272199977194,0.024,True,102
2539,5.0780000000000305,101,14,2525,CANDIDATE,5.000000000000004,5.000272199977194,0.022,True,102
2540,5.080000000000031,101,15,2525,CANDIDATE,5.000000000000004,5.000272199977194,0.02,True,102
2541,5.082000000000032,101,16,2525,CANDIDATE,5.000000000000004,5.000272199977194,0.018000000000000002,True,102
2542,5.0840000000000325,101,17,2525,CANDIDATE,5.000000000000004,5.000272199977194,0.016,True,102
2543,5.086000000000033,101,18,2525,CANDIDATE,5.000000000000004,5.000272199977194,0.014,True,102
2544,5.088000000000034,101,19,2525,CANDIDATE,5.000000000000004,5.000272199977194,0.012,True,102
2545,5.0900000000000345,101,20,2525,CANDIDATE,5.000000000000004,5.000272199977194,0.01,True,102
2546,5.092000000000035,101,21,2525,CANDIDATE,5.000000000000004,5.000272199977194,0.008,True,102
2547,5.094000000000036,101,22,2525,CANDIDATE,5.000000000000004,5.000272199977194,0.006,True,102
2548,5.0960000000000365,101,23,2525,CANDIDATE,5.000000000000004,5.000272199977194,0.004,True,102
2549,5.098000000000037,101,24,2525,CANDIDATE,5.000000000000004,5.000272199977194,0.002,True,102
2550,5.100000000000038,102,0,2550,CANDIDATE,5.050000000000021,5.050277200015283,0.05,False,
2551,5.1020000000000385,102,1,2550,CANDIDATE,5.050000000000021,5.050277200015283,0.048,True,103
2552,5.104000000000039,102,2,2550,CANDIDATE,5.050000000000021,5.050277200015283,0.046,True,103
2553,5.10600000000004,102,3,2550,CANDIDATE,5.050000000000021,5.050277200015283,0.044,True,103
2554,5.1080000000000405,102,4,2550,CANDIDATE,5.050000000000021,5.050277200015283,0.042,True,103
2555,5.110000000000041,102,5,2550,CANDIDATE,5.050000000000021,5.050277200015283,0.04,True,103
2556,5.112000000000042,102,6,2550,CANDIDATE,5.050000000000021,5.050277200015283,0.038,True,103
2557,5.1140000000000425,102,7,2550,CANDIDATE,5.050000000000021,5.050277200015283,0.036000000000000004,True,103
2558,5.116000000000043,102,8,2550,CANDIDATE,5.050000000000021,5.050277200015283,0.034,True,103
2559,5.118000000000044,102,9,2550,CANDIDATE,5.050000000000021,5.050277200015283,0.032,True,103
2560,5.1200000000000445,102,10,2550,CANDIDATE,5.050000000000021,5.050277200015283,0.03,True,103
2561,5.122000000000045,102,11,2550,CANDIDATE,5.050000000000021,5.050277200015283,0.028,True,103
2562,5.124000000000046,102,12,2550,CANDIDATE,5.050000000000021,5.050277200015283,0.026000000000000002,True,103
2563,5.1260000000000465,102,13,2550,CANDIDATE,5.050000000000021,5.050277200015283,0.024,True,103
2564,5.128000000000047,102,14,2550,CANDIDATE,5.050000000000021,5.050277200015283,0.022,True,103
2565,5.130000000000048,102,15,2550,CANDIDATE,5.050000000000021,5.050277200015283,0.02,True,103
2566,5.1320000000000485,102,16,2550,CANDIDATE,5.050000000000021,5.050277200015283,0.018000000000000002,True,103
2567,5.134000000000049,102,17,2550,CANDIDATE,5.050000000000021,5.050277200015283,0.016,True,103
2568,5.13600000000005,102,18,2550,CANDIDATE,5.050000000000021,5.050277200015283,0.014,True,103
2569,5.1380000000000505,102,19,2550,CANDIDATE,5.050000000000021,5.050277200015283,0.012,True,103
2570,5.140000000000051,102,20,2550,CANDIDATE,5.050000000000021,5.050277200015283,0.01,True,103
2571,5.142000000000052,102,21,2550,CANDIDATE,5.050000000000021,5.050277200015283,0.008,True,103
2572,5.1440000000000525,102,22,2550,CANDIDATE,5.050000000000021,5.050277200015283,0.006,True,103
2573,5.146000000000053,102,23,2550,CANDIDATE,5.050000000000021,5.050277200015283,0.004,True,103
2574,5.148000000000054,102,24,2550,CANDIDATE,5.050000000000021,5.050277200015283,0.002,True,103
2575,5.1500000000000545,103,0,2575,CANDIDATE,5.100000000000038,5.100268799951338,0.05,False,
2576,5.152000000000055,103,1,2575,CANDIDATE,5.100000000000038,5.100268799951338,0.048,True,104
2577,5.154000000000056,103,2,2575,CANDIDATE,5.100000000000038,5.100268799951338,0.046,True,104
2578,5.1560000000000565,103,3,2575,CANDIDATE,5.100000000000038,5.100268799951338,0.044,True,104
2579,5.158000000000057,103,4,2575,CANDIDATE,5.100000000000038,5.100268799951338,0.042,True,104
2580,5.160000000000058,103,5,2575,CANDIDATE,5.100000000000038,5.100268799951338,0.04,True,104
2581,5.1620000000000585,103,6,2575,CANDIDATE,5.100000000000038,5.100268799951338,0.038,True,104
2582,5.164000000000059,103,7,2575,CANDIDATE,5.100000000000038,5.100268799951338,0.036000000000000004,True,104
2583,5.16600000000006,103,8,2575,CANDIDATE,5.100000000000038,5.100268799951338,0.034,True,104
2584,5.1680000000000605,103,9,2575,CANDIDATE,5.100000000000038,5.100268799951338,0.032,True,104
2585,5.170000000000061,103,10,2575,CANDIDATE,5.100000000000038,5.100268799951338,0.03,True,104
2586,5.172000000000062,103,11,2575,CANDIDATE,5.100000000000038,5.100268799951338,0.028,True,104
2587,5.1740000000000625,103,12,2575,CANDIDATE,5.100000000000038,5.100268799951338,0.026000000000000002,True,104
2588,5.176000000000063,103,13,2575,CANDIDATE,5.100000000000038,5.100268799951338,0.024,True,104
2589,5.178000000000064,103,14,2575,CANDIDATE,5.100000000000038,5.100268799951338,0.022,True,104
2590,5.1800000000000646,103,15,2575,CANDIDATE,5.100000000000038,5.100268799951338,0.02,True,104
2591,5.182000000000065,103,16,2575,CANDIDATE,5.100000000000038,5.100268799951338,0.018000000000000002,True,104
2592,5.184000000000066,103,17,2575,CANDIDATE,5.100000000000038,5.100268799951338,0.016,True,104
2593,5.186000000000067,103,18,2575,CANDIDATE,5.100000000000038,5.100268799951338,0.014,True,104
2594,5.188000000000067,103,19,2575,CANDIDATE,5.100000000000038,5.100268799951338,0.012,True,104
2595,5.190000000000068,103,20,2575,CANDIDATE,5.100000000000038,5.100268799951338,0.01,True,104
2596,5.192000000000069,103,21,2575,CANDIDATE,5.100000000000038,5.100268799951338,0.008,True,104
2597,5.194000000000069,103,22,2575,CANDIDATE,5.100000000000038,5.100268799951338,0.006,True,104
2598,5.19600000000007,103,23,2575,CANDIDATE,5.100000000000038,5.100268799951338,0.004,True,104
2599,5.198000000000071,103,24,2575,CANDIDATE,5.100000000000038,5.100268799951338,0.002,True,104
2600,5.200000000000071,104,0,2600,CANDIDATE,5.1500000000000545,5.150619699945728,0.05,False,
2601,5.202000000000072,104,1,2600,CANDIDATE,5.1500000000000545,5.150619699945728,0.048,True,105
2602,5.204000000000073,104,2,2600,CANDIDATE,5.1500000000000545,5.150619699945728,0.046,True,105
2603,5.206000000000073,104,3,2600,CANDIDATE,5.1500000000000545,5.150619699945728,0.044,True,105
2604,5.208000000000074,104,4,2600,CANDIDATE,5.1500000000000545,5.150619699945728,0.042,True,105
2605,5.210000000000075,104,5,2600,CANDIDATE,5.1500000000000545,5.150619699945728,0.04,True,105
2606,5.212000000000075,104,6,2600,CANDIDATE,5.1500000000000545,5.150619699945728,0.038,True,105
2607,5.214000000000076,104,7,2600,CANDIDATE,5.1500000000000545,5.150619699945728,0.036000000000000004,True,105
2608,5.216000000000077,104,8,2600,CANDIDATE,5.1500000000000545,5.150619699945728,0.034,True,105
2609,5.218000000000077,104,9,2600,CANDIDATE,5.1500000000000545,5.150619699945728,0.032,True,105
2610,5.220000000000078,104,10,2600,CANDIDATE,5.1500000000000545,5.150619699945728,0.03,True,105
2611,5.222000000000079,104,11,2600,CANDIDATE,5.1500000000000545,5.150619699945728,0.028,True,105
2612,5.224000000000079,104,12,2600,CANDIDATE,5.1500000000000545,5.150619699945728,0.026000000000000002,True,105
2613,5.22600000000008,104,13,2600,CANDIDATE,5.1500000000000545,5.150619699945728,0.024,True,105
2614,5.228000000000081,104,14,2600,CANDIDATE,5.1500000000000545,5.150619699945728,0.022,True,105
2615,5.230000000000081,104,15,2600,CANDIDATE,5.1500000000000545,5.150619699945728,0.02,True,105
2616,5.232000000000082,104,16,2600,CANDIDATE,5.1500000000000545,5.150619699945728,0.018000000000000002,True,105
2617,5.234000000000083,104,17,2600,CANDIDATE,5.1500000000000545,5.150619699945728,0.016,True,105
2618,5.236000000000083,104,18,2600,CANDIDATE,5.1500000000000545,5.150619699945728,0.014,True,105
2619,5.238000000000084,104,19,2600,CANDIDATE,5.1500000000000545,5.150619699945728,0.012,True,105
2620,5.240000000000085,104,20,2600,CANDIDATE,5.1500000000000545,5.150619699945728,0.01,True,105
2621,5.242000000000085,104,21,2600,CANDIDATE,5.1500000000000545,5.150619699945728,0.008,True,105
2622,5.244000000000086,104,22,2600,CANDIDATE,5.1500000000000545,5.150619699945728,0.006,True,105
2623,5.246000000000087,104,23,2600,CANDIDATE,5.1500000000000545,5.150619699945728,0.004,True,105
2624,5.248000000000087,104,24,2600,CANDIDATE,5.1500000000000545,5.150619699945728,0.002,True,105
2625,5.250000000000088,105,0,2625,CANDIDATE,5.200000000000071,5.200264600035806,0.05,False,
2626,5.252000000000089,105,1,2625,CANDIDATE,5.200000000000071,5.200264600035806,0.048,True,106
2627,5.254000000000089,105,2,2625,CANDIDATE,5.200000000000071,5.200264600035806,0.046,True,106
2628,5.25600000000009,105,3,2625,CANDIDATE,5.200000000000071,5.200264600035806,0.044,True,106
2629,5.258000000000091,105,4,2625,CANDIDATE,5.200000000000071,5.200264600035806,0.042,True,106
2630,5.260000000000091,105,5,2625,CANDIDATE,5.200000000000071,5.200264600035806,0.04,True,106
2631,5.262000000000092,105,6,2625,CANDIDATE,5.200000000000071,5.200264600035806,0.038,True,106
2632,5.264000000000093,105,7,2625,CANDIDATE,5.200000000000071,5.200264600035806,0.036000000000000004,True,106
2633,5.266000000000093,105,8,2625,CANDIDATE,5.200000000000071,5.200264600035806,0.034,True,106
2634,5.268000000000094,105,9,2625,CANDIDATE,5.200000000000071,5.200264600035806,0.032,True,106
2635,5.270000000000095,105,10,2625,CANDIDATE,5.200000000000071,5.200264600035806,0.03,True,106
2636,5.272000000000095,105,11,2625,CANDIDATE,5.200000000000071,5.200264600035806,0.028,True,106
2637,5.274000000000096,105,12,2625,CANDIDATE,5.200000000000071,5.200264600035806,0.026000000000000002,True,106
2638,5.276000000000097,105,13,2625,CANDIDATE,5.200000000000071,5.200264600035806,0.024,True,106
2639,5.278000000000097,105,14,2625,CANDIDATE,5.200000000000071,5.200264600035806,0.022,True,106
2640,5.280000000000098,105,15,2625,CANDIDATE,5.200000000000071,5.200264600035806,0.02,True,106
2641,5.282000000000099,105,16,2625,CANDIDATE,5.200000000000071,5.200264600035806,0.018000000000000002,True,106
2642,5.284000000000099,105,17,2625,CANDIDATE,5.200000000000071,5.200264600035806,0.016,True,106
2643,5.2860000000001,105,18,2625,CANDIDATE,5.200000000000071,5.200264600035806,0.014,True,106
2644,5.288000000000101,105,19,2625,CANDIDATE,5.200000000000071,5.200264600035806,0.012,True,106
2645,5.290000000000101,105,20,2625,CANDIDATE,5.200000000000071,5.200264600035806,0.01,True,106
2646,5.292000000000102,105,21,2625,CANDIDATE,5.200000000000071,5.200264600035806,0.008,True,106
2647,5.294000000000103,105,22,2625,CANDIDATE,5.200000000000071,5.200264600035806,0.006,True,106
2648,5.296000000000103,105,23,2625,CANDIDATE,5.200000000000071,5.200264600035806,0.004,True,106
2649,5.298000000000104,105,24,2625,CANDIDATE,5.200000000000071,5.200264600035806,0.002,True,106
2650,5.300000000000105,106,0,2650,CANDIDATE,5.250000000000088,5.250265400041914,0.05,False,
2651,5.302000000000105,106,1,2650,CANDIDATE,5.250000000000088,5.250265400041914,0.048,True,107
2652,5.304000000000106,106,2,2650,CANDIDATE,5.250000000000088,5.250265400041914,0.046,True,107
2653,5.306000000000107,106,3,2650,CANDIDATE,5.250000000000088,5.250265400041914,0.044,True,107
2654,5.308000000000107,106,4,2650,CANDIDATE,5.250000000000088,5.250265400041914,0.042,True,107
2655,5.310000000000108,106,5,2650,CANDIDATE,5.250000000000088,5.250265400041914,0.04,True,107
2656,5.312000000000109,106,6,2650,CANDIDATE,5.250000000000088,5.250265400041914,0.038,True,107
2657,5.314000000000109,106,7,2650,CANDIDATE,5.250000000000088,5.250265400041914,0.036000000000000004,True,107
2658,5.31600000000011,106,8,2650,CANDIDATE,5.250000000000088,5.250265400041914,0.034,True,107
2659,5.318000000000111,106,9,2650,CANDIDATE,5.250000000000088,5.250265400041914,0.032,True,107
2660,5.320000000000111,106,10,2650,CANDIDATE,5.250000000000088,5.250265400041914,0.03,True,107
2661,5.322000000000112,106,11,2650,CANDIDATE,5.250000000000088,5.250265400041914,0.028,True,107
2662,5.324000000000113,106,12,2650,CANDIDATE,5.250000000000088,5.250265400041914,0.026000000000000002,True,107
2663,5.326000000000113,106,13,2650,CANDIDATE,5.250000000000088,5.250265400041914,0.024,True,107
2664,5.328000000000114,106,14,2650,CANDIDATE,5.250000000000088,5.250265400041914,0.022,True,107
2665,5.330000000000115,106,15,2650,CANDIDATE,5.250000000000088,5.250265400041914,0.02,True,107
2666,5.332000000000115,106,16,2650,CANDIDATE,5.250000000000088,5.250265400041914,0.018000000000000002,True,107
2667,5.334000000000116,106,17,2650,CANDIDATE,5.250000000000088,5.250265400041914,0.016,True,107
2668,5.336000000000117,106,18,2650,CANDIDATE,5.250000000000088,5.250265400041914,0.014,True,107
2669,5.338000000000117,106,19,2650,CANDIDATE,5.250000000000088,5.250265400041914,0.012,True,107
2670,5.340000000000118,106,20,2650,CANDIDATE,5.250000000000088,5.250265400041914,0.01,True,107
2671,5.342000000000119,106,21,2650,CANDIDATE,5.250000000000088,5.250265400041914,0.008,True,107
2672,5.344000000000119,106,22,2650,CANDIDATE,5.250000000000088,5.250265400041914,0.006,True,107
2673,5.34600000000012,106,23,2650,CANDIDATE,5.250000000000088,5.250265400041914,0.004,True,107
2674,5.348000000000121,106,24,2650,CANDIDATE,5.250000000000088,5.250265400041914,0.002,True,107
2675,5.350000000000121,107,0,2675,CANDIDATE,5.300000000000105,5.300262200017564,0.05,False,
2676,5.352000000000122,107,1,2675,CANDIDATE,5.300000000000105,5.300262200017564,0.048,True,108
2677,5.354000000000123,107,2,2675,CANDIDATE,5.300000000000105,5.300262200017564,0.046,True,108
2678,5.356000000000123,107,3,2675,CANDIDATE,5.300000000000105,5.300262200017564,0.044,True,108
2679,5.358000000000124,107,4,2675,CANDIDATE,5.300000000000105,5.300262200017564,0.042,True,108
2680,5.360000000000125,107,5,2675,CANDIDATE,5.300000000000105,5.300262200017564,0.04,True,108
2681,5.362000000000125,107,6,2675,CANDIDATE,5.300000000000105,5.300262200017564,0.038,True,108
2682,5.364000000000126,107,7,2675,CANDIDATE,5.300000000000105,5.300262200017564,0.036000000000000004,True,108
2683,5.366000000000127,107,8,2675,CANDIDATE,5.300000000000105,5.300262200017564,0.034,True,108
2684,5.368000000000127,107,9,2675,CANDIDATE,5.300000000000105,5.300262200017564,0.032,True,108
2685,5.370000000000128,107,10,2675,CANDIDATE,5.300000000000105,5.300262200017564,0.03,True,108
2686,5.372000000000129,107,11,2675,CANDIDATE,5.300000000000105,5.300262200017564,0.028,True,108
2687,5.374000000000129,107,12,2675,CANDIDATE,5.300000000000105,5.300262200017564,0.026000000000000002,True,108
2688,5.37600000000013,107,13,2675,CANDIDATE,5.300000000000105,5.300262200017564,0.024,True,108
2689,5.378000000000131,107,14,2675,CANDIDATE,5.300000000000105,5.300262200017564,0.022,True,108
2690,5.380000000000131,107,15,2675,CANDIDATE,5.300000000000105,5.300262200017564,0.02,True,108
2691,5.382000000000132,107,16,2675,CANDIDATE,5.300000000000105,5.300262200017564,0.018000000000000002,True,108
2692,5.384000000000133,107,17,2675,CANDIDATE,5.300000000000105,5.300262200017564,0.016,True,108
2693,5.386000000000133,107,18,2675,CANDIDATE,5.300000000000105,5.300262200017564,0.014,True,108
2694,5.388000000000134,107,19,2675,CANDIDATE,5.300000000000105,5.300262200017564,0.012,True,108
2695,5.390000000000135,107,20,2675,CANDIDATE,5.300000000000105,5.300262200017564,0.01,True,108
2696,5.392000000000135,107,21,2675,CANDIDATE,5.300000000000105,5.300262200017564,0.008,True,108
2697,5.394000000000136,107,22,2675,CANDIDATE,5.300000000000105,5.300262200017564,0.006,True,108
2698,5.396000000000137,107,23,2675,CANDIDATE,5.300000000000105,5.300262200017564,0.004,True,108
2699,5.398000000000137,107,24,2675,CANDIDATE,5.300000000000105,5.300262200017564,0.002,True,108
2700,5.400000000000138,108,0,2700,CANDIDATE,5.350000000000121,5.350264800037379,0.05,False,
2701,5.402000000000139,108,1,2700,CANDIDATE,5.350000000000121,5.350264800037379,0.048,False,
2702,5.404000000000139,108,2,2700,CANDIDATE,5.350000000000121,5.350264800037379,0.046,False,
2703,5.40600000000014,108,3,2700,CANDIDATE,5.350000000000121,5.350264800037379,0.044,True,109
2704,5.408000000000141,108,4,2700,CANDIDATE,5.350000000000121,5.350264800037379,0.042,True,109
2705,5.410000000000141,108,5,2700,CANDIDATE,5.350000000000121,5.350264800037379,0.04,True,109
2706,5.412000000000142,108,6,2700,CANDIDATE,5.350000000000121,5.350264800037379,0.038,True,109
2707,5.414000000000143,108,7,2700,CANDIDATE,5.350000000000121,5.350264800037379,0.036000000000000004,True,109
2708,5.416000000000143,108,8,2700,CANDIDATE,5.350000000000121,5.350264800037379,0.034,True,109
2709,5.418000000000144,108,9,2700,CANDIDATE,5.350000000000121,5.350264800037379,0.032,True,109
2710,5.420000000000145,108,10,2700,CANDIDATE,5.350000000000121,5.350264800037379,0.03,True,109
2711,5.422000000000145,108,11,2700,CANDIDATE,5.350000000000121,5.350264800037379,0.028,True,109
2712,5.424000000000146,108,12,2700,CANDIDATE,5.350000000000121,5.350264800037379,0.026000000000000002,True,109
2713,5.426000000000147,108,13,2700,CANDIDATE,5.350000000000121,5.350264800037379,0.024,True,109
2714,5.428000000000147,108,14,2700,CANDIDATE,5.350000000000121,5.350264800037379,0.022,True,109
2715,5.430000000000148,108,15,2700,CANDIDATE,5.350000000000121,5.350264800037379,0.02,True,109
2716,5.432000000000149,108,16,2700,CANDIDATE,5.350000000000121,5.350264800037379,0.018000000000000002,True,109
2717,5.434000000000149,108,17,2700,CANDIDATE,5.350000000000121,5.350264800037379,0.016,True,109
2718,5.43600000000015,108,18,2700,CANDIDATE,5.350000000000121,5.350264800037379,0.014,True,109
2719,5.438000000000151,108,19,2700,CANDIDATE,5.350000000000121,5.350264800037379,0.012,True,109
2720,5.440000000000151,108,20,2700,CANDIDATE,5.350000000000121,5.350264800037379,0.01,True,109
2721,5.442000000000152,108,21,2700,CANDIDATE,5.350000000000121,5.350264800037379,0.008,True,109
2722,5.444000000000153,108,22,2700,CANDIDATE,5.350000000000121,5.350264800037379,0.006,True,109
2723,5.446000000000153,108,23,2700,CANDIDATE,5.350000000000121,5.350264800037379,0.004,True,109
2724,5.448000000000154,108,24,2700,CANDIDATE,5.350000000000121,5.350264800037379,0.002,True,109
2725,5.450000000000155,109,0,2725,FULL_DYNAMIC,5.400000000000138,5.4043696000940615,0.05,False,
2726,5.452000000000155,109,1,2725,FULL_DYNAMIC,5.400000000000138,5.4043696000940615,0.048,True,110
2727,5.454000000000156,109,2,2725,FULL_DYNAMIC,5.400000000000138,5.4043696000940615,0.046,True,110
2728,5.456000000000157,109,3,2725,FULL_DYNAMIC,5.400000000000138,5.4043696000940615,0.044,True,110
2729,5.458000000000157,109,4,2725,FULL_DYNAMIC,5.400000000000138,5.4043696000940615,0.042,True,110
2730,5.460000000000158,109,5,2725,FULL_DYNAMIC,5.400000000000138,5.4043696000940615,0.04,True,110
2731,5.462000000000159,109,6,2725,FULL_DYNAMIC,5.400000000000138,5.4043696000940615,0.038,True,110
2732,5.464000000000159,109,7,2725,FULL_DYNAMIC,5.400000000000138,5.4043696000940615,0.036000000000000004,True,110
2733,5.46600000000016,109,8,2725,FULL_DYNAMIC,5.400000000000138,5.4043696000940615,0.034,True,110
2734,5.468000000000161,109,9,2725,FULL_DYNAMIC,5.400000000000138,5.4043696000940615,0.032,True,110
2735,5.470000000000161,109,10,2725,FULL_DYNAMIC,5.400000000000138,5.4043696000940615,0.03,True,110
2736,5.472000000000162,109,11,2725,FULL_DYNAMIC,5.400000000000138,5.4043696000940615,0.028,True,110
2737,5.474000000000163,109,12,2725,FULL_DYNAMIC,5.400000000000138,5.4043696000940615,0.026000000000000002,True,110
2738,5.476000000000163,109,13,2725,FULL_DYNAMIC,5.400000000000138,5.4043696000940615,0.024,True,110
2739,5.478000000000164,109,14,2725,FULL_DYNAMIC,5.400000000000138,5.4043696000940615,0.022,True,110
2740,5.480000000000165,109,15,2725,FULL_DYNAMIC,5.400000000000138,5.4043696000940615,0.02,True,110
2741,5.482000000000165,109,16,2725,FULL_DYNAMIC,5.400000000000138,5.4043696000940615,0.018000000000000002,True,110
2742,5.484000000000166,109,17,2725,FULL_DYNAMIC,5.400000000000138,5.4043696000940615,0.016,True,110
2743,5.486000000000167,109,18,2725,FULL_DYNAMIC,5.400000000000138,5.4043696000940615,0.014,True,110
2744,5.488000000000167,109,19,2725,FULL_DYNAMIC,5.400000000000138,5.4043696000940615,0.012,True,110
2745,5.490000000000168,109,20,2725,FULL_DYNAMIC,5.400000000000138,5.4043696000940615,0.01,True,110
2746,5.492000000000169,109,21,2725,FULL_DYNAMIC,5.400000000000138,5.4043696000940615,0.008,True,110
2747,5.494000000000169,109,22,2725,FULL_DYNAMIC,5.400000000000138,5.4043696000940615,0.006,True,110
2748,5.49600000000017,109,23,2725,FULL_DYNAMIC,5.400000000000138,5.4043696000940615,0.004,True,110
2749,5.498000000000171,109,24,2725,FULL_DYNAMIC,5.400000000000138,5.4043696000940615,0.002,True,110
2750,5.500000000000171,110,0,2750,FULL_DYNAMIC,5.450000000000155,5.450361399958065,0.05,False,
2751,5.502000000000172,110,1,2750,FULL_DYNAMIC,5.450000000000155,5.450361399958065,0.048,True,111
2752,5.504000000000173,110,2,2750,FULL_DYNAMIC,5.450000000000155,5.450361399958065,0.046,True,111
2753,5.506000000000173,110,3,2750,FULL_DYNAMIC,5.450000000000155,5.450361399958065,0.044,True,111
2754,5.508000000000174,110,4,2750,FULL_DYNAMIC,5.450000000000155,5.450361399958065,0.042,True,111
2755,5.510000000000175,110,5,2750,FULL_DYNAMIC,5.450000000000155,5.450361399958065,0.04,True,111
2756,5.512000000000175,110,6,2750,FULL_DYNAMIC,5.450000000000155,5.450361399958065,0.038,True,111
2757,5.514000000000176,110,7,2750,FULL_DYNAMIC,5.450000000000155,5.450361399958065,0.036000000000000004,True,111
2758,5.516000000000177,110,8,2750,FULL_DYNAMIC,5.450000000000155,5.450361399958065,0.034,True,111
2759,5.518000000000177,110,9,2750,FULL_DYNAMIC,5.450000000000155,5.450361399958065,0.032,True,111
2760,5.520000000000178,110,10,2750,FULL_DYNAMIC,5.450000000000155,5.450361399958065,0.03,True,111
2761,5.522000000000179,110,11,2750,FULL_DYNAMIC,5.450000000000155,5.450361399958065,0.028,True,111
2762,5.524000000000179,110,12,2750,FULL_DYNAMIC,5.450000000000155,5.450361399958065,0.026000000000000002,True,111
2763,5.52600000000018,110,13,2750,FULL_DYNAMIC,5.450000000000155,5.450361399958065,0.024,True,111
2764,5.528000000000181,110,14,2750,FULL_DYNAMIC,5.450000000000155,5.450361399958065,0.022,True,111
2765,5.530000000000181,110,15,2750,FULL_DYNAMIC,5.450000000000155,5.450361399958065,0.02,True,111
2766,5.532000000000182,110,16,2750,FULL_DYNAMIC,5.450000000000155,5.450361399958065,0.018000000000000002,True,111
2767,5.534000000000183,110,17,2750,FULL_DYNAMIC,5.450000000000155,5.450361399958065,0.016,True,111
2768,5.536000000000183,110,18,2750,FULL_DYNAMIC,5.450000000000155,5.450361399958065,0.014,True,111
2769,5.538000000000184,110,19,2750,FULL_DYNAMIC,5.450000000000155,5.450361399958065,0.012,True,111
2770,5.540000000000185,110,20,2750,FULL_DYNAMIC,5.450000000000155,5.450361399958065,0.01,True,111
2771,5.5420000000001854,110,21,2750,FULL_DYNAMIC,5.450000000000155,5.450361399958065,0.008,True,111
2772,5.544000000000186,110,22,2750,FULL_DYNAMIC,5.450000000000155,5.450361399958065,0.006,True,111
2773,5.546000000000187,110,23,2750,FULL_DYNAMIC,5.450000000000155,5.450361399958065,0.004,True,111
2774,5.5480000000001874,110,24,2750,FULL_DYNAMIC,5.450000000000155,5.450361399958065,0.002,True,111
2775,5.550000000000188,111,0,2775,FULL_DYNAMIC,5.500000000000171,5.500311100040734,0.05,False,
2776,5.552000000000189,111,1,2775,FULL_DYNAMIC,5.500000000000171,5.500311100040734,0.048,True,112
2777,5.5540000000001895,111,2,2775,FULL_DYNAMIC,5.500000000000171,5.500311100040734,0.046,True,112
2778,5.55600000000019,111,3,2775,FULL_DYNAMIC,5.500000000000171,5.500311100040734,0.044,True,112
2779,5.558000000000191,111,4,2775,FULL_DYNAMIC,5.500000000000171,5.500311100040734,0.042,True,112
2780,5.5600000000001915,111,5,2775,FULL_DYNAMIC,5.500000000000171,5.500311100040734,0.04,True,112
2781,5.562000000000192,111,6,2775,FULL_DYNAMIC,5.500000000000171,5.500311100040734,0.038,True,112
2782,5.564000000000193,111,7,2775,FULL_DYNAMIC,5.500000000000171,5.500311100040734,0.036000000000000004,True,112
2783,5.5660000000001935,111,8,2775,FULL_DYNAMIC,5.500000000000171,5.500311100040734,0.034,True,112
2784,5.568000000000194,111,9,2775,FULL_DYNAMIC,5.500000000000171,5.500311100040734,0.032,True,112
2785,5.570000000000195,111,10,2775,FULL_DYNAMIC,5.500000000000171,5.500311100040734,0.03,True,112
2786,5.5720000000001955,111,11,2775,FULL_DYNAMIC,5.500000000000171,5.500311100040734,0.028,True,112
2787,5.574000000000196,111,12,2775,FULL_DYNAMIC,5.500000000000171,5.500311100040734,0.026000000000000002,True,112
2788,5.576000000000197,111,13,2775,FULL_DYNAMIC,5.500000000000171,5.500311100040734,0.024,True,112
2789,5.5780000000001975,111,14,2775,FULL_DYNAMIC,5.500000000000171,5.500311100040734,0.022,True,112
2790,5.580000000000198,111,15,2775,FULL_DYNAMIC,5.500000000000171,5.500311100040734,0.02,True,112
2791,5.582000000000199,111,16,2775,FULL_DYNAMIC,5.500000000000171,5.500311100040734,0.018000000000000002,True,112
2792,5.5840000000001995,111,17,2775,FULL_DYNAMIC,5.500000000000171,5.500311100040734,0.016,True,112
2793,5.5860000000002,111,18,2775,FULL_DYNAMIC,5.500000000000171,5.500311100040734,0.014,True,112
2794,5.588000000000201,111,19,2775,FULL_DYNAMIC,5.500000000000171,5.500311100040734,0.012,True,112
2795,5.5900000000002015,111,20,2775,FULL_DYNAMIC,5.500000000000171,5.500311100040734,0.01,True,112
2796,5.592000000000202,111,21,2775,FULL_DYNAMIC,5.500000000000171,5.500311100040734,0.008,True,112
2797,5.594000000000203,111,22,2775,FULL_DYNAMIC,5.500000000000171,5.500311100040734,0.006,True,112
2798,5.5960000000002035,111,23,2775,FULL_DYNAMIC,5.500000000000171,5.500311100040734,0.004,True,112
2799,5.598000000000204,111,24,2775,FULL_DYNAMIC,5.500000000000171,5.500311100040734,0.002,True,112
2800,5.600000000000205,112,0,2800,FULL_DYNAMIC,5.550000000000188,5.550299100065792,0.05,False,
2801,5.6020000000002055,112,1,2800,FULL_DYNAMIC,5.550000000000188,5.550299100065792,0.048,True,113
2802,5.604000000000206,112,2,2800,FULL_DYNAMIC,5.550000000000188,5.550299100065792,0.046,True,113
2803,5.606000000000207,112,3,2800,FULL_DYNAMIC,5.550000000000188,5.550299100065792,0.044,True,113
2804,5.6080000000002075,112,4,2800,FULL_DYNAMIC,5.550000000000188,5.550299100065792,0.042,True,113
2805,5.610000000000208,112,5,2800,FULL_DYNAMIC,5.550000000000188,5.550299100065792,0.04,True,113
2806,5.612000000000209,112,6,2800,FULL_DYNAMIC,5.550000000000188,5.550299100065792,0.038,True,113
2807,5.6140000000002095,112,7,2800,FULL_DYNAMIC,5.550000000000188,5.550299100065792,0.036000000000000004,True,113
2808,5.61600000000021,112,8,2800,FULL_DYNAMIC,5.550000000000188,5.550299100065792,0.034,True,113
2809,5.618000000000211,112,9,2800,FULL_DYNAMIC,5.550000000000188,5.550299100065792,0.032,True,113
2810,5.6200000000002115,112,10,2800,FULL_DYNAMIC,5.550000000000188,5.550299100065792,0.03,True,113
2811,5.622000000000212,112,11,2800,FULL_DYNAMIC,5.550000000000188,5.550299100065792,0.028,True,113
2812,5.624000000000213,112,12,2800,FULL_DYNAMIC,5.550000000000188,5.550299100065792,0.026000000000000002,True,113
2813,5.6260000000002135,112,13,2800,FULL_DYNAMIC,5.550000000000188,5.550299100065792,0.024,True,113
2814,5.628000000000214,112,14,2800,FULL_DYNAMIC,5.550000000000188,5.550299100065792,0.022,True,113
2815,5.630000000000215,112,15,2800,FULL_DYNAMIC,5.550000000000188,5.550299100065792,0.02,True,113
2816,5.6320000000002155,112,16,2800,FULL_DYNAMIC,5.550000000000188,5.550299100065792,0.018000000000000002,True,113
2817,5.634000000000216,112,17,2800,FULL_DYNAMIC,5.550000000000188,5.550299100065792,0.016,True,113
2818,5.636000000000217,112,18,2800,FULL_DYNAMIC,5.550000000000188,5.550299100065792,0.014,True,113
2819,5.6380000000002175,112,19,2800,FULL_DYNAMIC,5.550000000000188,5.550299100065792,0.012,True,113
2820,5.640000000000218,112,20,2800,FULL_DYNAMIC,5.550000000000188,5.550299100065792,0.01,True,113
2821,5.642000000000219,112,21,2800,FULL_DYNAMIC,5.550000000000188,5.550299100065792,0.008,True,113
2822,5.6440000000002195,112,22,2800,FULL_DYNAMIC,5.550000000000188,5.550299100065792,0.006,True,113
2823,5.64600000000022,112,23,2800,FULL_DYNAMIC,5.550000000000188,5.550299100065792,0.004,True,113
2824,5.648000000000221,112,24,2800,FULL_DYNAMIC,5.550000000000188,5.550299100065792,0.002,True,113
2825,5.6500000000002215,113,0,2825,FULL_DYNAMIC,5.600000000000205,5.600300399959292,0.05,False,
2826,5.652000000000222,113,1,2825,FULL_DYNAMIC,5.600000000000205,5.600300399959292,0.048,True,114
2827,5.654000000000223,113,2,2825,FULL_DYNAMIC,5.600000000000205,5.600300399959292,0.046,True,114
2828,5.6560000000002235,113,3,2825,FULL_DYNAMIC,5.600000000000205,5.600300399959292,0.044,True,114
2829,5.658000000000224,113,4,2825,FULL_DYNAMIC,5.600000000000205,5.600300399959292,0.042,True,114
2830,5.660000000000225,113,5,2825,FULL_DYNAMIC,5.600000000000205,5.600300399959292,0.04,True,114
2831,5.6620000000002255,113,6,2825,FULL_DYNAMIC,5.600000000000205,5.600300399959292,0.038,True,114
2832,5.664000000000226,113,7,2825,FULL_DYNAMIC,5.600000000000205,5.600300399959292,0.036000000000000004,True,114
2833,5.666000000000227,113,8,2825,FULL_DYNAMIC,5.600000000000205,5.600300399959292,0.034,True,114
2834,5.6680000000002275,113,9,2825,FULL_DYNAMIC,5.600000000000205,5.600300399959292,0.032,True,114
2835,5.670000000000228,113,10,2825,FULL_DYNAMIC,5.600000000000205,5.600300399959292,0.03,True,114
2836,5.672000000000229,113,11,2825,FULL_DYNAMIC,5.600000000000205,5.600300399959292,0.028,True,114
2837,5.6740000000002295,113,12,2825,FULL_DYNAMIC,5.600000000000205,5.600300399959292,0.026000000000000002,True,114
2838,5.67600000000023,113,13,2825,FULL_DYNAMIC,5.600000000000205,5.600300399959292,0.024,True,114
2839,5.678000000000231,113,14,2825,FULL_DYNAMIC,5.600000000000205,5.600300399959292,0.022,True,114
2840,5.6800000000002315,113,15,2825,FULL_DYNAMIC,5.600000000000205,5.600300399959292,0.02,True,114
2841,5.682000000000232,113,16,2825,FULL_DYNAMIC,5.600000000000205,5.600300399959292,0.018000000000000002,True,114
2842,5.684000000000233,113,17,2825,FULL_DYNAMIC,5.600000000000205,5.600300399959292,0.016,True,114
2843,5.6860000000002335,113,18,2825,FULL_DYNAMIC,5.600000000000205,5.600300399959292,0.014,True,114
2844,5.688000000000234,113,19,2825,FULL_DYNAMIC,5.600000000000205,5.600300399959292,0.012,True,114
2845,5.690000000000235,113,20,2825,FULL_DYNAMIC,5.600000000000205,5.600300399959292,0.01,True,114
2846,5.6920000000002355,113,21,2825,FULL_DYNAMIC,5.600000000000205,5.600300399959292,0.008,True,114
2847,5.694000000000236,113,22,2825,FULL_DYNAMIC,5.600000000000205,5.600300399959292,0.006,True,114
2848,5.696000000000237,113,23,2825,FULL_DYNAMIC,5.600000000000205,5.600300399959292,0.004,True,114
2849,5.6980000000002375,113,24,2825,FULL_DYNAMIC,5.600000000000205,5.600300399959292,0.002,True,114
2850,5.700000000000238,114,0,2850,FULL_DYNAMIC,5.6500000000002215,5.650457899994438,0.05,False,
2851,5.702000000000239,114,1,2850,FULL_DYNAMIC,5.6500000000002215,5.650457899994438,0.048,True,115
2852,5.7040000000002395,114,2,2850,FULL_DYNAMIC,5.6500000000002215,5.650457899994438,0.046,True,115
2853,5.70600000000024,114,3,2850,FULL_DYNAMIC,5.6500000000002215,5.650457899994438,0.044,True,115
2854,5.708000000000241,114,4,2850,FULL_DYNAMIC,5.6500000000002215,5.650457899994438,0.042,True,115
2855,5.7100000000002415,114,5,2850,FULL_DYNAMIC,5.6500000000002215,5.650457899994438,0.04,True,115
2856,5.712000000000242,114,6,2850,FULL_DYNAMIC,5.6500000000002215,5.650457899994438,0.038,True,115
2857,5.714000000000243,114,7,2850,FULL_DYNAMIC,5.6500000000002215,5.650457899994438,0.036000000000000004,True,115
2858,5.7160000000002436,114,8,2850,FULL_DYNAMIC,5.6500000000002215,5.650457899994438,0.034,True,115
2859,5.718000000000244,114,9,2850,FULL_DYNAMIC,5.6500000000002215,5.650457899994438,0.032,True,115
2860,5.720000000000245,114,10,2850,FULL_DYNAMIC,5.6500000000002215,5.650457899994438,0.03,True,115
2861,5.722000000000246,114,11,2850,FULL_DYNAMIC,5.6500000000002215,5.650457899994438,0.028,True,115
2862,5.724000000000246,114,12,2850,FULL_DYNAMIC,5.6500000000002215,5.650457899994438,0.026000000000000002,True,115
2863,5.726000000000247,114,13,2850,FULL_DYNAMIC,5.6500000000002215,5.650457899994438,0.024,True,115
2864,5.728000000000248,114,14,2850,FULL_DYNAMIC,5.6500000000002215,5.650457899994438,0.022,True,115
2865,5.730000000000248,114,15,2850,FULL_DYNAMIC,5.6500000000002215,5.650457899994438,0.02,True,115
2866,5.732000000000249,114,16,2850,FULL_DYNAMIC,5.6500000000002215,5.650457899994438,0.018000000000000002,True,115
2867,5.73400000000025,114,17,2850,FULL_DYNAMIC,5.6500000000002215,5.650457899994438,0.016,True,115
2868,5.73600000000025,114,18,2850,FULL_DYNAMIC,5.6500000000002215,5.650457899994438,0.014,True,115
2869,5.738000000000251,114,19,2850,FULL_DYNAMIC,5.6500000000002215,5.650457899994438,0.012,True,115
2870,5.740000000000252,114,20,2850,FULL_DYNAMIC,5.6500000000002215,5.650457899994438,0.01,True,115
2871,5.742000000000252,114,21,2850,FULL_DYNAMIC,5.6500000000002215,5.650457899994438,0.008,True,115
2872,5.744000000000253,114,22,2850,FULL_DYNAMIC,5.6500000000002215,5.650457899994438,0.006,True,115
2873,5.746000000000254,114,23,2850,FULL_DYNAMIC,5.6500000000002215,5.650457899994438,0.004,True,115
2874,5.748000000000254,114,24,2850,FULL_DYNAMIC,5.6500000000002215,5.650457899994438,0.002,True,115
2875,5.750000000000255,115,0,2875,FULL_DYNAMIC,5.700000000000238,5.7003021000886855,0.05,False,
2876,5.752000000000256,115,1,2875,FULL_DYNAMIC,5.700000000000238,5.7003021000886855,0.048,True,116
2877,5.754000000000256,115,2,2875,FULL_DYNAMIC,5.700000000000238,5.7003021000886855,0.046,True,116
2878,5.756000000000257,115,3,2875,FULL_DYNAMIC,5.700000000000238,5.7003021000886855,0.044,True,116
2879,5.758000000000258,115,4,2875,FULL_DYNAMIC,5.700000000000238,5.7003021000886855,0.042,True,116
2880,5.760000000000258,115,5,2875,FULL_DYNAMIC,5.700000000000238,5.7003021000886855,0.04,True,116
2881,5.762000000000259,115,6,2875,FULL_DYNAMIC,5.700000000000238,5.7003021000886855,0.038,True,116
2882,5.76400000000026,115,7,2875,FULL_DYNAMIC,5.700000000000238,5.7003021000886855,0.036000000000000004,True,116
2883,5.76600000000026,115,8,2875,FULL_DYNAMIC,5.700000000000238,5.7003021000886855,0.034,True,116
2884,5.768000000000261,115,9,2875,FULL_DYNAMIC,5.700000000000238,5.7003021000886855,0.032,True,116
2885,5.770000000000262,115,10,2875,FULL_DYNAMIC,5.700000000000238,5.7003021000886855,0.03,True,116
2886,5.772000000000262,115,11,2875,FULL_DYNAMIC,5.700000000000238,5.7003021000886855,0.028,True,116
2887,5.774000000000263,115,12,2875,FULL_DYNAMIC,5.700000000000238,5.7003021000886855,0.026000000000000002,True,116
2888,5.776000000000264,115,13,2875,FULL_DYNAMIC,5.700000000000238,5.7003021000886855,0.024,True,116
2889,5.778000000000264,115,14,2875,FULL_DYNAMIC,5.700000000000238,5.7003021000886855,0.022,True,116
2890,5.780000000000265,115,15,2875,FULL_DYNAMIC,5.700000000000238,5.7003021000886855,0.02,True,116
2891,5.782000000000266,115,16,2875,FULL_DYNAMIC,5.700000000000238,5.7003021000886855,0.018000000000000002,True,116
2892,5.784000000000266,115,17,2875,FULL_DYNAMIC,5.700000000000238,5.7003021000886855,0.016,True,116
2893,5.786000000000267,115,18,2875,FULL_DYNAMIC,5.700000000000238,5.7003021000886855,0.014,True,116
2894,5.788000000000268,115,19,2875,FULL_DYNAMIC,5.700000000000238,5.7003021000886855,0.012,True,116
2895,5.790000000000268,115,20,2875,FULL_DYNAMIC,5.700000000000238,5.7003021000886855,0.01,True,116
2896,5.792000000000269,115,21,2875,FULL_DYNAMIC,5.700000000000238,5.7003021000886855,0.008,True,116
2897,5.79400000000027,115,22,2875,FULL_DYNAMIC,5.700000000000238,5.7003021000886855,0.006,True,116
2898,5.79600000000027,115,23,2875,FULL_DYNAMIC,5.700000000000238,5.7003021000886855,0.004,True,116
2899,5.798000000000271,115,24,2875,FULL_DYNAMIC,5.700000000000238,5.7003021000886855,0.002,True,116
2900,5.800000000000272,116,0,2900,FULL_DYNAMIC,5.750000000000255,5.7502997000704275,0.05,False,
2901,5.802000000000272,116,1,2900,FULL_DYNAMIC,5.750000000000255,5.7502997000704275,0.048,True,117
2902,5.804000000000273,116,2,2900,FULL_DYNAMIC,5.750000000000255,5.7502997000704275,0.046,True,117
2903,5.806000000000274,116,3,2900,FULL_DYNAMIC,5.750000000000255,5.7502997000704275,0.044,True,117
2904,5.808000000000274,116,4,2900,FULL_DYNAMIC,5.750000000000255,5.7502997000704275,0.042,True,117
2905,5.810000000000275,116,5,2900,FULL_DYNAMIC,5.750000000000255,5.7502997000704275,0.04,True,117
2906,5.812000000000276,116,6,2900,FULL_DYNAMIC,5.750000000000255,5.7502997000704275,0.038,True,117
2907,5.814000000000276,116,7,2900,FULL_DYNAMIC,5.750000000000255,5.7502997000704275,0.036000000000000004,True,117
2908,5.816000000000277,116,8,2900,FULL_DYNAMIC,5.750000000000255,5.7502997000704275,0.034,True,117
2909,5.818000000000278,116,9,2900,FULL_DYNAMIC,5.750000000000255,5.7502997000704275,0.032,True,117
2910,5.820000000000278,116,10,2900,FULL_DYNAMIC,5.750000000000255,5.7502997000704275,0.03,True,117
2911,5.822000000000279,116,11,2900,FULL_DYNAMIC,5.750000000000255,5.7502997000704275,0.028,True,117
2912,5.82400000000028,116,12,2900,FULL_DYNAMIC,5.750000000000255,5.7502997000704275,0.026000000000000002,True,117
2913,5.82600000000028,116,13,2900,FULL_DYNAMIC,5.750000000000255,5.7502997000704275,0.024,True,117
2914,5.828000000000281,116,14,2900,FULL_DYNAMIC,5.750000000000255,5.7502997000704275,0.022,True,117
2915,5.830000000000282,116,15,2900,FULL_DYNAMIC,5.750000000000255,5.7502997000704275,0.02,True,117
2916,5.832000000000282,116,16,2900,FULL_DYNAMIC,5.750000000000255,5.7502997000704275,0.018000000000000002,True,117
2917,5.834000000000283,116,17,2900,FULL_DYNAMIC,5.750000000000255,5.7502997000704275,0.016,True,117
2918,5.836000000000284,116,18,2900,FULL_DYNAMIC,5.750000000000255,5.7502997000704275,0.014,True,117
2919,5.838000000000284,116,19,2900,FULL_DYNAMIC,5.750000000000255,5.7502997000704275,0.012,True,117
2920,5.840000000000285,116,20,2900,FULL_DYNAMIC,5.750000000000255,5.7502997000704275,0.01,True,117
2921,5.842000000000286,116,21,2900,FULL_DYNAMIC,5.750000000000255,5.7502997000704275,0.008,True,117
2922,5.844000000000286,116,22,2900,FULL_DYNAMIC,5.750000000000255,5.7502997000704275,0.006,True,117
2923,5.846000000000287,116,23,2900,FULL_DYNAMIC,5.750000000000255,5.7502997000704275,0.004,True,117
2924,5.848000000000288,116,24,2900,FULL_DYNAMIC,5.750000000000255,5.7502997000704275,0.002,True,117
2925,5.850000000000288,117,0,2925,FULL_DYNAMIC,5.800000000000272,5.800351199996929,0.05,False,
2926,5.852000000000289,117,1,2925,FULL_DYNAMIC,5.800000000000272,5.800351199996929,0.048,True,118
2927,5.85400000000029,117,2,2925,FULL_DYNAMIC,5.800000000000272,5.800351199996929,0.046,True,118
2928,5.85600000000029,117,3,2925,FULL_DYNAMIC,5.800000000000272,5.800351199996929,0.044,True,118
2929,5.858000000000291,117,4,2925,FULL_DYNAMIC,5.800000000000272,5.800351199996929,0.042,True,118
2930,5.860000000000292,117,5,2925,FULL_DYNAMIC,5.800000000000272,5.800351199996929,0.04,True,118
2931,5.862000000000292,117,6,2925,FULL_DYNAMIC,5.800000000000272,5.800351199996929,0.038,True,118
2932,5.864000000000293,117,7,2925,FULL_DYNAMIC,5.800000000000272,5.800351199996929,0.036000000000000004,True,118
2933,5.866000000000294,117,8,2925,FULL_DYNAMIC,5.800000000000272,5.800351199996929,0.034,True,118
2934,5.868000000000294,117,9,2925,FULL_DYNAMIC,5.800000000000272,5.800351199996929,0.032,True,118
2935,5.870000000000295,117,10,2925,FULL_DYNAMIC,5.800000000000272,5.800351199996929,0.03,True,118
2936,5.872000000000296,117,11,2925,FULL_DYNAMIC,5.800000000000272,5.800351199996929,0.028,True,118
2937,5.874000000000296,117,12,2925,FULL_DYNAMIC,5.800000000000272,5.800351199996929,0.026000000000000002,True,118
2938,5.876000000000297,117,13,2925,FULL_DYNAMIC,5.800000000000272,5.800351199996929,0.024,True,118
2939,5.878000000000298,117,14,2925,FULL_DYNAMIC,5.800000000000272,5.800351199996929,0.022,True,118
2940,5.880000000000298,117,15,2925,FULL_DYNAMIC,5.800000000000272,5.800351199996929,0.02,True,118
2941,5.882000000000299,117,16,2925,FULL_DYNAMIC,5.800000000000272,5.800351199996929,0.018000000000000002,True,118
2942,5.8840000000003,117,17,2925,FULL_DYNAMIC,5.800000000000272,5.800351199996929,0.016,True,118
2943,5.8860000000003,117,18,2925,FULL_DYNAMIC,5.800000000000272,5.800351199996929,0.014,True,118
2944,5.888000000000301,117,19,2925,FULL_DYNAMIC,5.800000000000272,5.800351199996929,0.012,True,118
2945,5.890000000000302,117,20,2925,FULL_DYNAMIC,5.800000000000272,5.800351199996929,0.01,True,118
2946,5.892000000000302,117,21,2925,FULL_DYNAMIC,5.800000000000272,5.800351199996929,0.008,True,118
2947,5.894000000000303,117,22,2925,FULL_DYNAMIC,5.800000000000272,5.800351199996929,0.006,True,118
2948,5.896000000000304,117,23,2925,FULL_DYNAMIC,5.800000000000272,5.800351199996929,0.004,True,118
2949,5.898000000000304,117,24,2925,FULL_DYNAMIC,5.800000000000272,5.800351199996929,0.002,True,118
2950,5.900000000000305,118,0,2950,FULL_DYNAMIC,5.850000000000288,5.850302299973843,0.05,False,
2951,5.902000000000306,118,1,2950,FULL_DYNAMIC,5.850000000000288,5.850302299973843,0.048,True,119
2952,5.904000000000306,118,2,2950,FULL_DYNAMIC,5.850000000000288,5.850302299973843,0.046,True,119
2953,5.906000000000307,118,3,2950,FULL_DYNAMIC,5.850000000000288,5.850302299973843,0.044,True,119
2954,5.908000000000308,118,4,2950,FULL_DYNAMIC,5.850000000000288,5.850302299973843,0.042,True,119
2955,5.910000000000308,118,5,2950,FULL_DYNAMIC,5.850000000000288,5.850302299973843,0.04,True,119
2956,5.912000000000309,118,6,2950,FULL_DYNAMIC,5.850000000000288,5.850302299973843,0.038,True,119
2957,5.91400000000031,118,7,2950,FULL_DYNAMIC,5.850000000000288,5.850302299973843,0.036000000000000004,True,119
2958,5.91600000000031,118,8,2950,FULL_DYNAMIC,5.850000000000288,5.850302299973843,0.034,True,119
2959,5.918000000000311,118,9,2950,FULL_DYNAMIC,5.850000000000288,5.850302299973843,0.032,True,119
2960,5.920000000000312,118,10,2950,FULL_DYNAMIC,5.850000000000288,5.850302299973843,0.03,True,119
2961,5.922000000000312,118,11,2950,FULL_DYNAMIC,5.850000000000288,5.850302299973843,0.028,True,119
2962,5.924000000000313,118,12,2950,FULL_DYNAMIC,5.850000000000288,5.850302299973843,0.026000000000000002,True,119
2963,5.926000000000314,118,13,2950,FULL_DYNAMIC,5.850000000000288,5.850302299973843,0.024,True,119
2964,5.928000000000314,118,14,2950,FULL_DYNAMIC,5.850000000000288,5.850302299973843,0.022,True,119
2965,5.930000000000315,118,15,2950,FULL_DYNAMIC,5.850000000000288,5.850302299973843,0.02,True,119
2966,5.932000000000316,118,16,2950,FULL_DYNAMIC,5.850000000000288,5.850302299973843,0.018000000000000002,True,119
2967,5.934000000000316,118,17,2950,FULL_DYNAMIC,5.850000000000288,5.850302299973843,0.016,True,119
2968,5.936000000000317,118,18,2950,FULL_DYNAMIC,5.850000000000288,5.850302299973843,0.014,True,119
2969,5.938000000000318,118,19,2950,FULL_DYNAMIC,5.850000000000288,5.850302299973843,0.012,True,119
2970,5.940000000000318,118,20,2950,FULL_DYNAMIC,5.850000000000288,5.850302299973843,0.01,True,119
2971,5.942000000000319,118,21,2950,FULL_DYNAMIC,5.850000000000288,5.850302299973843,0.008,True,119
2972,5.94400000000032,118,22,2950,FULL_DYNAMIC,5.850000000000288,5.850302299973843,0.006,True,119
2973,5.94600000000032,118,23,2950,FULL_DYNAMIC,5.850000000000288,5.850302299973843,0.004,True,119
2974,5.948000000000321,118,24,2950,FULL_DYNAMIC,5.850000000000288,5.850302299973843,0.002,True,119
2975,5.950000000000322,119,0,2975,FULL_DYNAMIC,5.900000000000305,5.900310099916838,0.05,False,
2976,5.952000000000322,119,1,2975,FULL_DYNAMIC,5.900000000000305,5.900310099916838,0.048,True,120
2977,5.954000000000323,119,2,2975,FULL_DYNAMIC,5.900000000000305,5.900310099916838,0.046,True,120
2978,5.956000000000324,119,3,2975,FULL_DYNAMIC,5.900000000000305,5.900310099916838,0.044,True,120
2979,5.958000000000324,119,4,2975,FULL_DYNAMIC,5.900000000000305,5.900310099916838,0.042,True,120
2980,5.960000000000325,119,5,2975,FULL_DYNAMIC,5.900000000000305,5.900310099916838,0.04,True,120
2981,5.962000000000326,119,6,2975,FULL_DYNAMIC,5.900000000000305,5.900310099916838,0.038,True,120
2982,5.964000000000326,119,7,2975,FULL_DYNAMIC,5.900000000000305,5.900310099916838,0.036000000000000004,True,120
2983,5.966000000000327,119,8,2975,FULL_DYNAMIC,5.900000000000305,5.900310099916838,0.034,True,120
2984,5.968000000000328,119,9,2975,FULL_DYNAMIC,5.900000000000305,5.900310099916838,0.032,True,120
2985,5.970000000000328,119,10,2975,FULL_DYNAMIC,5.900000000000305,5.900310099916838,0.03,True,120
2986,5.972000000000329,119,11,2975,FULL_DYNAMIC,5.900000000000305,5.900310099916838,0.028,True,120
2987,5.97400000000033,119,12,2975,FULL_DYNAMIC,5.900000000000305,5.900310099916838,0.026000000000000002,True,120
2988,5.97600000000033,119,13,2975,FULL_DYNAMIC,5.900000000000305,5.900310099916838,0.024,True,120
2989,5.978000000000331,119,14,2975,FULL_DYNAMIC,5.900000000000305,5.900310099916838,0.022,True,120
2990,5.980000000000332,119,15,2975,FULL_DYNAMIC,5.900000000000305,5.900310099916838,0.02,True,120
2991,5.982000000000332,119,16,2975,FULL_DYNAMIC,5.900000000000305,5.900310099916838,0.018000000000000002,True,120
2992,5.984000000000333,119,17,2975,FULL_DYNAMIC,5.900000000000305,5.900310099916838,0.016,True,120
2993,5.986000000000334,119,18,2975,FULL_DYNAMIC,5.900000000000305,5.900310099916838,0.014,True,120
2994,5.988000000000334,119,19,2975,FULL_DYNAMIC,5.900000000000305,5.900310099916838,0.012,True,120
2995,5.990000000000335,119,20,2975,FULL_DYNAMIC,5.900000000000305,5.900310099916838,0.01,True,120
2996,5.992000000000336,119,21,2975,FULL_DYNAMIC,5.900000000000305,5.900310099916838,0.008,True,120
2997,5.994000000000336,119,22,2975,FULL_DYNAMIC,5.900000000000305,5.900310099916838,0.006,True,120
2998,5.996000000000337,119,23,2975,FULL_DYNAMIC,5.900000000000305,5.900310099916838,0.004,True,120
2999,5.998000000000338,119,24,2975,FULL_DYNAMIC,5.900000000000305,5.900310099916838,0.002,True,120
3000,6.000000000000338,120,0,3000,FULL_DYNAMIC,5.950000000000322,5.950301399967024,0.05,False,
3001,6.002000000000339,120,1,3000,FULL_DYNAMIC,5.950000000000322,5.950301399967024,0.048,True,121
3002,6.00400000000034,120,2,3000,FULL_DYNAMIC,5.950000000000322,5.950301399967024,0.046,True,121
3003,6.00600000000034,120,3,3000,FULL_DYNAMIC,5.950000000000322,5.950301399967024,0.044,True,121
3004,6.008000000000341,120,4,3000,FULL_DYNAMIC,5.950000000000322,5.950301399967024,0.042,True,121
3005,6.010000000000342,120,5,3000,FULL_DYNAMIC,5.950000000000322,5.950301399967024,0.04,True,121
3006,6.012000000000342,120,6,3000,FULL_DYNAMIC,5.950000000000322,5.950301399967024,0.038,True,121
3007,6.014000000000343,120,7,3000,FULL_DYNAMIC,5.950000000000322,5.950301399967024,0.036000000000000004,True,121
3008,6.016000000000344,120,8,3000,FULL_DYNAMIC,5.950000000000322,5.950301399967024,0.034,True,121
3009,6.018000000000344,120,9,3000,FULL_DYNAMIC,5.950000000000322,5.950301399967024,0.032,True,121
3010,6.020000000000345,120,10,3000,FULL_DYNAMIC,5.950000000000322,5.950301399967024,0.03,True,121
3011,6.022000000000346,120,11,3000,FULL_DYNAMIC,5.950000000000322,5.950301399967024,0.028,True,121
3012,6.024000000000346,120,12,3000,FULL_DYNAMIC,5.950000000000322,5.950301399967024,0.026000000000000002,True,121
3013,6.026000000000347,120,13,3000,FULL_DYNAMIC,5.950000000000322,5.950301399967024,0.024,True,121
3014,6.028000000000348,120,14,3000,FULL_DYNAMIC,5.950000000000322,5.950301399967024,0.022,True,121
3015,6.030000000000348,120,15,3000,FULL_DYNAMIC,5.950000000000322,5.950301399967024,0.02,True,121
3016,6.032000000000349,120,16,3000,FULL_DYNAMIC,5.950000000000322,5.950301399967024,0.018000000000000002,True,121
3017,6.03400000000035,120,17,3000,FULL_DYNAMIC,5.950000000000322,5.950301399967024,0.016,True,121
3018,6.03600000000035,120,18,3000,FULL_DYNAMIC,5.950000000000322,5.950301399967024,0.014,True,121
3019,6.038000000000351,120,19,3000,FULL_DYNAMIC,5.950000000000322,5.950301399967024,0.012,True,121
3020,6.040000000000352,120,20,3000,FULL_DYNAMIC,5.950000000000322,5.950301399967024,0.01,True,121
3021,6.042000000000352,120,21,3000,FULL_DYNAMIC,5.950000000000322,5.950301399967024,0.008,True,121
3022,6.044000000000353,120,22,3000,FULL_DYNAMIC,5.950000000000322,5.950301399967024,0.006,True,121
3023,6.046000000000354,120,23,3000,FULL_DYNAMIC,5.950000000000322,5.950301399967024,0.004,True,121
3024,6.048000000000354,120,24,3000,FULL_DYNAMIC,5.950000000000322,5.950301399967024,0.002,True,121
3025,6.050000000000355,121,0,3025,FULL_DYNAMIC,6.000000000000338,6.000311000040139,0.05,False,
3026,6.052000000000356,121,1,3025,FULL_DYNAMIC,6.000000000000338,6.000311000040139,0.048,True,122
3027,6.054000000000356,121,2,3025,FULL_DYNAMIC,6.000000000000338,6.000311000040139,0.046,True,122
3028,6.056000000000357,121,3,3025,FULL_DYNAMIC,6.000000000000338,6.000311000040139,0.044,True,122
3029,6.058000000000358,121,4,3025,FULL_DYNAMIC,6.000000000000338,6.000311000040139,0.042,True,122
3030,6.060000000000358,121,5,3025,FULL_DYNAMIC,6.000000000000338,6.000311000040139,0.04,True,122
3031,6.062000000000359,121,6,3025,FULL_DYNAMIC,6.000000000000338,6.000311000040139,0.038,True,122
3032,6.06400000000036,121,7,3025,FULL_DYNAMIC,6.000000000000338,6.000311000040139,0.036000000000000004,True,122
3033,6.06600000000036,121,8,3025,FULL_DYNAMIC,6.000000000000338,6.000311000040139,0.034,True,122
3034,6.068000000000361,121,9,3025,FULL_DYNAMIC,6.000000000000338,6.000311000040139,0.032,True,122
3035,6.070000000000362,121,10,3025,FULL_DYNAMIC,6.000000000000338,6.000311000040139,0.03,True,122
3036,6.072000000000362,121,11,3025,FULL_DYNAMIC,6.000000000000338,6.000311000040139,0.028,True,122
3037,6.074000000000363,121,12,3025,FULL_DYNAMIC,6.000000000000338,6.000311000040139,0.026000000000000002,True,122
3038,6.076000000000364,121,13,3025,FULL_DYNAMIC,6.000000000000338,6.000311000040139,0.024,True,122
3039,6.0780000000003644,121,14,3025,FULL_DYNAMIC,6.000000000000338,6.000311000040139,0.022,True,122
3040,6.080000000000365,121,15,3025,FULL_DYNAMIC,6.000000000000338,6.000311000040139,0.02,True,122
3041,6.082000000000366,121,16,3025,FULL_DYNAMIC,6.000000000000338,6.000311000040139,0.018000000000000002,True,122
3042,6.0840000000003664,121,17,3025,FULL_DYNAMIC,6.000000000000338,6.000311000040139,0.016,True,122
3043,6.086000000000367,121,18,3025,FULL_DYNAMIC,6.000000000000338,6.000311000040139,0.014,True,122
3044,6.088000000000368,121,19,3025,FULL_DYNAMIC,6.000000000000338,6.000311000040139,0.012,True,122
3045,6.0900000000003685,121,20,3025,FULL_DYNAMIC,6.000000000000338,6.000311000040139,0.01,True,122
3046,6.092000000000369,121,21,3025,FULL_DYNAMIC,6.000000000000338,6.000311000040139,0.008,True,122
3047,6.09400000000037,121,22,3025,FULL_DYNAMIC,6.000000000000338,6.000311000040139,0.006,True,122
3048,6.0960000000003705,121,23,3025,FULL_DYNAMIC,6.000000000000338,6.000311000040139,0.004,True,122
3049,6.098000000000371,121,24,3025,FULL_DYNAMIC,6.000000000000338,6.000311000040139,0.002,True,122
3050,6.100000000000372,122,0,3050,FULL_DYNAMIC,6.050000000000355,6.0503082000188355,0.05,False,
3051,6.1020000000003725,122,1,3050,FULL_DYNAMIC,6.050000000000355,6.0503082000188355,0.048,True,123
3052,6.104000000000373,122,2,3050,FULL_DYNAMIC,6.050000000000355,6.0503082000188355,0.046,True,123
3053,6.106000000000374,122,3,3050,FULL_DYNAMIC,6.050000000000355,6.0503082000188355,0.044,True,123
3054,6.1080000000003745,122,4,3050,FULL_DYNAMIC,6.050000000000355,6.0503082000188355,0.042,True,123
3055,6.110000000000375,122,5,3050,FULL_DYNAMIC,6.050000000000355,6.0503082000188355,0.04,True,123
3056,6.112000000000376,122,6,3050,FULL_DYNAMIC,6.050000000000355,6.0503082000188355,0.038,True,123
3057,6.1140000000003765,122,7,3050,FULL_DYNAMIC,6.050000000000355,6.0503082000188355,0.036000000000000004,True,123
3058,6.116000000000377,122,8,3050,FULL_DYNAMIC,6.050000000000355,6.0503082000188355,0.034,True,123
3059,6.118000000000378,122,9,3050,FULL_DYNAMIC,6.050000000000355,6.0503082000188355,0.032,True,123
3060,6.1200000000003785,122,10,3050,FULL_DYNAMIC,6.050000000000355,6.0503082000188355,0.03,True,123
3061,6.122000000000379,122,11,3050,FULL_DYNAMIC,6.050000000000355,6.0503082000188355,0.028,True,123
3062,6.12400000000038,122,12,3050,FULL_DYNAMIC,6.050000000000355,6.0503082000188355,0.026000000000000002,True,123
3063,6.1260000000003805,122,13,3050,FULL_DYNAMIC,6.050000000000355,6.0503082000188355,0.024,True,123
3064,6.128000000000381,122,14,3050,FULL_DYNAMIC,6.050000000000355,6.0503082000188355,0.022,True,123
3065,6.130000000000382,122,15,3050,FULL_DYNAMIC,6.050000000000355,6.0503082000188355,0.02,True,123
3066,6.1320000000003825,122,16,3050,FULL_DYNAMIC,6.050000000000355,6.0503082000188355,0.018000000000000002,True,123
3067,6.134000000000383,122,17,3050,FULL_DYNAMIC,6.050000000000355,6.0503082000188355,0.016,True,123
3068,6.136000000000384,122,18,3050,FULL_DYNAMIC,6.050000000000355,6.0503082000188355,0.014,True,123
3069,6.1380000000003845,122,19,3050,FULL_DYNAMIC,6.050000000000355,6.0503082000188355,0.012,True,123
3070,6.140000000000385,122,20,3050,FULL_DYNAMIC,6.050000000000355,6.0503082000188355,0.01,True,123
3071,6.142000000000386,122,21,3050,FULL_DYNAMIC,6.050000000000355,6.0503082000188355,0.008,True,123
3072,6.1440000000003865,122,22,3050,FULL_DYNAMIC,6.050000000000355,6.0503082000188355,0.006,True,123
3073,6.146000000000387,122,23,3050,FULL_DYNAMIC,6.050000000000355,6.0503082000188355,0.004,True,123
3074,6.148000000000388,122,24,3050,FULL_DYNAMIC,6.050000000000355,6.0503082000188355,0.002,True,123
3075,6.1500000000003885,123,0,3075,FULL_DYNAMIC,6.100000000000372,6.100309500028751,0.05,False,
3076,6.152000000000389,123,1,3075,FULL_DYNAMIC,6.100000000000372,6.100309500028751,0.048,True,124
3077,6.15400000000039,123,2,3075,FULL_DYNAMIC,6.100000000000372,6.100309500028751,0.046,True,124
3078,6.1560000000003905,123,3,3075,FULL_DYNAMIC,6.100000000000372,6.100309500028751,0.044,True,124
3079,6.158000000000391,123,4,3075,FULL_DYNAMIC,6.100000000000372,6.100309500028751,0.042,True,124
3080,6.160000000000392,123,5,3075,FULL_DYNAMIC,6.100000000000372,6.100309500028751,0.04,True,124
3081,6.1620000000003925,123,6,3075,FULL_DYNAMIC,6.100000000000372,6.100309500028751,0.038,True,124
3082,6.164000000000393,123,7,3075,FULL_DYNAMIC,6.100000000000372,6.100309500028751,0.036000000000000004,True,124
3083,6.166000000000394,123,8,3075,FULL_DYNAMIC,6.100000000000372,6.100309500028751,0.034,True,124
3084,6.1680000000003945,123,9,3075,FULL_DYNAMIC,6.100000000000372,6.100309500028751,0.032,True,124
3085,6.170000000000395,123,10,3075,FULL_DYNAMIC,6.100000000000372,6.100309500028751,0.03,True,124
3086,6.172000000000396,123,11,3075,FULL_DYNAMIC,6.100000000000372,6.100309500028751,0.028,True,124
3087,6.1740000000003965,123,12,3075,FULL_DYNAMIC,6.100000000000372,6.100309500028751,0.026000000000000002,True,124
3088,6.176000000000397,123,13,3075,FULL_DYNAMIC,6.100000000000372,6.100309500028751,0.024,True,124
3089,6.178000000000398,123,14,3075,FULL_DYNAMIC,6.100000000000372,6.100309500028751,0.022,True,124
3090,6.1800000000003985,123,15,3075,FULL_DYNAMIC,6.100000000000372,6.100309500028751,0.02,True,124
3091,6.182000000000399,123,16,3075,FULL_DYNAMIC,6.100000000000372,6.100309500028751,0.018000000000000002,True,124
3092,6.1840000000004,123,17,3075,FULL_DYNAMIC,6.100000000000372,6.100309500028751,0.016,True,124
3093,6.1860000000004005,123,18,3075,FULL_DYNAMIC,6.100000000000372,6.100309500028751,0.014,True,124
3094,6.188000000000401,123,19,3075,FULL_DYNAMIC,6.100000000000372,6.100309500028751,0.012,True,124
3095,6.190000000000402,123,20,3075,FULL_DYNAMIC,6.100000000000372,6.100309500028751,0.01,True,124
3096,6.1920000000004025,123,21,3075,FULL_DYNAMIC,6.100000000000372,6.100309500028751,0.008,True,124
3097,6.194000000000403,123,22,3075,FULL_DYNAMIC,6.100000000000372,6.100309500028751,0.006,True,124
3098,6.196000000000404,123,23,3075,FULL_DYNAMIC,6.100000000000372,6.100309500028751,0.004,True,124
3099,6.1980000000004045,123,24,3075,FULL_DYNAMIC,6.100000000000372,6.100309500028751,0.002,True,124
3100,6.200000000000405,124,0,3100,FULL_DYNAMIC,6.1500000000003885,6.150349900103563,0.05,False,
3101,6.202000000000406,124,1,3100,FULL_DYNAMIC,6.1500000000003885,6.150349900103563,0.048,True,125
3102,6.2040000000004065,124,2,3100,FULL_DYNAMIC,6.1500000000003885,6.150349900103563,0.046,True,125
3103,6.206000000000407,124,3,3100,FULL_DYNAMIC,6.1500000000003885,6.150349900103563,0.044,True,125
3104,6.208000000000408,124,4,3100,FULL_DYNAMIC,6.1500000000003885,6.150349900103563,0.042,True,125
3105,6.2100000000004085,124,5,3100,FULL_DYNAMIC,6.1500000000003885,6.150349900103563,0.04,True,125
3106,6.212000000000409,124,6,3100,FULL_DYNAMIC,6.1500000000003885,6.150349900103563,0.038,True,125
3107,6.21400000000041,124,7,3100,FULL_DYNAMIC,6.1500000000003885,6.150349900103563,0.036000000000000004,True,125
3108,6.2160000000004105,124,8,3100,FULL_DYNAMIC,6.1500000000003885,6.150349900103563,0.034,True,125
3109,6.218000000000411,124,9,3100,FULL_DYNAMIC,6.1500000000003885,6.150349900103563,0.032,True,125
3110,6.220000000000412,124,10,3100,FULL_DYNAMIC,6.1500000000003885,6.150349900103563,0.03,True,125
3111,6.2220000000004125,124,11,3100,FULL_DYNAMIC,6.1500000000003885,6.150349900103563,0.028,True,125
3112,6.224000000000413,124,12,3100,FULL_DYNAMIC,6.1500000000003885,6.150349900103563,0.026000000000000002,True,125
3113,6.226000000000414,124,13,3100,FULL_DYNAMIC,6.1500000000003885,6.150349900103563,0.024,True,125
3114,6.2280000000004145,124,14,3100,FULL_DYNAMIC,6.1500000000003885,6.150349900103563,0.022,True,125
3115,6.230000000000415,124,15,3100,FULL_DYNAMIC,6.1500000000003885,6.150349900103563,0.02,True,125
3116,6.232000000000416,124,16,3100,FULL_DYNAMIC,6.1500000000003885,6.150349900103563,0.018000000000000002,True,125
3117,6.2340000000004165,124,17,3100,FULL_DYNAMIC,6.1500000000003885,6.150349900103563,0.016,True,125
3118,6.236000000000417,124,18,3100,FULL_DYNAMIC,6.1500000000003885,6.150349900103563,0.014,True,125
3119,6.238000000000418,124,19,3100,FULL_DYNAMIC,6.1500000000003885,6.150349900103563,0.012,True,125
3120,6.2400000000004185,124,20,3100,FULL_DYNAMIC,6.1500000000003885,6.150349900103563,0.01,True,125
3121,6.242000000000419,124,21,3100,FULL_DYNAMIC,6.1500000000003885,6.150349900103563,0.008,True,125
3122,6.24400000000042,124,22,3100,FULL_DYNAMIC,6.1500000000003885,6.150349900103563,0.006,True,125
3123,6.2460000000004205,124,23,3100,FULL_DYNAMIC,6.1500000000003885,6.150349900103563,0.004,True,125
3124,6.248000000000421,124,24,3100,FULL_DYNAMIC,6.1500000000003885,6.150349900103563,0.002,True,125
3125,6.250000000000422,125,0,3125,FULL_DYNAMIC,6.200000000000405,6.200303299981575,0.05,False,
3126,6.2520000000004226,125,1,3125,FULL_DYNAMIC,6.200000000000405,6.200303299981575,0.048,True,126
3127,6.254000000000423,125,2,3125,FULL_DYNAMIC,6.200000000000405,6.200303299981575,0.046,True,126
3128,6.256000000000424,125,3,3125,FULL_DYNAMIC,6.200000000000405,6.200303299981575,0.044,True,126
3129,6.258000000000425,125,4,3125,FULL_DYNAMIC,6.200000000000405,6.200303299981575,0.042,True,126
3130,6.260000000000425,125,5,3125,FULL_DYNAMIC,6.200000000000405,6.200303299981575,0.04,True,126
3131,6.262000000000426,125,6,3125,FULL_DYNAMIC,6.200000000000405,6.200303299981575,0.038,True,126
3132,6.264000000000427,125,7,3125,FULL_DYNAMIC,6.200000000000405,6.200303299981575,0.036000000000000004,True,126
3133,6.266000000000427,125,8,3125,FULL_DYNAMIC,6.200000000000405,6.200303299981575,0.034,True,126
3134,6.268000000000428,125,9,3125,FULL_DYNAMIC,6.200000000000405,6.200303299981575,0.032,True,126
3135,6.270000000000429,125,10,3125,FULL_DYNAMIC,6.200000000000405,6.200303299981575,0.03,True,126
3136,6.272000000000429,125,11,3125,FULL_DYNAMIC,6.200000000000405,6.200303299981575,0.028,True,126
3137,6.27400000000043,125,12,3125,FULL_DYNAMIC,6.200000000000405,6.200303299981575,0.026000000000000002,True,126
3138,6.276000000000431,125,13,3125,FULL_DYNAMIC,6.200000000000405,6.200303299981575,0.024,True,126
3139,6.278000000000431,125,14,3125,FULL_DYNAMIC,6.200000000000405,6.200303299981575,0.022,True,126
3140,6.280000000000432,125,15,3125,FULL_DYNAMIC,6.200000000000405,6.200303299981575,0.02,True,126
3141,6.282000000000433,125,16,3125,FULL_DYNAMIC,6.200000000000405,6.200303299981575,0.018000000000000002,True,126
3142,6.284000000000433,125,17,3125,FULL_DYNAMIC,6.200000000000405,6.200303299981575,0.016,True,126
3143,6.286000000000434,125,18,3125,FULL_DYNAMIC,6.200000000000405,6.200303299981575,0.014,True,126
3144,6.288000000000435,125,19,3125,FULL_DYNAMIC,6.200000000000405,6.200303299981575,0.012,True,126
3145,6.290000000000435,125,20,3125,FULL_DYNAMIC,6.200000000000405,6.200303299981575,0.01,True,126
3146,6.292000000000436,125,21,3125,FULL_DYNAMIC,6.200000000000405,6.200303299981575,0.008,True,126
3147,6.294000000000437,125,22,3125,FULL_DYNAMIC,6.200000000000405,6.200303299981575,0.006,True,126
3148,6.296000000000437,125,23,3125,FULL_DYNAMIC,6.200000000000405,6.200303299981575,0.004,True,126
3149,6.298000000000438,125,24,3125,FULL_DYNAMIC,6.200000000000405,6.200303299981575,0.002,True,126
3150,6.300000000000439,126,0,3150,FULL_DYNAMIC,6.250000000000422,6.250343600055625,0.05,False,
3151,6.302000000000439,126,1,3150,FULL_DYNAMIC,6.250000000000422,6.250343600055625,0.048,True,127
3152,6.30400000000044,126,2,3150,FULL_DYNAMIC,6.250000000000422,6.250343600055625,0.046,True,127
3153,6.306000000000441,126,3,3150,FULL_DYNAMIC,6.250000000000422,6.250343600055625,0.044,True,127
3154,6.308000000000441,126,4,3150,FULL_DYNAMIC,6.250000000000422,6.250343600055625,0.042,True,127
3155,6.310000000000442,126,5,3150,FULL_DYNAMIC,6.250000000000422,6.250343600055625,0.04,True,127
3156,6.312000000000443,126,6,3150,FULL_DYNAMIC,6.250000000000422,6.250343600055625,0.038,True,127
3157,6.314000000000443,126,7,3150,FULL_DYNAMIC,6.250000000000422,6.250343600055625,0.036000000000000004,True,127
3158,6.316000000000444,126,8,3150,FULL_DYNAMIC,6.250000000000422,6.250343600055625,0.034,True,127
3159,6.318000000000445,126,9,3150,FULL_DYNAMIC,6.250000000000422,6.250343600055625,0.032,True,127
3160,6.320000000000445,126,10,3150,FULL_DYNAMIC,6.250000000000422,6.250343600055625,0.03,True,127
3161,6.322000000000446,126,11,3150,FULL_DYNAMIC,6.250000000000422,6.250343600055625,0.028,True,127
3162,6.324000000000447,126,12,3150,FULL_DYNAMIC,6.250000000000422,6.250343600055625,0.026000000000000002,True,127
3163,6.326000000000447,126,13,3150,FULL_DYNAMIC,6.250000000000422,6.250343600055625,0.024,True,127
3164,6.328000000000448,126,14,3150,FULL_DYNAMIC,6.250000000000422,6.250343600055625,0.022,True,127
3165,6.330000000000449,126,15,3150,FULL_DYNAMIC,6.250000000000422,6.250343600055625,0.02,True,127
3166,6.332000000000449,126,16,3150,FULL_DYNAMIC,6.250000000000422,6.250343600055625,0.018000000000000002,True,127
3167,6.33400000000045,126,17,3150,FULL_DYNAMIC,6.250000000000422,6.250343600055625,0.016,True,127
3168,6.336000000000451,126,18,3150,FULL_DYNAMIC,6.250000000000422,6.250343600055625,0.014,True,127
3169,6.338000000000451,126,19,3150,FULL_DYNAMIC,6.250000000000422,6.250343600055625,0.012,True,127
3170,6.340000000000452,126,20,3150,FULL_DYNAMIC,6.250000000000422,6.250343600055625,0.01,True,127
3171,6.342000000000453,126,21,3150,FULL_DYNAMIC,6.250000000000422,6.250343600055625,0.008,True,127
3172,6.344000000000453,126,22,3150,FULL_DYNAMIC,6.250000000000422,6.250343600055625,0.006,True,127
3173,6.346000000000454,126,23,3150,FULL_DYNAMIC,6.250000000000422,6.250343600055625,0.004,True,127
3174,6.348000000000455,126,24,3150,FULL_DYNAMIC,6.250000000000422,6.250343600055625,0.002,True,127
3175,6.350000000000455,127,0,3175,FULL_DYNAMIC,6.300000000000439,6.300300499960287,0.05,False,
3176,6.352000000000456,127,1,3175,FULL_DYNAMIC,6.300000000000439,6.300300499960287,0.048,True,128
3177,6.354000000000457,127,2,3175,FULL_DYNAMIC,6.300000000000439,6.300300499960287,0.046,True,128
3178,6.356000000000457,127,3,3175,FULL_DYNAMIC,6.300000000000439,6.300300499960287,0.044,True,128
3179,6.358000000000458,127,4,3175,FULL_DYNAMIC,6.300000000000439,6.300300499960287,0.042,True,128
3180,6.360000000000459,127,5,3175,FULL_DYNAMIC,6.300000000000439,6.300300499960287,0.04,True,128
3181,6.362000000000459,127,6,3175,FULL_DYNAMIC,6.300000000000439,6.300300499960287,0.038,True,128
3182,6.36400000000046,127,7,3175,FULL_DYNAMIC,6.300000000000439,6.300300499960287,0.036000000000000004,True,128
3183,6.366000000000461,127,8,3175,FULL_DYNAMIC,6.300000000000439,6.300300499960287,0.034,True,128
3184,6.368000000000461,127,9,3175,FULL_DYNAMIC,6.300000000000439,6.300300499960287,0.032,True,128
3185,6.370000000000462,127,10,3175,FULL_DYNAMIC,6.300000000000439,6.300300499960287,0.03,True,128
3186,6.372000000000463,127,11,3175,FULL_DYNAMIC,6.300000000000439,6.300300499960287,0.028,True,128
3187,6.374000000000463,127,12,3175,FULL_DYNAMIC,6.300000000000439,6.300300499960287,0.026000000000000002,True,128
3188,6.376000000000464,127,13,3175,FULL_DYNAMIC,6.300000000000439,6.300300499960287,0.024,True,128
3189,6.378000000000465,127,14,3175,FULL_DYNAMIC,6.300000000000439,6.300300499960287,0.022,True,128
3190,6.380000000000465,127,15,3175,FULL_DYNAMIC,6.300000000000439,6.300300499960287,0.02,True,128
3191,6.382000000000466,127,16,3175,FULL_DYNAMIC,6.300000000000439,6.300300499960287,0.018000000000000002,True,128
3192,6.384000000000467,127,17,3175,FULL_DYNAMIC,6.300000000000439,6.300300499960287,0.016,True,128
3193,6.386000000000467,127,18,3175,FULL_DYNAMIC,6.300000000000439,6.300300499960287,0.014,True,128
3194,6.388000000000468,127,19,3175,FULL_DYNAMIC,6.300000000000439,6.300300499960287,0.012,True,128
3195,6.390000000000469,127,20,3175,FULL_DYNAMIC,6.300000000000439,6.300300499960287,0.01,True,128
3196,6.392000000000469,127,21,3175,FULL_DYNAMIC,6.300000000000439,6.300300499960287,0.008,True,128
3197,6.39400000000047,127,22,3175,FULL_DYNAMIC,6.300000000000439,6.300300499960287,0.006,True,128
3198,6.396000000000471,127,23,3175,FULL_DYNAMIC,6.300000000000439,6.300300499960287,0.004,True,128
3199,6.398000000000471,127,24,3175,FULL_DYNAMIC,6.300000000000439,6.300300499960287,0.002,True,128
3200,6.400000000000472,128,0,3200,FULL_DYNAMIC,6.350000000000455,6.3503106000372105,0.05,False,
3201,6.402000000000473,128,1,3200,FULL_DYNAMIC,6.350000000000455,6.3503106000372105,0.048,True,129
3202,6.404000000000473,128,2,3200,FULL_DYNAMIC,6.350000000000455,6.3503106000372105,0.046,True,129
3203,6.406000000000474,128,3,3200,FULL_DYNAMIC,6.350000000000455,6.3503106000372105,0.044,True,129
3204,6.408000000000475,128,4,3200,FULL_DYNAMIC,6.350000000000455,6.3503106000372105,0.042,True,129
3205,6.410000000000475,128,5,3200,FULL_DYNAMIC,6.350000000000455,6.3503106000372105,0.04,True,129
3206,6.412000000000476,128,6,3200,FULL_DYNAMIC,6.350000000000455,6.3503106000372105,0.038,True,129
3207,6.414000000000477,128,7,3200,FULL_DYNAMIC,6.350000000000455,6.3503106000372105,0.036000000000000004,True,129
3208,6.416000000000477,128,8,3200,FULL_DYNAMIC,6.350000000000455,6.3503106000372105,0.034,True,129
3209,6.418000000000478,128,9,3200,FULL_DYNAMIC,6.350000000000455,6.3503106000372105,0.032,True,129
3210,6.420000000000479,128,10,3200,FULL_DYNAMIC,6.350000000000455,6.3503106000372105,0.03,True,129
3211,6.422000000000479,128,11,3200,FULL_DYNAMIC,6.350000000000455,6.3503106000372105,0.028,True,129
3212,6.42400000000048,128,12,3200,FULL_DYNAMIC,6.350000000000455,6.3503106000372105,0.026000000000000002,True,129
3213,6.426000000000481,128,13,3200,FULL_DYNAMIC,6.350000000000455,6.3503106000372105,0.024,True,129
3214,6.428000000000481,128,14,3200,FULL_DYNAMIC,6.350000000000455,6.3503106000372105,0.022,True,129
3215,6.430000000000482,128,15,3200,FULL_DYNAMIC,6.350000000000455,6.3503106000372105,0.02,True,129
3216,6.432000000000483,128,16,3200,FULL_DYNAMIC,6.350000000000455,6.3503106000372105,0.018000000000000002,True,129
3217,6.434000000000483,128,17,3200,FULL_DYNAMIC,6.350000000000455,6.3503106000372105,0.016,True,129
3218,6.436000000000484,128,18,3200,FULL_DYNAMIC,6.350000000000455,6.3503106000372105,0.014,True,129
3219,6.438000000000485,128,19,3200,FULL_DYNAMIC,6.350000000000455,6.3503106000372105,0.012,True,129
3220,6.440000000000485,128,20,3200,FULL_DYNAMIC,6.350000000000455,6.3503106000372105,0.01,True,129
3221,6.442000000000486,128,21,3200,FULL_DYNAMIC,6.350000000000455,6.3503106000372105,0.008,True,129
3222,6.444000000000487,128,22,3200,FULL_DYNAMIC,6.350000000000455,6.3503106000372105,0.006,True,129
3223,6.446000000000487,128,23,3200,FULL_DYNAMIC,6.350000000000455,6.3503106000372105,0.004,True,129
3224,6.448000000000488,128,24,3200,FULL_DYNAMIC,6.350000000000455,6.3503106000372105,0.002,True,129
3225,6.450000000000489,129,0,3225,FULL_DYNAMIC,6.400000000000472,6.400311400043319,0.05,False,
3226,6.452000000000489,129,1,3225,FULL_DYNAMIC,6.400000000000472,6.400311400043319,0.048,True,130
3227,6.45400000000049,129,2,3225,FULL_DYNAMIC,6.400000000000472,6.400311400043319,0.046,True,130
3228,6.456000000000491,129,3,3225,FULL_DYNAMIC,6.400000000000472,6.400311400043319,0.044,True,130
3229,6.458000000000491,129,4,3225,FULL_DYNAMIC,6.400000000000472,6.400311400043319,0.042,True,130
3230,6.460000000000492,129,5,3225,FULL_DYNAMIC,6.400000000000472,6.400311400043319,0.04,True,130
3231,6.462000000000493,129,6,3225,FULL_DYNAMIC,6.400000000000472,6.400311400043319,0.038,True,130
3232,6.464000000000493,129,7,3225,FULL_DYNAMIC,6.400000000000472,6.400311400043319,0.036000000000000004,True,130
3233,6.466000000000494,129,8,3225,FULL_DYNAMIC,6.400000000000472,6.400311400043319,0.034,True,130
3234,6.468000000000495,129,9,3225,FULL_DYNAMIC,6.400000000000472,6.400311400043319,0.032,True,130
3235,6.470000000000495,129,10,3225,FULL_DYNAMIC,6.400000000000472,6.400311400043319,0.03,True,130
3236,6.472000000000496,129,11,3225,FULL_DYNAMIC,6.400000000000472,6.400311400043319,0.028,True,130
3237,6.474000000000497,129,12,3225,FULL_DYNAMIC,6.400000000000472,6.400311400043319,0.026000000000000002,True,130
3238,6.476000000000497,129,13,3225,FULL_DYNAMIC,6.400000000000472,6.400311400043319,0.024,True,130
3239,6.478000000000498,129,14,3225,FULL_DYNAMIC,6.400000000000472,6.400311400043319,0.022,True,130
3240,6.480000000000499,129,15,3225,FULL_DYNAMIC,6.400000000000472,6.400311400043319,0.02,True,130
3241,6.482000000000499,129,16,3225,FULL_DYNAMIC,6.400000000000472,6.400311400043319,0.018000000000000002,True,130
3242,6.4840000000005,129,17,3225,FULL_DYNAMIC,6.400000000000472,6.400311400043319,0.016,True,130
3243,6.486000000000501,129,18,3225,FULL_DYNAMIC,6.400000000000472,6.400311400043319,0.014,True,130
3244,6.488000000000501,129,19,3225,FULL_DYNAMIC,6.400000000000472,6.400311400043319,0.012,True,130
3245,6.490000000000502,129,20,3225,FULL_DYNAMIC,6.400000000000472,6.400311400043319,0.01,True,130
3246,6.492000000000503,129,21,3225,FULL_DYNAMIC,6.400000000000472,6.400311400043319,0.008,True,130
3247,6.494000000000503,129,22,3225,FULL_DYNAMIC,6.400000000000472,6.400311400043319,0.006,True,130
3248,6.496000000000504,129,23,3225,FULL_DYNAMIC,6.400000000000472,6.400311400043319,0.004,True,130
3249,6.498000000000505,129,24,3225,FULL_DYNAMIC,6.400000000000472,6.400311400043319,0.002,True,130
3250,6.500000000000505,130,0,3250,FULL_DYNAMIC,6.450000000000489,6.450295800040965,0.05,False,
3251,6.502000000000506,130,1,3250,FULL_DYNAMIC,6.450000000000489,6.450295800040965,0.048,True,131
3252,6.504000000000507,130,2,3250,FULL_DYNAMIC,6.450000000000489,6.450295800040965,0.046,True,131
3253,6.506000000000507,130,3,3250,FULL_DYNAMIC,6.450000000000489,6.450295800040965,0.044,True,131
3254,6.508000000000508,130,4,3250,FULL_DYNAMIC,6.450000000000489,6.450295800040965,0.042,True,131
3255,6.510000000000509,130,5,3250,FULL_DYNAMIC,6.450000000000489,6.450295800040965,0.04,True,131
3256,6.512000000000509,130,6,3250,FULL_DYNAMIC,6.450000000000489,6.450295800040965,0.038,True,131
3257,6.51400000000051,130,7,3250,FULL_DYNAMIC,6.450000000000489,6.450295800040965,0.036000000000000004,True,131
3258,6.516000000000511,130,8,3250,FULL_DYNAMIC,6.450000000000489,6.450295800040965,0.034,True,131
3259,6.518000000000511,130,9,3250,FULL_DYNAMIC,6.450000000000489,6.450295800040965,0.032,True,131
3260,6.520000000000512,130,10,3250,FULL_DYNAMIC,6.450000000000489,6.450295800040965,0.03,True,131
3261,6.522000000000513,130,11,3250,FULL_DYNAMIC,6.450000000000489,6.450295800040965,0.028,True,131
3262,6.524000000000513,130,12,3250,FULL_DYNAMIC,6.450000000000489,6.450295800040965,0.026000000000000002,True,131
3263,6.526000000000514,130,13,3250,FULL_DYNAMIC,6.450000000000489,6.450295800040965,0.024,True,131
3264,6.528000000000515,130,14,3250,FULL_DYNAMIC,6.450000000000489,6.450295800040965,0.022,True,131
3265,6.530000000000515,130,15,3250,FULL_DYNAMIC,6.450000000000489,6.450295800040965,0.02,True,131
3266,6.532000000000516,130,16,3250,FULL_DYNAMIC,6.450000000000489,6.450295800040965,0.018000000000000002,True,131
3267,6.534000000000517,130,17,3250,FULL_DYNAMIC,6.450000000000489,6.450295800040965,0.016,True,131
3268,6.536000000000517,130,18,3250,FULL_DYNAMIC,6.450000000000489,6.450295800040965,0.014,True,131
3269,6.538000000000518,130,19,3250,FULL_DYNAMIC,6.450000000000489,6.450295800040965,0.012,True,131
3270,6.540000000000519,130,20,3250,FULL_DYNAMIC,6.450000000000489,6.450295800040965,0.01,True,131
3271,6.542000000000519,130,21,3250,FULL_DYNAMIC,6.450000000000489,6.450295800040965,0.008,True,131
3272,6.54400000000052,130,22,3250,FULL_DYNAMIC,6.450000000000489,6.450295800040965,0.006,True,131
3273,6.546000000000521,130,23,3250,FULL_DYNAMIC,6.450000000000489,6.450295800040965,0.004,True,131
3274,6.548000000000521,130,24,3250,FULL_DYNAMIC,6.450000000000489,6.450295800040965,0.002,True,131
3275,6.550000000000522,131,0,3275,FULL_DYNAMIC,6.500000000000505,6.500340400031342,0.05,False,
3276,6.552000000000523,131,1,3275,FULL_DYNAMIC,6.500000000000505,6.500340400031342,0.048,True,132
3277,6.554000000000523,131,2,3275,FULL_DYNAMIC,6.500000000000505,6.500340400031342,0.046,True,132
3278,6.556000000000524,131,3,3275,FULL_DYNAMIC,6.500000000000505,6.500340400031342,0.044,True,132
3279,6.558000000000525,131,4,3275,FULL_DYNAMIC,6.500000000000505,6.500340400031342,0.042,True,132
3280,6.560000000000525,131,5,3275,FULL_DYNAMIC,6.500000000000505,6.500340400031342,0.04,True,132
3281,6.562000000000526,131,6,3275,FULL_DYNAMIC,6.500000000000505,6.500340400031342,0.038,True,132
3282,6.564000000000527,131,7,3275,FULL_DYNAMIC,6.500000000000505,6.500340400031342,0.036000000000000004,True,132
3283,6.566000000000527,131,8,3275,FULL_DYNAMIC,6.500000000000505,6.500340400031342,0.034,True,132
3284,6.568000000000528,131,9,3275,FULL_DYNAMIC,6.500000000000505,6.500340400031342,0.032,True,132
3285,6.570000000000529,131,10,3275,FULL_DYNAMIC,6.500000000000505,6.500340400031342,0.03,True,132
3286,6.572000000000529,131,11,3275,FULL_DYNAMIC,6.500000000000505,6.500340400031342,0.028,True,132
3287,6.57400000000053,131,12,3275,FULL_DYNAMIC,6.500000000000505,6.500340400031342,0.026000000000000002,True,132
3288,6.576000000000531,131,13,3275,FULL_DYNAMIC,6.500000000000505,6.500340400031342,0.024,True,132
3289,6.578000000000531,131,14,3275,FULL_DYNAMIC,6.500000000000505,6.500340400031342,0.022,True,132
3290,6.580000000000532,131,15,3275,FULL_DYNAMIC,6.500000000000505,6.500340400031342,0.02,True,132
3291,6.582000000000533,131,16,3275,FULL_DYNAMIC,6.500000000000505,6.500340400031342,0.018000000000000002,True,132
3292,6.584000000000533,131,17,3275,FULL_DYNAMIC,6.500000000000505,6.500340400031342,0.016,True,132
3293,6.586000000000534,131,18,3275,FULL_DYNAMIC,6.500000000000505,6.500340400031342,0.014,True,132
3294,6.588000000000535,131,19,3275,FULL_DYNAMIC,6.500000000000505,6.500340400031342,0.012,True,132
3295,6.590000000000535,131,20,3275,FULL_DYNAMIC,6.500000000000505,6.500340400031342,0.01,True,132
3296,6.592000000000536,131,21,3275,FULL_DYNAMIC,6.500000000000505,6.500340400031342,0.008,True,132
3297,6.594000000000537,131,22,3275,FULL_DYNAMIC,6.500000000000505,6.500340400031342,0.006,True,132
3298,6.596000000000537,131,23,3275,FULL_DYNAMIC,6.500000000000505,6.500340400031342,0.004,True,132
3299,6.598000000000538,131,24,3275,FULL_DYNAMIC,6.500000000000505,6.500340400031342,0.002,True,132
3300,6.600000000000539,132,0,3300,FULL_DYNAMIC,6.550000000000522,6.550303399982453,0.05,False,
3301,6.602000000000539,132,1,3300,FULL_DYNAMIC,6.550000000000522,6.550303399982453,0.048,True,133
3302,6.60400000000054,132,2,3300,FULL_DYNAMIC,6.550000000000522,6.550303399982453,0.046,True,133
3303,6.606000000000541,132,3,3300,FULL_DYNAMIC,6.550000000000522,6.550303399982453,0.044,True,133
3304,6.608000000000541,132,4,3300,FULL_DYNAMIC,6.550000000000522,6.550303399982453,0.042,True,133
3305,6.610000000000542,132,5,3300,FULL_DYNAMIC,6.550000000000522,6.550303399982453,0.04,True,133
3306,6.612000000000543,132,6,3300,FULL_DYNAMIC,6.550000000000522,6.550303399982453,0.038,True,133
3307,6.6140000000005434,132,7,3300,FULL_DYNAMIC,6.550000000000522,6.550303399982453,0.036000000000000004,True,133
3308,6.616000000000544,132,8,3300,FULL_DYNAMIC,6.550000000000522,6.550303399982453,0.034,True,133
3309,6.618000000000545,132,9,3300,FULL_DYNAMIC,6.550000000000522,6.550303399982453,0.032,True,133
3310,6.6200000000005454,132,10,3300,FULL_DYNAMIC,6.550000000000522,6.550303399982453,0.03,True,133
3311,6.622000000000546,132,11,3300,FULL_DYNAMIC,6.550000000000522,6.550303399982453,0.028,True,133
3312,6.624000000000547,132,12,3300,FULL_DYNAMIC,6.550000000000522,6.550303399982453,0.026000000000000002,True,133
3313,6.6260000000005475,132,13,3300,FULL_DYNAMIC,6.550000000000522,6.550303399982453,0.024,True,133
3314,6.628000000000548,132,14,3300,FULL_DYNAMIC,6.550000000000522,6.550303399982453,0.022,True,133
3315,6.630000000000549,132,15,3300,FULL_DYNAMIC,6.550000000000522,6.550303399982453,0.02,True,133
3316,6.6320000000005495,132,16,3300,FULL_DYNAMIC,6.550000000000522,6.550303399982453,0.018000000000000002,True,133
3317,6.63400000000055,132,17,3300,FULL_DYNAMIC,6.550000000000522,6.550303399982453,0.016,True,133
3318,6.636000000000551,132,18,3300,FULL_DYNAMIC,6.550000000000522,6.550303399982453,0.014,True,133
3319,6.6380000000005515,132,19,3300,FULL_DYNAMIC,6.550000000000522,6.550303399982453,0.012,True,133
3320,6.640000000000552,132,20,3300,FULL_DYNAMIC,6.550000000000522,6.550303399982453,0.01,True,133
3321,6.642000000000553,132,21,3300,FULL_DYNAMIC,6.550000000000522,6.550303399982453,0.008,True,133
3322,6.6440000000005535,132,22,3300,FULL_DYNAMIC,6.550000000000522,6.550303399982453,0.006,True,133
3323,6.646000000000554,132,23,3300,FULL_DYNAMIC,6.550000000000522,6.550303399982453,0.004,True,133
3324,6.648000000000555,132,24,3300,FULL_DYNAMIC,6.550000000000522,6.550303399982453,0.002,True,133
3325,6.6500000000005555,133,0,3325,FULL_DYNAMIC,6.600000000000539,6.600299400068427,0.05,False,
3326,6.652000000000556,133,1,3325,FULL_DYNAMIC,6.600000000000539,6.600299400068427,0.048,True,134
3327,6.654000000000557,133,2,3325,FULL_DYNAMIC,6.600000000000539,6.600299400068427,0.046,True,134
3328,6.6560000000005575,133,3,3325,FULL_DYNAMIC,6.600000000000539,6.600299400068427,0.044,True,134
3329,6.658000000000558,133,4,3325,FULL_DYNAMIC,6.600000000000539,6.600299400068427,0.042,True,134
3330,6.660000000000559,133,5,3325,FULL_DYNAMIC,6.600000000000539,6.600299400068427,0.04,True,134
3331,6.6620000000005595,133,6,3325,FULL_DYNAMIC,6.600000000000539,6.600299400068427,0.038,True,134
3332,6.66400000000056,133,7,3325,FULL_DYNAMIC,6.600000000000539,6.600299400068427,0.036000000000000004,True,134
3333,6.666000000000561,133,8,3325,FULL_DYNAMIC,6.600000000000539,6.600299400068427,0.034,True,134
3334,6.6680000000005615,133,9,3325,FULL_DYNAMIC,6.600000000000539,6.600299400068427,0.032,True,134
3335,6.670000000000562,133,10,3325,FULL_DYNAMIC,6.600000000000539,6.600299400068427,0.03,True,134
3336,6.672000000000563,133,11,3325,FULL_DYNAMIC,6.600000000000539,6.600299400068427,0.028,True,134
3337,6.6740000000005635,133,12,3325,FULL_DYNAMIC,6.600000000000539,6.600299400068427,0.026000000000000002,True,134
3338,6.676000000000564,133,13,3325,FULL_DYNAMIC,6.600000000000539,6.600299400068427,0.024,True,134
3339,6.678000000000565,133,14,3325,FULL_DYNAMIC,6.600000000000539,6.600299400068427,0.022,True,134
3340,6.6800000000005655,133,15,3325,FULL_DYNAMIC,6.600000000000539,6.600299400068427,0.02,True,134
3341,6.682000000000566,133,16,3325,FULL_DYNAMIC,6.600000000000539,6.600299400068427,0.018000000000000002,True,134
3342,6.684000000000567,133,17,3325,FULL_DYNAMIC,6.600000000000539,6.600299400068427,0.016,True,134
3343,6.6860000000005675,133,18,3325,FULL_DYNAMIC,6.600000000000539,6.600299400068427,0.014,True,134
3344,6.688000000000568,133,19,3325,FULL_DYNAMIC,6.600000000000539,6.600299400068427,0.012,True,134
3345,6.690000000000569,133,20,3325,FULL_DYNAMIC,6.600000000000539,6.600299400068427,0.01,True,134
3346,6.6920000000005695,133,21,3325,FULL_DYNAMIC,6.600000000000539,6.600299400068427,0.008,True,134
3347,6.69400000000057,133,22,3325,FULL_DYNAMIC,6.600000000000539,6.600299400068427,0.006,True,134
3348,6.696000000000571,133,23,3325,FULL_DYNAMIC,6.600000000000539,6.600299400068427,0.004,True,134
3349,6.6980000000005715,133,24,3325,FULL_DYNAMIC,6.600000000000539,6.600299400068427,0.002,True,134
3350,6.700000000000572,134,0,3350,FULL_DYNAMIC,6.6500000000005555,6.650296500046362,0.05,False,
3351,6.702000000000573,134,1,3350,FULL_DYNAMIC,6.6500000000005555,6.650296500046362,0.048,True,135
3352,6.7040000000005735,134,2,3350,FULL_DYNAMIC,6.6500000000005555,6.650296500046362,0.046,True,135
3353,6.706000000000574,134,3,3350,FULL_DYNAMIC,6.6500000000005555,6.650296500046362,0.044,True,135
3354,6.708000000000575,134,4,3350,FULL_DYNAMIC,6.6500000000005555,6.650296500046362,0.042,True,135
3355,6.7100000000005755,134,5,3350,FULL_DYNAMIC,6.6500000000005555,6.650296500046362,0.04,True,135
3356,6.712000000000576,134,6,3350,FULL_DYNAMIC,6.6500000000005555,6.650296500046362,0.038,True,135
3357,6.714000000000577,134,7,3350,FULL_DYNAMIC,6.6500000000005555,6.650296500046362,0.036000000000000004,True,135
3358,6.7160000000005775,134,8,3350,FULL_DYNAMIC,6.6500000000005555,6.650296500046362,0.034,True,135
3359,6.718000000000578,134,9,3350,FULL_DYNAMIC,6.6500000000005555,6.650296500046362,0.032,True,135
3360,6.720000000000579,134,10,3350,FULL_DYNAMIC,6.6500000000005555,6.650296500046362,0.03,True,135
3361,6.7220000000005795,134,11,3350,FULL_DYNAMIC,6.6500000000005555,6.650296500046362,0.028,True,135
3362,6.72400000000058,134,12,3350,FULL_DYNAMIC,6.6500000000005555,6.650296500046362,0.026000000000000002,True,135
3363,6.726000000000581,134,13,3350,FULL_DYNAMIC,6.6500000000005555,6.650296500046362,0.024,True,135
3364,6.7280000000005815,134,14,3350,FULL_DYNAMIC,6.6500000000005555,6.650296500046362,0.022,True,135
3365,6.730000000000582,134,15,3350,FULL_DYNAMIC,6.6500000000005555,6.650296500046362,0.02,True,135
3366,6.732000000000583,134,16,3350,FULL_DYNAMIC,6.6500000000005555,6.650296500046362,0.018000000000000002,True,135
3367,6.7340000000005835,134,17,3350,FULL_DYNAMIC,6.6500000000005555,6.650296500046362,0.016,True,135
3368,6.736000000000584,134,18,3350,FULL_DYNAMIC,6.6500000000005555,6.650296500046362,0.014,True,135
3369,6.738000000000585,134,19,3350,FULL_DYNAMIC,6.6500000000005555,6.650296500046362,0.012,True,135
3370,6.7400000000005855,134,20,3350,FULL_DYNAMIC,6.6500000000005555,6.650296500046362,0.01,True,135
3371,6.742000000000586,134,21,3350,FULL_DYNAMIC,6.6500000000005555,6.650296500046362,0.008,True,135
3372,6.744000000000587,134,22,3350,FULL_DYNAMIC,6.6500000000005555,6.650296500046362,0.006,True,135
3373,6.7460000000005875,134,23,3350,FULL_DYNAMIC,6.6500000000005555,6.650296500046362,0.004,True,135
3374,6.748000000000588,134,24,3350,FULL_DYNAMIC,6.6500000000005555,6.650296500046362,0.002,True,135
3375,6.750000000000589,135,0,3375,FULL_DYNAMIC,6.700000000000572,6.700312999939187,0.05,False,
3376,6.7520000000005895,135,1,3375,FULL_DYNAMIC,6.700000000000572,6.700312999939187,0.048,True,136
3377,6.75400000000059,135,2,3375,FULL_DYNAMIC,6.700000000000572,6.700312999939187,0.046,True,136
3378,6.756000000000591,135,3,3375,FULL_DYNAMIC,6.700000000000572,6.700312999939187,0.044,True,136
3379,6.7580000000005915,135,4,3375,FULL_DYNAMIC,6.700000000000572,6.700312999939187,0.042,True,136
3380,6.760000000000592,135,5,3375,FULL_DYNAMIC,6.700000000000572,6.700312999939187,0.04,True,136
3381,6.762000000000593,135,6,3375,FULL_DYNAMIC,6.700000000000572,6.700312999939187,0.038,True,136
3382,6.7640000000005935,135,7,3375,FULL_DYNAMIC,6.700000000000572,6.700312999939187,0.036000000000000004,True,136
3383,6.766000000000594,135,8,3375,FULL_DYNAMIC,6.700000000000572,6.700312999939187,0.034,True,136
3384,6.768000000000595,135,9,3375,FULL_DYNAMIC,6.700000000000572,6.700312999939187,0.032,True,136
3385,6.7700000000005955,135,10,3375,FULL_DYNAMIC,6.700000000000572,6.700312999939187,0.03,True,136
3386,6.772000000000596,135,11,3375,FULL_DYNAMIC,6.700000000000572,6.700312999939187,0.028,True,136
3387,6.774000000000597,135,12,3375,FULL_DYNAMIC,6.700000000000572,6.700312999939187,0.026000000000000002,True,136
3388,6.7760000000005975,135,13,3375,FULL_DYNAMIC,6.700000000000572,6.700312999939187,0.024,True,136
3389,6.778000000000598,135,14,3375,FULL_DYNAMIC,6.700000000000572,6.700312999939187,0.022,True,136
3390,6.780000000000599,135,15,3375,FULL_DYNAMIC,6.700000000000572,6.700312999939187,0.02,True,136
3391,6.7820000000005995,135,16,3375,FULL_DYNAMIC,6.700000000000572,6.700312999939187,0.018000000000000002,True,136
3392,6.7840000000006,135,17,3375,FULL_DYNAMIC,6.700000000000572,6.700312999939187,0.016,True,136
3393,6.786000000000601,135,18,3375,FULL_DYNAMIC,6.700000000000572,6.700312999939187,0.014,True,136
3394,6.7880000000006016,135,19,3375,FULL_DYNAMIC,6.700000000000572,6.700312999939187,0.012,True,136
3395,6.790000000000602,135,20,3375,FULL_DYNAMIC,6.700000000000572,6.700312999939187,0.01,True,136
3396,6.792000000000603,135,21,3375,FULL_DYNAMIC,6.700000000000572,6.700312999939187,0.008,True,136
3397,6.794000000000604,135,22,3375,FULL_DYNAMIC,6.700000000000572,6.700312999939187,0.006,True,136
3398,6.796000000000604,135,23,3375,FULL_DYNAMIC,6.700000000000572,6.700312999939187,0.004,True,136
3399,6.798000000000605,135,24,3375,FULL_DYNAMIC,6.700000000000572,6.700312999939187,0.002,True,136
3400,6.800000000000606,136,0,3400,FULL_DYNAMIC,6.750000000000589,6.750301900087513,0.05,False,
3401,6.802000000000606,136,1,3400,FULL_DYNAMIC,6.750000000000589,6.750301900087513,0.048,True,137
3402,6.804000000000607,136,2,3400,FULL_DYNAMIC,6.750000000000589,6.750301900087513,0.046,True,137
3403,6.806000000000608,136,3,3400,FULL_DYNAMIC,6.750000000000589,6.750301900087513,0.044,True,137
3404,6.808000000000608,136,4,3400,FULL_DYNAMIC,6.750000000000589,6.750301900087513,0.042,True,137
3405,6.810000000000609,136,5,3400,FULL_DYNAMIC,6.750000000000589,6.750301900087513,0.04,True,137
3406,6.81200000000061,136,6,3400,FULL_DYNAMIC,6.750000000000589,6.750301900087513,0.038,True,137
3407,6.81400000000061,136,7,3400,FULL_DYNAMIC,6.750000000000589,6.750301900087513,0.036000000000000004,True,137
3408,6.816000000000611,136,8,3400,FULL_DYNAMIC,6.750000000000589,6.750301900087513,0.034,True,137
3409,6.818000000000612,136,9,3400,FULL_DYNAMIC,6.750000000000589,6.750301900087513,0.032,True,137
3410,6.820000000000612,136,10,3400,FULL_DYNAMIC,6.750000000000589,6.750301900087513,0.03,True,137
3411,6.822000000000613,136,11,3400,FULL_DYNAMIC,6.750000000000589,6.750301900087513,0.028,True,137
3412,6.824000000000614,136,12,3400,FULL_DYNAMIC,6.750000000000589,6.750301900087513,0.026000000000000002,True,137
3413,6.826000000000614,136,13,3400,FULL_DYNAMIC,6.750000000000589,6.750301900087513,0.024,True,137
3414,6.828000000000615,136,14,3400,FULL_DYNAMIC,6.750000000000589,6.750301900087513,0.022,True,137
3415,6.830000000000616,136,15,3400,FULL_DYNAMIC,6.750000000000589,6.750301900087513,0.02,True,137
3416,6.832000000000616,136,16,3400,FULL_DYNAMIC,6.750000000000589,6.750301900087513,0.018000000000000002,True,137
3417,6.834000000000617,136,17,3400,FULL_DYNAMIC,6.750000000000589,6.750301900087513,0.016,True,137
3418,6.836000000000618,136,18,3400,FULL_DYNAMIC,6.750000000000589,6.750301900087513,0.014,True,137
3419,6.838000000000618,136,19,3400,FULL_DYNAMIC,6.750000000000589,6.750301900087513,0.012,True,137
3420,6.840000000000619,136,20,3400,FULL_DYNAMIC,6.750000000000589,6.750301900087513,0.01,True,137
3421,6.84200000000062,136,21,3400,FULL_DYNAMIC,6.750000000000589,6.750301900087513,0.008,True,137
3422,6.84400000000062,136,22,3400,FULL_DYNAMIC,6.750000000000589,6.750301900087513,0.006,True,137
3423,6.846000000000621,136,23,3400,FULL_DYNAMIC,6.750000000000589,6.750301900087513,0.004,True,137
3424,6.848000000000622,136,24,3400,FULL_DYNAMIC,6.750000000000589,6.750301900087513,0.002,True,137
3425,6.850000000000622,137,0,3425,FULL_DYNAMIC,6.800000000000606,6.800365299988212,0.05,False,
3426,6.852000000000623,137,1,3425,FULL_DYNAMIC,6.800000000000606,6.800365299988212,0.048,True,138
3427,6.854000000000624,137,2,3425,FULL_DYNAMIC,6.800000000000606,6.800365299988212,0.046,True,138
3428,6.856000000000624,137,3,3425,FULL_DYNAMIC,6.800000000000606,6.800365299988212,0.044,True,138
3429,6.858000000000625,137,4,3425,FULL_DYNAMIC,6.800000000000606,6.800365299988212,0.042,True,138
3430,6.860000000000626,137,5,3425,FULL_DYNAMIC,6.800000000000606,6.800365299988212,0.04,True,138
3431,6.862000000000626,137,6,3425,FULL_DYNAMIC,6.800000000000606,6.800365299988212,0.038,True,138
3432,6.864000000000627,137,7,3425,FULL_DYNAMIC,6.800000000000606,6.800365299988212,0.036000000000000004,True,138
3433,6.866000000000628,137,8,3425,FULL_DYNAMIC,6.800000000000606,6.800365299988212,0.034,True,138
3434,6.868000000000628,137,9,3425,FULL_DYNAMIC,6.800000000000606,6.800365299988212,0.032,True,138
3435,6.870000000000629,137,10,3425,FULL_DYNAMIC,6.800000000000606,6.800365299988212,0.03,True,138
3436,6.87200000000063,137,11,3425,FULL_DYNAMIC,6.800000000000606,6.800365299988212,0.028,True,138
3437,6.87400000000063,137,12,3425,FULL_DYNAMIC,6.800000000000606,6.800365299988212,0.026000000000000002,True,138
3438,6.876000000000631,137,13,3425,FULL_DYNAMIC,6.800000000000606,6.800365299988212,0.024,True,138
3439,6.878000000000632,137,14,3425,FULL_DYNAMIC,6.800000000000606,6.800365299988212,0.022,True,138
3440,6.880000000000632,137,15,3425,FULL_DYNAMIC,6.800000000000606,6.800365299988212,0.02,True,138
3441,6.882000000000633,137,16,3425,FULL_DYNAMIC,6.800000000000606,6.800365299988212,0.018000000000000002,True,138
3442,6.884000000000634,137,17,3425,FULL_DYNAMIC,6.800000000000606,6.800365299988212,0.016,True,138
3443,6.886000000000634,137,18,3425,FULL_DYNAMIC,6.800000000000606,6.800365299988212,0.014,True,138
3444,6.888000000000635,137,19,3425,FULL_DYNAMIC,6.800000000000606,6.800365299988212,0.012,True,138
3445,6.890000000000636,137,20,3425,FULL_DYNAMIC,6.800000000000606,6.800365299988212,0.01,True,138
3446,6.892000000000636,137,21,3425,FULL_DYNAMIC,6.800000000000606,6.800365299988212,0.008,True,138
3447,6.894000000000637,137,22,3425,FULL_DYNAMIC,6.800000000000606,6.800365299988212,0.006,True,138
3448,6.896000000000638,137,23,3425,FULL_DYNAMIC,6.800000000000606,6.800365299988212,0.004,True,138
3449,6.898000000000638,137,24,3425,FULL_DYNAMIC,6.800000000000606,6.800365299988212,0.002,True,138
3450,6.900000000000639,138,0,3450,FULL_DYNAMIC,6.850000000000622,6.850304399990168,0.05,False,
3451,6.90200000000064,138,1,3450,FULL_DYNAMIC,6.850000000000622,6.850304399990168,0.048,True,139
3452,6.90400000000064,138,2,3450,FULL_DYNAMIC,6.850000000000622,6.850304399990168,0.046,True,139
3453,6.906000000000641,138,3,3450,FULL_DYNAMIC,6.850000000000622,6.850304399990168,0.044,True,139
3454,6.908000000000642,138,4,3450,FULL_DYNAMIC,6.850000000000622,6.850304399990168,0.042,True,139
3455,6.910000000000642,138,5,3450,FULL_DYNAMIC,6.850000000000622,6.850304399990168,0.04,True,139
3456,6.912000000000643,138,6,3450,FULL_DYNAMIC,6.850000000000622,6.850304399990168,0.038,True,139
3457,6.914000000000644,138,7,3450,FULL_DYNAMIC,6.850000000000622,6.850304399990168,0.036000000000000004,True,139
3458,6.916000000000644,138,8,3450,FULL_DYNAMIC,6.850000000000622,6.850304399990168,0.034,True,139
3459,6.918000000000645,138,9,3450,FULL_DYNAMIC,6.850000000000622,6.850304399990168,0.032,True,139
3460,6.920000000000646,138,10,3450,FULL_DYNAMIC,6.850000000000622,6.850304399990168,0.03,True,139
3461,6.922000000000646,138,11,3450,FULL_DYNAMIC,6.850000000000622,6.850304399990168,0.028,True,139
3462,6.924000000000647,138,12,3450,FULL_DYNAMIC,6.850000000000622,6.850304399990168,0.026000000000000002,True,139
3463,6.926000000000648,138,13,3450,FULL_DYNAMIC,6.850000000000622,6.850304399990168,0.024,True,139
3464,6.928000000000648,138,14,3450,FULL_DYNAMIC,6.850000000000622,6.850304399990168,0.022,True,139
3465,6.930000000000649,138,15,3450,FULL_DYNAMIC,6.850000000000622,6.850304399990168,0.02,True,139
3466,6.93200000000065,138,16,3450,FULL_DYNAMIC,6.850000000000622,6.850304399990168,0.018000000000000002,True,139
3467,6.93400000000065,138,17,3450,FULL_DYNAMIC,6.850000000000622,6.850304399990168,0.016,True,139
3468,6.936000000000651,138,18,3450,FULL_DYNAMIC,6.850000000000622,6.850304399990168,0.014,True,139
3469,6.938000000000652,138,19,3450,FULL_DYNAMIC,6.850000000000622,6.850304399990168,0.012,True,139
3470,6.940000000000652,138,20,3450,FULL_DYNAMIC,6.850000000000622,6.850304399990168,0.01,True,139
3471,6.942000000000653,138,21,3450,FULL_DYNAMIC,6.850000000000622,6.850304399990168,0.008,True,139
3472,6.944000000000654,138,22,3450,FULL_DYNAMIC,6.850000000000622,6.850304399990168,0.006,True,139
3473,6.946000000000654,138,23,3450,FULL_DYNAMIC,6.850000000000622,6.850304399990168,0.004,True,139
3474,6.948000000000655,138,24,3450,FULL_DYNAMIC,6.850000000000622,6.850304399990168,0.002,True,139
3475,6.950000000000656,139,0,3475,FULL_DYNAMIC,6.900000000000639,6.900307999901181,0.05,False,
3476,6.952000000000656,139,1,3475,FULL_DYNAMIC,6.900000000000639,6.900307999901181,0.048,True,140
3477,6.954000000000657,139,2,3475,FULL_DYNAMIC,6.900000000000639,6.900307999901181,0.046,True,140
3478,6.956000000000658,139,3,3475,FULL_DYNAMIC,6.900000000000639,6.900307999901181,0.044,True,140
3479,6.958000000000658,139,4,3475,FULL_DYNAMIC,6.900000000000639,6.900307999901181,0.042,True,140
3480,6.960000000000659,139,5,3475,FULL_DYNAMIC,6.900000000000639,6.900307999901181,0.04,True,140
3481,6.96200000000066,139,6,3475,FULL_DYNAMIC,6.900000000000639,6.900307999901181,0.038,True,140
3482,6.96400000000066,139,7,3475,FULL_DYNAMIC,6.900000000000639,6.900307999901181,0.036000000000000004,True,140
3483,6.966000000000661,139,8,3475,FULL_DYNAMIC,6.900000000000639,6.900307999901181,0.034,True,140
3484,6.968000000000662,139,9,3475,FULL_DYNAMIC,6.900000000000639,6.900307999901181,0.032,True,140
3485,6.970000000000662,139,10,3475,FULL_DYNAMIC,6.900000000000639,6.900307999901181,0.03,True,140
3486,6.972000000000663,139,11,3475,FULL_DYNAMIC,6.900000000000639,6.900307999901181,0.028,True,140
3487,6.974000000000664,139,12,3475,FULL_DYNAMIC,6.900000000000639,6.900307999901181,0.026000000000000002,True,140
3488,6.976000000000664,139,13,3475,FULL_DYNAMIC,6.900000000000639,6.900307999901181,0.024,True,140
3489,6.978000000000665,139,14,3475,FULL_DYNAMIC,6.900000000000639,6.900307999901181,0.022,True,140
3490,6.980000000000666,139,15,3475,FULL_DYNAMIC,6.900000000000639,6.900307999901181,0.02,True,140
3491,6.982000000000666,139,16,3475,FULL_DYNAMIC,6.900000000000639,6.900307999901181,0.018000000000000002,True,140
3492,6.984000000000667,139,17,3475,FULL_DYNAMIC,6.900000000000639,6.900307999901181,0.016,True,140
3493,6.986000000000668,139,18,3475,FULL_DYNAMIC,6.900000000000639,6.900307999901181,0.014,True,140
3494,6.988000000000668,139,19,3475,FULL_DYNAMIC,6.900000000000639,6.900307999901181,0.012,True,140
3495,6.990000000000669,139,20,3475,FULL_DYNAMIC,6.900000000000639,6.900307999901181,0.01,True,140
3496,6.99200000000067,139,21,3475,FULL_DYNAMIC,6.900000000000639,6.900307999901181,0.008,True,140
3497,6.99400000000067,139,22,3475,FULL_DYNAMIC,6.900000000000639,6.900307999901181,0.006,True,140
3498,6.996000000000671,139,23,3475,FULL_DYNAMIC,6.900000000000639,6.900307999901181,0.004,True,140
3499,6.998000000000672,139,24,3475,FULL_DYNAMIC,6.900000000000639,6.900307999901181,0.002,True,140
3500,7.000000000000672,140,0,3500,FULL_DYNAMIC,6.950000000000656,6.950332899974383,0.05,False,
3501,7.002000000000673,140,1,3500,FULL_DYNAMIC,6.950000000000656,6.950332899974383,0.048,True,141
3502,7.004000000000674,140,2,3500,FULL_DYNAMIC,6.950000000000656,6.950332899974383,0.046,True,141
3503,7.006000000000674,140,3,3500,FULL_DYNAMIC,6.950000000000656,6.950332899974383,0.044,True,141
3504,7.008000000000675,140,4,3500,FULL_DYNAMIC,6.950000000000656,6.950332899974383,0.042,True,141
3505,7.010000000000676,140,5,3500,FULL_DYNAMIC,6.950000000000656,6.950332899974383,0.04,True,141
3506,7.012000000000676,140,6,3500,FULL_DYNAMIC,6.950000000000656,6.950332899974383,0.038,True,141
3507,7.014000000000677,140,7,3500,FULL_DYNAMIC,6.950000000000656,6.950332899974383,0.036000000000000004,True,141
3508,7.016000000000678,140,8,3500,FULL_DYNAMIC,6.950000000000656,6.950332899974383,0.034,True,141
3509,7.018000000000678,140,9,3500,FULL_DYNAMIC,6.950000000000656,6.950332899974383,0.032,True,141
3510,7.020000000000679,140,10,3500,FULL_DYNAMIC,6.950000000000656,6.950332899974383,0.03,True,141
3511,7.02200000000068,140,11,3500,FULL_DYNAMIC,6.950000000000656,6.950332899974383,0.028,True,141
3512,7.02400000000068,140,12,3500,FULL_DYNAMIC,6.950000000000656,6.950332899974383,0.026000000000000002,True,141
3513,7.026000000000681,140,13,3500,FULL_DYNAMIC,6.950000000000656,6.950332899974383,0.024,True,141
3514,7.028000000000682,140,14,3500,FULL_DYNAMIC,6.950000000000656,6.950332899974383,0.022,True,141
3515,7.030000000000682,140,15,3500,FULL_DYNAMIC,6.950000000000656,6.950332899974383,0.02,True,141
3516,7.032000000000683,140,16,3500,FULL_DYNAMIC,6.950000000000656,6.950332899974383,0.018000000000000002,True,141
3517,7.034000000000684,140,17,3500,FULL_DYNAMIC,6.950000000000656,6.950332899974383,0.016,True,141
3518,7.036000000000684,140,18,3500,FULL_DYNAMIC,6.950000000000656,6.950332899974383,0.014,True,141
3519,7.038000000000685,140,19,3500,FULL_DYNAMIC,6.950000000000656,6.950332899974383,0.012,True,141
3520,7.040000000000686,140,20,3500,FULL_DYNAMIC,6.950000000000656,6.950332899974383,0.01,True,141
3521,7.042000000000686,140,21,3500,FULL_DYNAMIC,6.950000000000656,6.950332899974383,0.008,True,141
3522,7.044000000000687,140,22,3500,FULL_DYNAMIC,6.950000000000656,6.950332899974383,0.006,True,141
3523,7.046000000000688,140,23,3500,FULL_DYNAMIC,6.950000000000656,6.950332899974383,0.004,True,141
3524,7.048000000000688,140,24,3500,FULL_DYNAMIC,6.950000000000656,6.950332899974383,0.002,True,141
3525,7.050000000000689,141,0,3525,FULL_DYNAMIC,7.000000000000672,7.000371200033205,0.05,False,
3526,7.05200000000069,141,1,3525,FULL_DYNAMIC,7.000000000000672,7.000371200033205,0.048,True,142
3527,7.05400000000069,141,2,3525,FULL_DYNAMIC,7.000000000000672,7.000371200033205,0.046,True,142
3528,7.056000000000691,141,3,3525,FULL_DYNAMIC,7.000000000000672,7.000371200033205,0.044,True,142
3529,7.058000000000692,141,4,3525,FULL_DYNAMIC,7.000000000000672,7.000371200033205,0.042,True,142
3530,7.060000000000692,141,5,3525,FULL_DYNAMIC,7.000000000000672,7.000371200033205,0.04,True,142
3531,7.062000000000693,141,6,3525,FULL_DYNAMIC,7.000000000000672,7.000371200033205,0.038,True,142
3532,7.064000000000694,141,7,3525,FULL_DYNAMIC,7.000000000000672,7.000371200033205,0.036000000000000004,True,142
3533,7.066000000000694,141,8,3525,FULL_DYNAMIC,7.000000000000672,7.000371200033205,0.034,True,142
3534,7.068000000000695,141,9,3525,FULL_DYNAMIC,7.000000000000672,7.000371200033205,0.032,True,142
3535,7.070000000000696,141,10,3525,FULL_DYNAMIC,7.000000000000672,7.000371200033205,0.03,True,142
3536,7.072000000000696,141,11,3525,FULL_DYNAMIC,7.000000000000672,7.000371200033205,0.028,True,142
3537,7.074000000000697,141,12,3525,FULL_DYNAMIC,7.000000000000672,7.000371200033205,0.026000000000000002,True,142
3538,7.076000000000698,141,13,3525,FULL_DYNAMIC,7.000000000000672,7.000371200033205,0.024,True,142
3539,7.078000000000698,141,14,3525,FULL_DYNAMIC,7.000000000000672,7.000371200033205,0.022,True,142
3540,7.080000000000699,141,15,3525,FULL_DYNAMIC,7.000000000000672,7.000371200033205,0.02,True,142
3541,7.0820000000007,141,16,3525,FULL_DYNAMIC,7.000000000000672,7.000371200033205,0.018000000000000002,True,142
3542,7.0840000000007,141,17,3525,FULL_DYNAMIC,7.000000000000672,7.000371200033205,0.016,True,142
3543,7.086000000000701,141,18,3525,FULL_DYNAMIC,7.000000000000672,7.000371200033205,0.014,True,142
3544,7.088000000000702,141,19,3525,FULL_DYNAMIC,7.000000000000672,7.000371200033205,0.012,True,142
3545,7.090000000000702,141,20,3525,FULL_DYNAMIC,7.000000000000672,7.000371200033205,0.01,True,142
3546,7.092000000000703,141,21,3525,FULL_DYNAMIC,7.000000000000672,7.000371200033205,0.008,True,142
3547,7.094000000000704,141,22,3525,FULL_DYNAMIC,7.000000000000672,7.000371200033205,0.006,True,142
3548,7.096000000000704,141,23,3525,FULL_DYNAMIC,7.000000000000672,7.000371200033205,0.004,True,142
3549,7.098000000000705,141,24,3525,FULL_DYNAMIC,7.000000000000672,7.000371200033205,0.002,True,142
3550,7.100000000000706,142,0,3550,FULL_DYNAMIC,7.050000000000689,7.050356100034658,0.05,False,
3551,7.102000000000706,142,1,3550,FULL_DYNAMIC,7.050000000000689,7.050356100034658,0.048,True,143
3552,7.104000000000707,142,2,3550,FULL_DYNAMIC,7.050000000000689,7.050356100034658,0.046,True,143
3553,7.106000000000708,142,3,3550,FULL_DYNAMIC,7.050000000000689,7.050356100034658,0.044,True,143
3554,7.108000000000708,142,4,3550,FULL_DYNAMIC,7.050000000000689,7.050356100034658,0.042,True,143
3555,7.110000000000709,142,5,3550,FULL_DYNAMIC,7.050000000000689,7.050356100034658,0.04,True,143
3556,7.11200000000071,142,6,3550,FULL_DYNAMIC,7.050000000000689,7.050356100034658,0.038,True,143
3557,7.11400000000071,142,7,3550,FULL_DYNAMIC,7.050000000000689,7.050356100034658,0.036000000000000004,True,143
3558,7.116000000000711,142,8,3550,FULL_DYNAMIC,7.050000000000689,7.050356100034658,0.034,True,143
3559,7.118000000000712,142,9,3550,FULL_DYNAMIC,7.050000000000689,7.050356100034658,0.032,True,143
3560,7.120000000000712,142,10,3550,FULL_DYNAMIC,7.050000000000689,7.050356100034658,0.03,True,143
3561,7.122000000000713,142,11,3550,FULL_DYNAMIC,7.050000000000689,7.050356100034658,0.028,True,143
3562,7.124000000000714,142,12,3550,FULL_DYNAMIC,7.050000000000689,7.050356100034658,0.026000000000000002,True,143
3563,7.126000000000714,142,13,3550,FULL_DYNAMIC,7.050000000000689,7.050356100034658,0.024,True,143
3564,7.128000000000715,142,14,3550,FULL_DYNAMIC,7.050000000000689,7.050356100034658,0.022,True,143
3565,7.130000000000716,142,15,3550,FULL_DYNAMIC,7.050000000000689,7.050356100034658,0.02,True,143
3566,7.132000000000716,142,16,3550,FULL_DYNAMIC,7.050000000000689,7.050356100034658,0.018000000000000002,True,143
3567,7.134000000000717,142,17,3550,FULL_DYNAMIC,7.050000000000689,7.050356100034658,0.016,True,143
3568,7.136000000000718,142,18,3550,FULL_DYNAMIC,7.050000000000689,7.050356100034658,0.014,True,143
3569,7.138000000000718,142,19,3550,FULL_DYNAMIC,7.050000000000689,7.050356100034658,0.012,True,143
3570,7.140000000000719,142,20,3550,FULL_DYNAMIC,7.050000000000689,7.050356100034658,0.01,True,143
3571,7.14200000000072,142,21,3550,FULL_DYNAMIC,7.050000000000689,7.050356100034658,0.008,True,143
3572,7.14400000000072,142,22,3550,FULL_DYNAMIC,7.050000000000689,7.050356100034658,0.006,True,143
3573,7.146000000000721,142,23,3550,FULL_DYNAMIC,7.050000000000689,7.050356100034658,0.004,True,143
3574,7.148000000000722,142,24,3550,FULL_DYNAMIC,7.050000000000689,7.050356100034658,0.002,True,143
3575,7.1500000000007224,143,0,3575,FULL_DYNAMIC,7.100000000000706,7.1003537000164,0.05,False,
3576,7.152000000000723,143,1,3575,FULL_DYNAMIC,7.100000000000706,7.1003537000164,0.048,True,144
3577,7.154000000000724,143,2,3575,FULL_DYNAMIC,7.100000000000706,7.1003537000164,0.046,True,144
3578,7.1560000000007244,143,3,3575,FULL_DYNAMIC,7.100000000000706,7.1003537000164,0.044,True,144
3579,7.158000000000725,143,4,3575,FULL_DYNAMIC,7.100000000000706,7.1003537000164,0.042,True,144
3580,7.160000000000726,143,5,3575,FULL_DYNAMIC,7.100000000000706,7.1003537000164,0.04,True,144
3581,7.1620000000007265,143,6,3575,FULL_DYNAMIC,7.100000000000706,7.1003537000164,0.038,True,144
3582,7.164000000000727,143,7,3575,FULL_DYNAMIC,7.100000000000706,7.1003537000164,0.036000000000000004,True,144
3583,7.166000000000728,143,8,3575,FULL_DYNAMIC,7.100000000000706,7.1003537000164,0.034,True,144
3584,7.1680000000007285,143,9,3575,FULL_DYNAMIC,7.100000000000706,7.1003537000164,0.032,True,144
3585,7.170000000000729,143,10,3575,FULL_DYNAMIC,7.100000000000706,7.1003537000164,0.03,True,144
3586,7.17200000000073,143,11,3575,FULL_DYNAMIC,7.100000000000706,7.1003537000164,0.028,True,144
3587,7.1740000000007305,143,12,3575,FULL_DYNAMIC,7.100000000000706,7.1003537000164,0.026000000000000002,True,144
3588,7.176000000000731,143,13,3575,FULL_DYNAMIC,7.100000000000706,7.1003537000164,0.024,True,144
3589,7.178000000000732,143,14,3575,FULL_DYNAMIC,7.100000000000706,7.1003537000164,0.022,True,144
3590,7.1800000000007325,143,15,3575,FULL_DYNAMIC,7.100000000000706,7.1003537000164,0.02,True,144
3591,7.182000000000733,143,16,3575,FULL_DYNAMIC,7.100000000000706,7.1003537000164,0.018000000000000002,True,144
3592,7.184000000000734,143,17,3575,FULL_DYNAMIC,7.100000000000706,7.1003537000164,0.016,True,144
3593,7.1860000000007345,143,18,3575,FULL_DYNAMIC,7.100000000000706,7.1003537000164,0.014,True,144
3594,7.188000000000735,143,19,3575,FULL_DYNAMIC,7.100000000000706,7.1003537000164,0.012,True,144
3595,7.190000000000736,143,20,3575,FULL_DYNAMIC,7.100000000000706,7.1003537000164,0.01,True,144
3596,7.1920000000007365,143,21,3575,FULL_DYNAMIC,7.100000000000706,7.1003537000164,0.008,True,144
3597,7.194000000000737,143,22,3575,FULL_DYNAMIC,7.100000000000706,7.1003537000164,0.006,True,144
3598,7.196000000000738,143,23,3575,FULL_DYNAMIC,7.100000000000706,7.1003537000164,0.004,True,144
3599,7.1980000000007385,143,24,3575,FULL_DYNAMIC,7.100000000000706,7.1003537000164,0.002,True,144
3600,7.200000000000739,144,0,3600,FULL_DYNAMIC,7.1500000000007224,7.150412399997726,0.05,False,
3601,7.20200000000074,144,1,3600,FULL_DYNAMIC,7.1500000000007224,7.150412399997726,0.048,True,145
3602,7.2040000000007405,144,2,3600,FULL_DYNAMIC,7.1500000000007224,7.150412399997726,0.046,True,145
3603,7.206000000000741,144,3,3600,FULL_DYNAMIC,7.1500000000007224,7.150412399997726,0.044,True,145
3604,7.208000000000742,144,4,3600,FULL_DYNAMIC,7.1500000000007224,7.150412399997726,0.042,True,145
3605,7.2100000000007425,144,5,3600,FULL_DYNAMIC,7.1500000000007224,7.150412399997726,0.04,True,145
3606,7.212000000000743,144,6,3600,FULL_DYNAMIC,7.1500000000007224,7.150412399997726,0.038,True,145
3607,7.214000000000744,144,7,3600,FULL_DYNAMIC,7.1500000000007224,7.150412399997726,0.036000000000000004,True,145
3608,7.2160000000007445,144,8,3600,FULL_DYNAMIC,7.1500000000007224,7.150412399997726,0.034,True,145
3609,7.218000000000745,144,9,3600,FULL_DYNAMIC,7.1500000000007224,7.150412399997726,0.032,True,145
3610,7.220000000000746,144,10,3600,FULL_DYNAMIC,7.1500000000007224,7.150412399997726,0.03,True,145
3611,7.2220000000007465,144,11,3600,FULL_DYNAMIC,7.1500000000007224,7.150412399997726,0.028,True,145
3612,7.224000000000747,144,12,3600,FULL_DYNAMIC,7.1500000000007224,7.150412399997726,0.026000000000000002,True,145
3613,7.226000000000748,144,13,3600,FULL_DYNAMIC,7.1500000000007224,7.150412399997726,0.024,True,145
3614,7.2280000000007485,144,14,3600,FULL_DYNAMIC,7.1500000000007224,7.150412399997726,0.022,True,145
3615,7.230000000000749,144,15,3600,FULL_DYNAMIC,7.1500000000007224,7.150412399997726,0.02,True,145
3616,7.23200000000075,144,16,3600,FULL_DYNAMIC,7.1500000000007224,7.150412399997726,0.018000000000000002,True,145
3617,7.2340000000007505,144,17,3600,FULL_DYNAMIC,7.1500000000007224,7.150412399997726,0.016,True,145
3618,7.236000000000751,144,18,3600,FULL_DYNAMIC,7.1500000000007224,7.150412399997726,0.014,True,145
3619,7.238000000000752,144,19,3600,FULL_DYNAMIC,7.1500000000007224,7.150412399997726,0.012,True,145
3620,7.2400000000007525,144,20,3600,FULL_DYNAMIC,7.1500000000007224,7.150412399997726,0.01,True,145
3621,7.242000000000753,144,21,3600,FULL_DYNAMIC,7.1500000000007224,7.150412399997726,0.008,True,145
3622,7.244000000000754,144,22,3600,FULL_DYNAMIC,7.1500000000007224,7.150412399997726,0.006,True,145
3623,7.2460000000007545,144,23,3600,FULL_DYNAMIC,7.1500000000007224,7.150412399997726,0.004,True,145
3624,7.248000000000755,144,24,3600,FULL_DYNAMIC,7.1500000000007224,7.150412399997726,0.002,True,145
3625,7.250000000000756,145,0,3625,LIGHTWEIGHT,7.200000000000739,7.200789000071393,0.05,False,
3626,7.2520000000007565,145,1,3625,LIGHTWEIGHT,7.200000000000739,7.200789000071393,0.048,True,146
3627,7.254000000000757,145,2,3625,LIGHTWEIGHT,7.200000000000739,7.200789000071393,0.046,True,146
3628,7.256000000000758,145,3,3625,LIGHTWEIGHT,7.200000000000739,7.200789000071393,0.044,True,146
3629,7.2580000000007585,145,4,3625,LIGHTWEIGHT,7.200000000000739,7.200789000071393,0.042,True,146
3630,7.260000000000759,145,5,3625,LIGHTWEIGHT,7.200000000000739,7.200789000071393,0.04,True,146
3631,7.26200000000076,145,6,3625,LIGHTWEIGHT,7.200000000000739,7.200789000071393,0.038,True,146
3632,7.2640000000007605,145,7,3625,LIGHTWEIGHT,7.200000000000739,7.200789000071393,0.036000000000000004,True,146
3633,7.266000000000761,145,8,3625,LIGHTWEIGHT,7.200000000000739,7.200789000071393,0.034,True,146
3634,7.268000000000762,145,9,3625,LIGHTWEIGHT,7.200000000000739,7.200789000071393,0.032,True,146
3635,7.2700000000007625,145,10,3625,LIGHTWEIGHT,7.200000000000739,7.200789000071393,0.03,True,146
3636,7.272000000000763,145,11,3625,LIGHTWEIGHT,7.200000000000739,7.200789000071393,0.028,True,146
3637,7.274000000000764,145,12,3625,LIGHTWEIGHT,7.200000000000739,7.200789000071393,0.026000000000000002,True,146
3638,7.2760000000007645,145,13,3625,LIGHTWEIGHT,7.200000000000739,7.200789000071393,0.024,True,146
3639,7.278000000000765,145,14,3625,LIGHTWEIGHT,7.200000000000739,7.200789000071393,0.022,True,146
3640,7.280000000000766,145,15,3625,LIGHTWEIGHT,7.200000000000739,7.200789000071393,0.02,True,146
3641,7.2820000000007665,145,16,3625,LIGHTWEIGHT,7.200000000000739,7.200789000071393,0.018000000000000002,True,146
3642,7.284000000000767,145,17,3625,LIGHTWEIGHT,7.200000000000739,7.200789000071393,0.016,True,146
3643,7.286000000000768,145,18,3625,LIGHTWEIGHT,7.200000000000739,7.200789000071393,0.014,True,146
3644,7.2880000000007685,145,19,3625,LIGHTWEIGHT,7.200000000000739,7.200789000071393,0.012,True,146
3645,7.290000000000769,145,20,3625,LIGHTWEIGHT,7.200000000000739,7.200789000071393,0.01,True,146
3646,7.29200000000077,145,21,3625,LIGHTWEIGHT,7.200000000000739,7.200789000071393,0.008,True,146
3647,7.2940000000007705,145,22,3625,LIGHTWEIGHT,7.200000000000739,7.200789000071393,0.006,True,146
3648,7.296000000000771,145,23,3625,LIGHTWEIGHT,7.200000000000739,7.200789000071393,0.004,True,146
3649,7.298000000000772,145,24,3625,LIGHTWEIGHT,7.200000000000739,7.200789000071393,0.002,True,146
3650,7.3000000000007725,146,0,3650,LIGHTWEIGHT,7.250000000000756,7.250273699989367,0.05,False,
3651,7.302000000000773,146,1,3650,LIGHTWEIGHT,7.250000000000756,7.250273699989367,0.048,True,147
3652,7.304000000000774,146,2,3650,LIGHTWEIGHT,7.250000000000756,7.250273699989367,0.046,True,147
3653,7.3060000000007745,146,3,3650,LIGHTWEIGHT,7.250000000000756,7.250273699989367,0.044,True,147
3654,7.308000000000775,146,4,3650,LIGHTWEIGHT,7.250000000000756,7.250273699989367,0.042,True,147
3655,7.310000000000776,146,5,3650,LIGHTWEIGHT,7.250000000000756,7.250273699989367,0.04,True,147
3656,7.3120000000007765,146,6,3650,LIGHTWEIGHT,7.250000000000756,7.250273699989367,0.038,True,147
3657,7.314000000000777,146,7,3650,LIGHTWEIGHT,7.250000000000756,7.250273699989367,0.036000000000000004,True,147
3658,7.316000000000778,146,8,3650,LIGHTWEIGHT,7.250000000000756,7.250273699989367,0.034,True,147
3659,7.3180000000007785,146,9,3650,LIGHTWEIGHT,7.250000000000756,7.250273699989367,0.032,True,147
3660,7.320000000000779,146,10,3650,LIGHTWEIGHT,7.250000000000756,7.250273699989367,0.03,True,147
3661,7.32200000000078,146,11,3650,LIGHTWEIGHT,7.250000000000756,7.250273699989367,0.028,True,147
3662,7.3240000000007806,146,12,3650,LIGHTWEIGHT,7.250000000000756,7.250273699989367,0.026000000000000002,True,147
3663,7.326000000000781,146,13,3650,LIGHTWEIGHT,7.250000000000756,7.250273699989367,0.024,True,147
3664,7.328000000000782,146,14,3650,LIGHTWEIGHT,7.250000000000756,7.250273699989367,0.022,True,147
3665,7.330000000000783,146,15,3650,LIGHTWEIGHT,7.250000000000756,7.250273699989367,0.02,True,147
3666,7.332000000000783,146,16,3650,LIGHTWEIGHT,7.250000000000756,7.250273699989367,0.018000000000000002,True,147
3667,7.334000000000784,146,17,3650,LIGHTWEIGHT,7.250000000000756,7.250273699989367,0.016,True,147
3668,7.336000000000785,146,18,3650,LIGHTWEIGHT,7.250000000000756,7.250273699989367,0.014,True,147
3669,7.338000000000785,146,19,3650,LIGHTWEIGHT,7.250000000000756,7.250273699989367,0.012,True,147
3670,7.340000000000786,146,20,3650,LIGHTWEIGHT,7.250000000000756,7.250273699989367,0.01,True,147
3671,7.342000000000787,146,21,3650,LIGHTWEIGHT,7.250000000000756,7.250273699989367,0.008,True,147
3672,7.344000000000787,146,22,3650,LIGHTWEIGHT,7.250000000000756,7.250273699989367,0.006,True,147
3673,7.346000000000788,146,23,3650,LIGHTWEIGHT,7.250000000000756,7.250273699989367,0.004,True,147
3674,7.348000000000789,146,24,3650,LIGHTWEIGHT,7.250000000000756,7.250273699989367,0.002,True,147
3675,7.350000000000789,147,0,3675,LIGHTWEIGHT,7.3000000000007725,7.300277799904188,0.05,False,
3676,7.35200000000079,147,1,3675,LIGHTWEIGHT,7.3000000000007725,7.300277799904188,0.048,True,148
3677,7.354000000000791,147,2,3675,LIGHTWEIGHT,7.3000000000007725,7.300277799904188,0.046,True,148
3678,7.356000000000791,147,3,3675,LIGHTWEIGHT,7.3000000000007725,7.300277799904188,0.044,True,148
3679,7.358000000000792,147,4,3675,LIGHTWEIGHT,7.3000000000007725,7.300277799904188,0.042,True,148
3680,7.360000000000793,147,5,3675,LIGHTWEIGHT,7.3000000000007725,7.300277799904188,0.04,True,148
3681,7.362000000000793,147,6,3675,LIGHTWEIGHT,7.3000000000007725,7.300277799904188,0.038,True,148
3682,7.364000000000794,147,7,3675,LIGHTWEIGHT,7.3000000000007725,7.300277799904188,0.036000000000000004,True,148
3683,7.366000000000795,147,8,3675,LIGHTWEIGHT,7.3000000000007725,7.300277799904188,0.034,True,148
3684,7.368000000000795,147,9,3675,LIGHTWEIGHT,7.3000000000007725,7.300277799904188,0.032,True,148
3685,7.370000000000796,147,10,3675,LIGHTWEIGHT,7.3000000000007725,7.300277799904188,0.03,True,148
3686,7.372000000000797,147,11,3675,LIGHTWEIGHT,7.3000000000007725,7.300277799904188,0.028,True,148
3687,7.374000000000797,147,12,3675,LIGHTWEIGHT,7.3000000000007725,7.300277799904188,0.026000000000000002,True,148
3688,7.376000000000798,147,13,3675,LIGHTWEIGHT,7.3000000000007725,7.300277799904188,0.024,True,148
3689,7.378000000000799,147,14,3675,LIGHTWEIGHT,7.3000000000007725,7.300277799904188,0.022,True,148
3690,7.380000000000799,147,15,3675,LIGHTWEIGHT,7.3000000000007725,7.300277799904188,0.02,True,148
3691,7.3820000000008,147,16,3675,LIGHTWEIGHT,7.3000000000007725,7.300277799904188,0.018000000000000002,True,148
3692,7.384000000000801,147,17,3675,LIGHTWEIGHT,7.3000000000007725,7.300277799904188,0.016,True,148
3693,7.386000000000801,147,18,3675,LIGHTWEIGHT,7.3000000000007725,7.300277799904188,0.014,True,148
3694,7.388000000000802,147,19,3675,LIGHTWEIGHT,7.3000000000007725,7.300277799904188,0.012,True,148
3695,7.390000000000803,147,20,3675,LIGHTWEIGHT,7.3000000000007725,7.300277799904188,0.01,True,148
3696,7.392000000000803,147,21,3675,LIGHTWEIGHT,7.3000000000007725,7.300277799904188,0.008,True,148
3697,7.394000000000804,147,22,3675,LIGHTWEIGHT,7.3000000000007725,7.300277799904188,0.006,True,148
3698,7.396000000000805,147,23,3675,LIGHTWEIGHT,7.3000000000007725,7.300277799904188,0.004,True,148
3699,7.398000000000805,147,24,3675,LIGHTWEIGHT,7.3000000000007725,7.300277799904188,0.002,True,148
3700,7.400000000000806,148,0,3700,LIGHTWEIGHT,7.350000000000789,7.35028579996512,0.05,False,
3701,7.402000000000807,148,1,3700,LIGHTWEIGHT,7.350000000000789,7.35028579996512,0.048,True,149
3702,7.404000000000807,148,2,3700,LIGHTWEIGHT,7.350000000000789,7.35028579996512,0.046,True,149
3703,7.406000000000808,148,3,3700,LIGHTWEIGHT,7.350000000000789,7.35028579996512,0.044,True,149
3704,7.408000000000809,148,4,3700,LIGHTWEIGHT,7.350000000000789,7.35028579996512,0.042,True,149
3705,7.410000000000809,148,5,3700,LIGHTWEIGHT,7.350000000000789,7.35028579996512,0.04,True,149
3706,7.41200000000081,148,6,3700,LIGHTWEIGHT,7.350000000000789,7.35028579996512,0.038,True,149
3707,7.414000000000811,148,7,3700,LIGHTWEIGHT,7.350000000000789,7.35028579996512,0.036000000000000004,True,149
3708,7.416000000000811,148,8,3700,LIGHTWEIGHT,7.350000000000789,7.35028579996512,0.034,True,149
3709,7.418000000000812,148,9,3700,LIGHTWEIGHT,7.350000000000789,7.35028579996512,0.032,True,149
3710,7.420000000000813,148,10,3700,LIGHTWEIGHT,7.350000000000789,7.35028579996512,0.03,True,149
3711,7.422000000000813,148,11,3700,LIGHTWEIGHT,7.350000000000789,7.35028579996512,0.028,True,149
3712,7.424000000000814,148,12,3700,LIGHTWEIGHT,7.350000000000789,7.35028579996512,0.026000000000000002,True,149
3713,7.426000000000815,148,13,3700,LIGHTWEIGHT,7.350000000000789,7.35028579996512,0.024,True,149
3714,7.428000000000815,148,14,3700,LIGHTWEIGHT,7.350000000000789,7.35028579996512,0.022,True,149
3715,7.430000000000816,148,15,3700,LIGHTWEIGHT,7.350000000000789,7.35028579996512,0.02,True,149
3716,7.432000000000817,148,16,3700,LIGHTWEIGHT,7.350000000000789,7.35028579996512,0.018000000000000002,True,149
3717,7.434000000000817,148,17,3700,LIGHTWEIGHT,7.350000000000789,7.35028579996512,0.016,True,149
3718,7.436000000000818,148,18,3700,LIGHTWEIGHT,7.350000000000789,7.35028579996512,0.014,True,149
3719,7.438000000000819,148,19,3700,LIGHTWEIGHT,7.350000000000789,7.35028579996512,0.012,True,149
3720,7.440000000000819,148,20,3700,LIGHTWEIGHT,7.350000000000789,7.35028579996512,0.01,True,149
3721,7.44200000000082,148,21,3700,LIGHTWEIGHT,7.350000000000789,7.35028579996512,0.008,True,149
3722,7.444000000000821,148,22,3700,LIGHTWEIGHT,7.350000000000789,7.35028579996512,0.006,True,149
3723,7.446000000000821,148,23,3700,LIGHTWEIGHT,7.350000000000789,7.35028579996512,0.004,True,149
3724,7.448000000000822,148,24,3700,LIGHTWEIGHT,7.350000000000789,7.35028579996512,0.002,True,149
3725,7.450000000000823,149,0,3725,LIGHTWEIGHT,7.400000000000806,7.4002767000122605,0.05,False,
3726,7.452000000000823,149,1,3725,LIGHTWEIGHT,7.400000000000806,7.4002767000122605,0.048,True,150
3727,7.454000000000824,149,2,3725,LIGHTWEIGHT,7.400000000000806,7.4002767000122605,0.046,True,150
3728,7.456000000000825,149,3,3725,LIGHTWEIGHT,7.400000000000806,7.4002767000122605,0.044,True,150
3729,7.458000000000825,149,4,3725,LIGHTWEIGHT,7.400000000000806,7.4002767000122605,0.042,True,150
3730,7.460000000000826,149,5,3725,LIGHTWEIGHT,7.400000000000806,7.4002767000122605,0.04,True,150
3731,7.462000000000827,149,6,3725,LIGHTWEIGHT,7.400000000000806,7.4002767000122605,0.038,True,150
3732,7.464000000000827,149,7,3725,LIGHTWEIGHT,7.400000000000806,7.4002767000122605,0.036000000000000004,True,150
3733,7.466000000000828,149,8,3725,LIGHTWEIGHT,7.400000000000806,7.4002767000122605,0.034,True,150
3734,7.468000000000829,149,9,3725,LIGHTWEIGHT,7.400000000000806,7.4002767000122605,0.032,True,150
3735,7.470000000000829,149,10,3725,LIGHTWEIGHT,7.400000000000806,7.4002767000122605,0.03,True,150
3736,7.47200000000083,149,11,3725,LIGHTWEIGHT,7.400000000000806,7.4002767000122605,0.028,True,150
3737,7.474000000000831,149,12,3725,LIGHTWEIGHT,7.400000000000806,7.4002767000122605,0.026000000000000002,True,150
3738,7.476000000000831,149,13,3725,LIGHTWEIGHT,7.400000000000806,7.4002767000122605,0.024,True,150
3739,7.478000000000832,149,14,3725,LIGHTWEIGHT,7.400000000000806,7.4002767000122605,0.022,True,150
3740,7.480000000000833,149,15,3725,LIGHTWEIGHT,7.400000000000806,7.4002767000122605,0.02,True,150
3741,7.482000000000833,149,16,3725,LIGHTWEIGHT,7.400000000000806,7.4002767000122605,0.018000000000000002,True,150
3742,7.484000000000834,149,17,3725,LIGHTWEIGHT,7.400000000000806,7.4002767000122605,0.016,True,150
3743,7.486000000000835,149,18,3725,LIGHTWEIGHT,7.400000000000806,7.4002767000122605,0.014,True,150
3744,7.488000000000835,149,19,3725,LIGHTWEIGHT,7.400000000000806,7.4002767000122605,0.012,True,150
3745,7.490000000000836,149,20,3725,LIGHTWEIGHT,7.400000000000806,7.4002767000122605,0.01,True,150
3746,7.492000000000837,149,21,3725,LIGHTWEIGHT,7.400000000000806,7.4002767000122605,0.008,True,150
3747,7.494000000000837,149,22,3725,LIGHTWEIGHT,7.400000000000806,7.4002767000122605,0.006,True,150
3748,7.496000000000838,149,23,3725,LIGHTWEIGHT,7.400000000000806,7.4002767000122605,0.004,True,150
3749,7.498000000000839,149,24,3725,LIGHTWEIGHT,7.400000000000806,7.4002767000122605,0.002,True,150
3750,7.500000000000839,150,0,3750,LIGHTWEIGHT,7.450000000000823,7.45027030007996,0.05,False,
3751,7.50200000000084,150,1,3750,LIGHTWEIGHT,7.450000000000823,7.45027030007996,0.048,True,151
3752,7.504000000000841,150,2,3750,LIGHTWEIGHT,7.450000000000823,7.45027030007996,0.046,True,151
3753,7.506000000000841,150,3,3750,LIGHTWEIGHT,7.450000000000823,7.45027030007996,0.044,True,151
3754,7.508000000000842,150,4,3750,LIGHTWEIGHT,7.450000000000823,7.45027030007996,0.042,True,151
3755,7.510000000000843,150,5,3750,LIGHTWEIGHT,7.450000000000823,7.45027030007996,0.04,True,151
3756,7.512000000000843,150,6,3750,LIGHTWEIGHT,7.450000000000823,7.45027030007996,0.038,True,151
3757,7.514000000000844,150,7,3750,LIGHTWEIGHT,7.450000000000823,7.45027030007996,0.036000000000000004,True,151
3758,7.516000000000845,150,8,3750,LIGHTWEIGHT,7.450000000000823,7.45027030007996,0.034,True,151
3759,7.518000000000845,150,9,3750,LIGHTWEIGHT,7.450000000000823,7.45027030007996,0.032,True,151
3760,7.520000000000846,150,10,3750,LIGHTWEIGHT,7.450000000000823,7.45027030007996,0.03,True,151
3761,7.522000000000847,150,11,3750,LIGHTWEIGHT,7.450000000000823,7.45027030007996,0.028,True,151
3762,7.524000000000847,150,12,3750,LIGHTWEIGHT,7.450000000000823,7.45027030007996,0.026000000000000002,True,151
3763,7.526000000000848,150,13,3750,LIGHTWEIGHT,7.450000000000823,7.45027030007996,0.024,True,151
3764,7.528000000000849,150,14,3750,LIGHTWEIGHT,7.450000000000823,7.45027030007996,0.022,True,151
3765,7.530000000000849,150,15,3750,LIGHTWEIGHT,7.450000000000823,7.45027030007996,0.02,True,151
3766,7.53200000000085,150,16,3750,LIGHTWEIGHT,7.450000000000823,7.45027030007996,0.018000000000000002,True,151
3767,7.534000000000851,150,17,3750,LIGHTWEIGHT,7.450000000000823,7.45027030007996,0.016,True,151
3768,7.536000000000851,150,18,3750,LIGHTWEIGHT,7.450000000000823,7.45027030007996,0.014,True,151
3769,7.538000000000852,150,19,3750,LIGHTWEIGHT,7.450000000000823,7.45027030007996,0.012,True,151
3770,7.540000000000853,150,20,3750,LIGHTWEIGHT,7.450000000000823,7.45027030007996,0.01,True,151
3771,7.542000000000853,150,21,3750,LIGHTWEIGHT,7.450000000000823,7.45027030007996,0.008,True,151
3772,7.544000000000854,150,22,3750,LIGHTWEIGHT,7.450000000000823,7.45027030007996,0.006,True,151
3773,7.546000000000855,150,23,3750,LIGHTWEIGHT,7.450000000000823,7.45027030007996,0.004,True,151
3774,7.548000000000855,150,24,3750,LIGHTWEIGHT,7.450000000000823,7.45027030007996,0.002,True,151
3775,7.550000000000856,151,0,3775,LIGHTWEIGHT,7.500000000000839,7.500330899959338,0.05,False,
3776,7.552000000000857,151,1,3775,LIGHTWEIGHT,7.500000000000839,7.500330899959338,0.048,True,152
3777,7.554000000000857,151,2,3775,LIGHTWEIGHT,7.500000000000839,7.500330899959338,0.046,True,152
3778,7.556000000000858,151,3,3775,LIGHTWEIGHT,7.500000000000839,7.500330899959338,0.044,True,152
3779,7.558000000000859,151,4,3775,LIGHTWEIGHT,7.500000000000839,7.500330899959338,0.042,True,152
3780,7.560000000000859,151,5,3775,LIGHTWEIGHT,7.500000000000839,7.500330899959338,0.04,True,152
3781,7.56200000000086,151,6,3775,LIGHTWEIGHT,7.500000000000839,7.500330899959338,0.038,True,152
3782,7.564000000000861,151,7,3775,LIGHTWEIGHT,7.500000000000839,7.500330899959338,0.036000000000000004,True,152
3783,7.566000000000861,151,8,3775,LIGHTWEIGHT,7.500000000000839,7.500330899959338,0.034,True,152
3784,7.568000000000862,151,9,3775,LIGHTWEIGHT,7.500000000000839,7.500330899959338,0.032,True,152
3785,7.570000000000863,151,10,3775,LIGHTWEIGHT,7.500000000000839,7.500330899959338,0.03,True,152
3786,7.572000000000863,151,11,3775,LIGHTWEIGHT,7.500000000000839,7.500330899959338,0.028,True,152
3787,7.574000000000864,151,12,3775,LIGHTWEIGHT,7.500000000000839,7.500330899959338,0.026000000000000002,True,152
3788,7.576000000000865,151,13,3775,LIGHTWEIGHT,7.500000000000839,7.500330899959338,0.024,True,152
3789,7.578000000000865,151,14,3775,LIGHTWEIGHT,7.500000000000839,7.500330899959338,0.022,True,152
3790,7.580000000000866,151,15,3775,LIGHTWEIGHT,7.500000000000839,7.500330899959338,0.02,True,152
3791,7.582000000000867,151,16,3775,LIGHTWEIGHT,7.500000000000839,7.500330899959338,0.018000000000000002,True,152
3792,7.584000000000867,151,17,3775,LIGHTWEIGHT,7.500000000000839,7.500330899959338,0.016,True,152
3793,7.586000000000868,151,18,3775,LIGHTWEIGHT,7.500000000000839,7.500330899959338,0.014,True,152
3794,7.588000000000869,151,19,3775,LIGHTWEIGHT,7.500000000000839,7.500330899959338,0.012,True,152
3795,7.590000000000869,151,20,3775,LIGHTWEIGHT,7.500000000000839,7.500330899959338,0.01,True,152
3796,7.59200000000087,151,21,3775,LIGHTWEIGHT,7.500000000000839,7.500330899959338,0.008,True,152
3797,7.594000000000871,151,22,3775,LIGHTWEIGHT,7.500000000000839,7.500330899959338,0.006,True,152
3798,7.596000000000871,151,23,3775,LIGHTWEIGHT,7.500000000000839,7.500330899959338,0.004,True,152
3799,7.598000000000872,151,24,3775,LIGHTWEIGHT,7.500000000000839,7.500330899959338,0.002,True,152
3800,7.600000000000873,152,0,3800,LIGHTWEIGHT,7.550000000000856,7.550270499965101,0.05,False,
3801,7.602000000000873,152,1,3800,LIGHTWEIGHT,7.550000000000856,7.550270499965101,0.048,True,153
3802,7.604000000000874,152,2,3800,LIGHTWEIGHT,7.550000000000856,7.550270499965101,0.046,True,153
3803,7.606000000000875,152,3,3800,LIGHTWEIGHT,7.550000000000856,7.550270499965101,0.044,True,153
3804,7.608000000000875,152,4,3800,LIGHTWEIGHT,7.550000000000856,7.550270499965101,0.042,True,153
3805,7.610000000000876,152,5,3800,LIGHTWEIGHT,7.550000000000856,7.550270499965101,0.04,True,153
3806,7.612000000000877,152,6,3800,LIGHTWEIGHT,7.550000000000856,7.550270499965101,0.038,True,153
3807,7.614000000000877,152,7,3800,LIGHTWEIGHT,7.550000000000856,7.550270499965101,0.036000000000000004,True,153
3808,7.616000000000878,152,8,3800,LIGHTWEIGHT,7.550000000000856,7.550270499965101,0.034,True,153
3809,7.618000000000879,152,9,3800,LIGHTWEIGHT,7.550000000000856,7.550270499965101,0.032,True,153
3810,7.620000000000879,152,10,3800,LIGHTWEIGHT,7.550000000000856,7.550270499965101,0.03,True,153
3811,7.62200000000088,152,11,3800,LIGHTWEIGHT,7.550000000000856,7.550270499965101,0.028,True,153
3812,7.624000000000881,152,12,3800,LIGHTWEIGHT,7.550000000000856,7.550270499965101,0.026000000000000002,True,153
3813,7.626000000000881,152,13,3800,LIGHTWEIGHT,7.550000000000856,7.550270499965101,0.024,True,153
3814,7.628000000000882,152,14,3800,LIGHTWEIGHT,7.550000000000856,7.550270499965101,0.022,True,153
3815,7.630000000000883,152,15,3800,LIGHTWEIGHT,7.550000000000856,7.550270499965101,0.02,True,153
3816,7.632000000000883,152,16,3800,LIGHTWEIGHT,7.550000000000856,7.550270499965101,0.018000000000000002,True,153
3817,7.634000000000884,152,17,3800,LIGHTWEIGHT,7.550000000000856,7.550270499965101,0.016,True,153
3818,7.636000000000885,152,18,3800,LIGHTWEIGHT,7.550000000000856,7.550270499965101,0.014,True,153
3819,7.638000000000885,152,19,3800,LIGHTWEIGHT,7.550000000000856,7.550270499965101,0.012,True,153
3820,7.640000000000886,152,20,3800,LIGHTWEIGHT,7.550000000000856,7.550270499965101,0.01,True,153
3821,7.642000000000887,152,21,3800,LIGHTWEIGHT,7.550000000000856,7.550270499965101,0.008,True,153
3822,7.644000000000887,152,22,3800,LIGHTWEIGHT,7.550000000000856,7.550270499965101,0.006,True,153
3823,7.646000000000888,152,23,3800,LIGHTWEIGHT,7.550000000000856,7.550270499965101,0.004,True,153
3824,7.648000000000889,152,24,3800,LIGHTWEIGHT,7.550000000000856,7.550270499965101,0.002,True,153
3825,7.650000000000889,153,0,3825,LIGHTWEIGHT,7.600000000000873,7.600268600067065,0.05,False,
3826,7.65200000000089,153,1,3825,LIGHTWEIGHT,7.600000000000873,7.600268600067065,0.048,True,154
3827,7.654000000000891,153,2,3825,LIGHTWEIGHT,7.600000000000873,7.600268600067065,0.046,True,154
3828,7.656000000000891,153,3,3825,LIGHTWEIGHT,7.600000000000873,7.600268600067065,0.044,True,154
3829,7.658000000000892,153,4,3825,LIGHTWEIGHT,7.600000000000873,7.600268600067065,0.042,True,154
3830,7.660000000000893,153,5,3825,LIGHTWEIGHT,7.600000000000873,7.600268600067065,0.04,True,154
3831,7.662000000000893,153,6,3825,LIGHTWEIGHT,7.600000000000873,7.600268600067065,0.038,True,154
3832,7.664000000000894,153,7,3825,LIGHTWEIGHT,7.600000000000873,7.600268600067065,0.036000000000000004,True,154
3833,7.666000000000895,153,8,3825,LIGHTWEIGHT,7.600000000000873,7.600268600067065,0.034,True,154
3834,7.668000000000895,153,9,3825,LIGHTWEIGHT,7.600000000000873,7.600268600067065,0.032,True,154
3835,7.670000000000896,153,10,3825,LIGHTWEIGHT,7.600000000000873,7.600268600067065,0.03,True,154
3836,7.672000000000897,153,11,3825,LIGHTWEIGHT,7.600000000000873,7.600268600067065,0.028,True,154
3837,7.674000000000897,153,12,3825,LIGHTWEIGHT,7.600000000000873,7.600268600067065,0.026000000000000002,True,154
3838,7.676000000000898,153,13,3825,LIGHTWEIGHT,7.600000000000873,7.600268600067065,0.024,True,154
3839,7.678000000000899,153,14,3825,LIGHTWEIGHT,7.600000000000873,7.600268600067065,0.022,True,154
3840,7.680000000000899,153,15,3825,LIGHTWEIGHT,7.600000000000873,7.600268600067065,0.02,True,154
3841,7.6820000000009,153,16,3825,LIGHTWEIGHT,7.600000000000873,7.600268600067065,0.018000000000000002,True,154
3842,7.684000000000901,153,17,3825,LIGHTWEIGHT,7.600000000000873,7.600268600067065,0.016,True,154
3843,7.6860000000009014,153,18,3825,LIGHTWEIGHT,7.600000000000873,7.600268600067065,0.014,True,154
3844,7.688000000000902,153,19,3825,LIGHTWEIGHT,7.600000000000873,7.600268600067065,0.012,True,154
3845,7.690000000000903,153,20,3825,LIGHTWEIGHT,7.600000000000873,7.600268600067065,0.01,True,154
3846,7.6920000000009034,153,21,3825,LIGHTWEIGHT,7.600000000000873,7.600268600067065,0.008,True,154
3847,7.694000000000904,153,22,3825,LIGHTWEIGHT,7.600000000000873,7.600268600067065,0.006,True,154
3848,7.696000000000905,153,23,3825,LIGHTWEIGHT,7.600000000000873,7.600268600067065,0.004,True,154
3849,7.6980000000009055,153,24,3825,LIGHTWEIGHT,7.600000000000873,7.600268600067065,0.002,True,154
3850,7.700000000000906,154,0,3850,LIGHTWEIGHT,7.650000000000889,7.650304499991196,0.05,False,
3851,7.702000000000907,154,1,3850,LIGHTWEIGHT,7.650000000000889,7.650304499991196,0.048,True,155
3852,7.7040000000009075,154,2,3850,LIGHTWEIGHT,7.650000000000889,7.650304499991196,0.046,True,155
3853,7.706000000000908,154,3,3850,LIGHTWEIGHT,7.650000000000889,7.650304499991196,0.044,True,155
3854,7.708000000000909,154,4,3850,LIGHTWEIGHT,7.650000000000889,7.650304499991196,0.042,True,155
3855,7.7100000000009095,154,5,3850,LIGHTWEIGHT,7.650000000000889,7.650304499991196,0.04,True,155
3856,7.71200000000091,154,6,3850,LIGHTWEIGHT,7.650000000000889,7.650304499991196,0.038,True,155
3857,7.714000000000911,154,7,3850,LIGHTWEIGHT,7.650000000000889,7.650304499991196,0.036000000000000004,True,155
3858,7.7160000000009115,154,8,3850,LIGHTWEIGHT,7.650000000000889,7.650304499991196,0.034,True,155
3859,7.718000000000912,154,9,3850,LIGHTWEIGHT,7.650000000000889,7.650304499991196,0.032,True,155
3860,7.720000000000913,154,10,3850,LIGHTWEIGHT,7.650000000000889,7.650304499991196,0.03,True,155
3861,7.7220000000009135,154,11,3850,LIGHTWEIGHT,7.650000000000889,7.650304499991196,0.028,True,155
3862,7.724000000000914,154,12,3850,LIGHTWEIGHT,7.650000000000889,7.650304499991196,0.026000000000000002,True,155
3863,7.726000000000915,154,13,3850,LIGHTWEIGHT,7.650000000000889,7.650304499991196,0.024,True,155
3864,7.7280000000009155,154,14,3850,LIGHTWEIGHT,7.650000000000889,7.650304499991196,0.022,True,155
3865,7.730000000000916,154,15,3850,LIGHTWEIGHT,7.650000000000889,7.650304499991196,0.02,True,155
3866,7.732000000000917,154,16,3850,LIGHTWEIGHT,7.650000000000889,7.650304499991196,0.018000000000000002,True,155
3867,7.7340000000009175,154,17,3850,LIGHTWEIGHT,7.650000000000889,7.650304499991196,0.016,True,155
3868,7.736000000000918,154,18,3850,LIGHTWEIGHT,7.650000000000889,7.650304499991196,0.014,True,155
3869,7.738000000000919,154,19,3850,LIGHTWEIGHT,7.650000000000889,7.650304499991196,0.012,True,155
3870,7.7400000000009195,154,20,3850,LIGHTWEIGHT,7.650000000000889,7.650304499991196,0.01,True,155
3871,7.74200000000092,154,21,3850,LIGHTWEIGHT,7.650000000000889,7.650304499991196,0.008,True,155
3872,7.744000000000921,154,22,3850,LIGHTWEIGHT,7.650000000000889,7.650304499991196,0.006,True,155
3873,7.7460000000009215,154,23,3850,LIGHTWEIGHT,7.650000000000889,7.650304499991196,0.004,True,155
3874,7.748000000000922,154,24,3850,LIGHTWEIGHT,7.650000000000889,7.650304499991196,0.002,True,155
3875,7.750000000000923,155,0,3875,LIGHTWEIGHT,7.700000000000906,7.70027249998038,0.05,False,
3876,7.7520000000009235,155,1,3875,LIGHTWEIGHT,7.700000000000906,7.70027249998038,0.048,True,156
3877,7.754000000000924,155,2,3875,LIGHTWEIGHT,7.700000000000906,7.70027249998038,0.046,True,156
3878,7.756000000000925,155,3,3875,LIGHTWEIGHT,7.700000000000906,7.70027249998038,0.044,True,156
3879,7.7580000000009255,155,4,3875,LIGHTWEIGHT,7.700000000000906,7.70027249998038,0.042,True,156
3880,7.760000000000926,155,5,3875,LIGHTWEIGHT,7.700000000000906,7.70027249998038,0.04,True,156
3881,7.762000000000927,155,6,3875,LIGHTWEIGHT,7.700000000000906,7.70027249998038,0.038,True,156
3882,7.7640000000009275,155,7,3875,LIGHTWEIGHT,7.700000000000906,7.70027249998038,0.036000000000000004,True,156
3883,7.766000000000928,155,8,3875,LIGHTWEIGHT,7.700000000000906,7.70027249998038,0.034,True,156
3884,7.768000000000929,155,9,3875,LIGHTWEIGHT,7.700000000000906,7.70027249998038,0.032,True,156
3885,7.7700000000009295,155,10,3875,LIGHTWEIGHT,7.700000000000906,7.70027249998038,0.03,True,156
3886,7.77200000000093,155,11,3875,LIGHTWEIGHT,7.700000000000906,7.70027249998038,0.028,True,156
3887,7.774000000000931,155,12,3875,LIGHTWEIGHT,7.700000000000906,7.70027249998038,0.026000000000000002,True,156
3888,7.7760000000009315,155,13,3875,LIGHTWEIGHT,7.700000000000906,7.70027249998038,0.024,True,156
3889,7.778000000000932,155,14,3875,LIGHTWEIGHT,7.700000000000906,7.70027249998038,0.022,True,156
3890,7.780000000000933,155,15,3875,LIGHTWEIGHT,7.700000000000906,7.70027249998038,0.02,True,156
3891,7.7820000000009335,155,16,3875,LIGHTWEIGHT,7.700000000000906,7.70027249998038,0.018000000000000002,True,156
3892,7.784000000000934,155,17,3875,LIGHTWEIGHT,7.700000000000906,7.70027249998038,0.016,True,156
3893,7.786000000000935,155,18,3875,LIGHTWEIGHT,7.700000000000906,7.70027249998038,0.014,True,156
3894,7.7880000000009355,155,19,3875,LIGHTWEIGHT,7.700000000000906,7.70027249998038,0.012,True,156
3895,7.790000000000936,155,20,3875,LIGHTWEIGHT,7.700000000000906,7.70027249998038,0.01,True,156
3896,7.792000000000937,155,21,3875,LIGHTWEIGHT,7.700000000000906,7.70027249998038,0.008,True,156
3897,7.7940000000009375,155,22,3875,LIGHTWEIGHT,7.700000000000906,7.70027249998038,0.006,True,156
3898,7.796000000000938,155,23,3875,LIGHTWEIGHT,7.700000000000906,7.70027249998038,0.004,True,156
3899,7.798000000000939,155,24,3875,LIGHTWEIGHT,7.700000000000906,7.70027249998038,0.002,True,156
3900,7.8000000000009395,156,0,3900,LIGHTWEIGHT,7.750000000000923,7.7502673999415626,0.05,False,
3901,7.80200000000094,156,1,3900,LIGHTWEIGHT,7.750000000000923,7.7502673999415626,0.048,True,157
3902,7.804000000000941,156,2,3900,LIGHTWEIGHT,7.750000000000923,7.7502673999415626,0.046,True,157
3903,7.8060000000009415,156,3,3900,LIGHTWEIGHT,7.750000000000923,7.7502673999415626,0.044,True,157
3904,7.808000000000942,156,4,3900,LIGHTWEIGHT,7.750000000000923,7.7502673999415626,0.042,True,157
3905,7.810000000000943,156,5,3900,LIGHTWEIGHT,7.750000000000923,7.7502673999415626,0.04,True,157
3906,7.8120000000009435,156,6,3900,LIGHTWEIGHT,7.750000000000923,7.7502673999415626,0.038,True,157
3907,7.814000000000944,156,7,3900,LIGHTWEIGHT,7.750000000000923,7.7502673999415626,0.036000000000000004,True,157
3908,7.816000000000945,156,8,3900,LIGHTWEIGHT,7.750000000000923,7.7502673999415626,0.034,True,157
3909,7.8180000000009455,156,9,3900,LIGHTWEIGHT,7.750000000000923,7.7502673999415626,0.032,True,157
3910,7.820000000000946,156,10,3900,LIGHTWEIGHT,7.750000000000923,7.7502673999415626,0.03,True,157
3911,7.822000000000947,156,11,3900,LIGHTWEIGHT,7.750000000000923,7.7502673999415626,0.028,True,157
3912,7.8240000000009475,156,12,3900,LIGHTWEIGHT,7.750000000000923,7.7502673999415626,0.026000000000000002,True,157
3913,7.826000000000948,156,13,3900,LIGHTWEIGHT,7.750000000000923,7.7502673999415626,0.024,True,157
3914,7.828000000000949,156,14,3900,LIGHTWEIGHT,7.750000000000923,7.7502673999415626,0.022,True,157
3915,7.8300000000009495,156,15,3900,LIGHTWEIGHT,7.750000000000923,7.7502673999415626,0.02,True,157
3916,7.83200000000095,156,16,3900,LIGHTWEIGHT,7.750000000000923,7.7502673999415626,0.018000000000000002,True,157
3917,7.834000000000951,156,17,3900,LIGHTWEIGHT,7.750000000000923,7.7502673999415626,0.016,True,157
3918,7.8360000000009515,156,18,3900,LIGHTWEIGHT,7.750000000000923,7.7502673999415626,0.014,True,157
3919,7.838000000000952,156,19,3900,LIGHTWEIGHT,7.750000000000923,7.7502673999415626,0.012,True,157
3920,7.840000000000953,156,20,3900,LIGHTWEIGHT,7.750000000000923,7.7502673999415626,0.01,True,157
3921,7.8420000000009535,156,21,3900,LIGHTWEIGHT,7.750000000000923,7.7502673999415626,0.008,True,157
3922,7.844000000000954,156,22,3900,LIGHTWEIGHT,7.750000000000923,7.7502673999415626,0.006,True,157
3923,7.846000000000955,156,23,3900,LIGHTWEIGHT,7.750000000000923,7.7502673999415626,0.004,True,157
3924,7.8480000000009555,156,24,3900,LIGHTWEIGHT,7.750000000000923,7.7502673999415626,0.002,True,157
3925,7.850000000000956,157,0,3925,LIGHTWEIGHT,7.8000000000009395,7.800276600011633,0.05,False,
3926,7.852000000000957,157,1,3925,LIGHTWEIGHT,7.8000000000009395,7.800276600011633,0.048,True,158
3927,7.8540000000009575,157,2,3925,LIGHTWEIGHT,7.8000000000009395,7.800276600011633,0.046,True,158
3928,7.856000000000958,157,3,3925,LIGHTWEIGHT,7.8000000000009395,7.800276600011633,0.044,True,158
3929,7.858000000000959,157,4,3925,LIGHTWEIGHT,7.8000000000009395,7.800276600011633,0.042,True,158
3930,7.8600000000009596,157,5,3925,LIGHTWEIGHT,7.8000000000009395,7.800276600011633,0.04,True,158
3931,7.86200000000096,157,6,3925,LIGHTWEIGHT,7.8000000000009395,7.800276600011633,0.038,True,158
3932,7.864000000000961,157,7,3925,LIGHTWEIGHT,7.8000000000009395,7.800276600011633,0.036000000000000004,True,158
3933,7.866000000000962,157,8,3925,LIGHTWEIGHT,7.8000000000009395,7.800276600011633,0.034,True,158
3934,7.868000000000962,157,9,3925,LIGHTWEIGHT,7.8000000000009395,7.800276600011633,0.032,True,158
3935,7.870000000000963,157,10,3925,LIGHTWEIGHT,7.8000000000009395,7.800276600011633,0.03,True,158
3936,7.872000000000964,157,11,3925,LIGHTWEIGHT,7.8000000000009395,7.800276600011633,0.028,True,158
3937,7.874000000000964,157,12,3925,LIGHTWEIGHT,7.8000000000009395,7.800276600011633,0.026000000000000002,True,158
3938,7.876000000000965,157,13,3925,LIGHTWEIGHT,7.8000000000009395,7.800276600011633,0.024,True,158
3939,7.878000000000966,157,14,3925,LIGHTWEIGHT,7.8000000000009395,7.800276600011633,0.022,True,158
3940,7.880000000000966,157,15,3925,LIGHTWEIGHT,7.8000000000009395,7.800276600011633,0.02,True,158
3941,7.882000000000967,157,16,3925,LIGHTWEIGHT,7.8000000000009395,7.800276600011633,0.018000000000000002,True,158
3942,7.884000000000968,157,17,3925,LIGHTWEIGHT,7.8000000000009395,7.800276600011633,0.016,True,158
3943,7.886000000000968,157,18,3925,LIGHTWEIGHT,7.8000000000009395,7.800276600011633,0.014,True,158
3944,7.888000000000969,157,19,3925,LIGHTWEIGHT,7.8000000000009395,7.800276600011633,0.012,True,158
3945,7.89000000000097,157,20,3925,LIGHTWEIGHT,7.8000000000009395,7.800276600011633,0.01,True,158
3946,7.89200000000097,157,21,3925,LIGHTWEIGHT,7.8000000000009395,7.800276600011633,0.008,True,158
3947,7.894000000000971,157,22,3925,LIGHTWEIGHT,7.8000000000009395,7.800276600011633,0.006,True,158
3948,7.896000000000972,157,23,3925,LIGHTWEIGHT,7.8000000000009395,7.800276600011633,0.004,True,158
3949,7.898000000000972,157,24,3925,LIGHTWEIGHT,7.8000000000009395,7.800276600011633,0.002,True,158
3950,7.900000000000973,158,0,3950,LIGHTWEIGHT,7.850000000000956,7.850338700018848,0.05,False,
3951,7.902000000000974,158,1,3950,LIGHTWEIGHT,7.850000000000956,7.850338700018848,0.048,True,159
3952,7.904000000000974,158,2,3950,LIGHTWEIGHT,7.850000000000956,7.850338700018848,0.046,True,159
3953,7.906000000000975,158,3,3950,LIGHTWEIGHT,7.850000000000956,7.850338700018848,0.044,True,159
3954,7.908000000000976,158,4,3950,LIGHTWEIGHT,7.850000000000956,7.850338700018848,0.042,True,159
3955,7.910000000000976,158,5,3950,LIGHTWEIGHT,7.850000000000956,7.850338700018848,0.04,True,159
3956,7.912000000000977,158,6,3950,LIGHTWEIGHT,7.850000000000956,7.850338700018848,0.038,True,159
3957,7.914000000000978,158,7,3950,LIGHTWEIGHT,7.850000000000956,7.850338700018848,0.036000000000000004,True,159
3958,7.916000000000978,158,8,3950,LIGHTWEIGHT,7.850000000000956,7.850338700018848,0.034,True,159
3959,7.918000000000979,158,9,3950,LIGHTWEIGHT,7.850000000000956,7.850338700018848,0.032,True,159
3960,7.92000000000098,158,10,3950,LIGHTWEIGHT,7.850000000000956,7.850338700018848,0.03,True,159
3961,7.92200000000098,158,11,3950,LIGHTWEIGHT,7.850000000000956,7.850338700018848,0.028,True,159
3962,7.924000000000981,158,12,3950,LIGHTWEIGHT,7.850000000000956,7.850338700018848,0.026000000000000002,True,159
3963,7.926000000000982,158,13,3950,LIGHTWEIGHT,7.850000000000956,7.850338700018848,0.024,True,159
3964,7.928000000000982,158,14,3950,LIGHTWEIGHT,7.850000000000956,7.850338700018848,0.022,True,159
3965,7.930000000000983,158,15,3950,LIGHTWEIGHT,7.850000000000956,7.850338700018848,0.02,True,159
3966,7.932000000000984,158,16,3950,LIGHTWEIGHT,7.850000000000956,7.850338700018848,0.018000000000000002,True,159
3967,7.934000000000984,158,17,3950,LIGHTWEIGHT,7.850000000000956,7.850338700018848,0.016,True,159
3968,7.936000000000985,158,18,3950,LIGHTWEIGHT,7.850000000000956,7.850338700018848,0.014,True,159
3969,7.938000000000986,158,19,3950,LIGHTWEIGHT,7.850000000000956,7.850338700018848,0.012,True,159
3970,7.940000000000986,158,20,3950,LIGHTWEIGHT,7.850000000000956,7.850338700018848,0.01,True,159
3971,7.942000000000987,158,21,3950,LIGHTWEIGHT,7.850000000000956,7.850338700018848,0.008,True,159
3972,7.944000000000988,158,22,3950,LIGHTWEIGHT,7.850000000000956,7.850338700018848,0.006,True,159
3973,7.946000000000988,158,23,3950,LIGHTWEIGHT,7.850000000000956,7.850338700018848,0.004,True,159
3974,7.948000000000989,158,24,3950,LIGHTWEIGHT,7.850000000000956,7.850338700018848,0.002,True,159
3975,7.95000000000099,159,0,3975,LIGHTWEIGHT,7.900000000000973,7.900271199970548,0.05,False,
3976,7.95200000000099,159,1,3975,LIGHTWEIGHT,7.900000000000973,7.900271199970548,0.048,True,160
3977,7.954000000000991,159,2,3975,LIGHTWEIGHT,7.900000000000973,7.900271199970548,0.046,True,160
3978,7.956000000000992,159,3,3975,LIGHTWEIGHT,7.900000000000973,7.900271199970548,0.044,True,160
3979,7.958000000000992,159,4,3975,LIGHTWEIGHT,7.900000000000973,7.900271199970548,0.042,True,160
3980,7.960000000000993,159,5,3975,LIGHTWEIGHT,7.900000000000973,7.900271199970548,0.04,True,160
3981,7.962000000000994,159,6,3975,LIGHTWEIGHT,7.900000000000973,7.900271199970548,0.038,True,160
3982,7.964000000000994,159,7,3975,LIGHTWEIGHT,7.900000000000973,7.900271199970548,0.036000000000000004,True,160
3983,7.966000000000995,159,8,3975,LIGHTWEIGHT,7.900000000000973,7.900271199970548,0.034,True,160
3984,7.968000000000996,159,9,3975,LIGHTWEIGHT,7.900000000000973,7.900271199970548,0.032,True,160
3985,7.970000000000996,159,10,3975,LIGHTWEIGHT,7.900000000000973,7.900271199970548,0.03,True,160
3986,7.972000000000997,159,11,3975,LIGHTWEIGHT,7.900000000000973,7.900271199970548,0.028,True,160
3987,7.974000000000998,159,12,3975,LIGHTWEIGHT,7.900000000000973,7.900271199970548,0.026000000000000002,True,160
3988,7.976000000000998,159,13,3975,LIGHTWEIGHT,7.900000000000973,7.900271199970548,0.024,True,160
3989,7.978000000000999,159,14,3975,LIGHTWEIGHT,7.900000000000973,7.900271199970548,0.022,True,160
3990,7.980000000001,159,15,3975,LIGHTWEIGHT,7.900000000000973,7.900271199970548,0.02,True,160
3991,7.982000000001,159,16,3975,LIGHTWEIGHT,7.900000000000973,7.900271199970548,0.018000000000000002,True,160
3992,7.984000000001001,159,17,3975,LIGHTWEIGHT,7.900000000000973,7.900271199970548,0.016,True,160
3993,7.986000000001002,159,18,3975,LIGHTWEIGHT,7.900000000000973,7.900271199970548,0.014,True,160
3994,7.988000000001002,159,19,3975,LIGHTWEIGHT,7.900000000000973,7.900271199970548,0.012,True,160
3995,7.990000000001003,159,20,3975,LIGHTWEIGHT,7.900000000000973,7.900271199970548,0.01,True,160
3996,7.992000000001004,159,21,3975,LIGHTWEIGHT,7.900000000000973,7.900271199970548,0.008,True,160
3997,7.994000000001004,159,22,3975,LIGHTWEIGHT,7.900000000000973,7.900271199970548,0.006,True,160
3998,7.996000000001005,159,23,3975,LIGHTWEIGHT,7.900000000000973,7.900271199970548,0.004,True,160
3999,7.998000000001006,159,24,3975,LIGHTWEIGHT,7.900000000000973,7.900271199970548,0.002,True,160
4000,8.000000000001005,160,0,4000,LIGHTWEIGHT,7.95000000000099,7.950279400033003,0.05,False,
4001,8.002000000001004,160,1,4000,LIGHTWEIGHT,7.95000000000099,7.950279400033003,0.048,True,161
4002,8.004000000001003,160,2,4000,LIGHTWEIGHT,7.95000000000099,7.950279400033003,0.046,True,161
4003,8.006000000001002,160,3,4000,LIGHTWEIGHT,7.95000000000099,7.950279400033003,0.044,True,161
4004,8.008000000001001,160,4,4000,LIGHTWEIGHT,7.95000000000099,7.950279400033003,0.042,True,161
4005,8.010000000001,160,5,4000,LIGHTWEIGHT,7.95000000000099,7.950279400033003,0.04,True,161
4006,8.012000000000999,160,6,4000,LIGHTWEIGHT,7.95000000000099,7.950279400033003,0.038,True,161
4007,8.014000000000998,160,7,4000,LIGHTWEIGHT,7.95000000000099,7.950279400033003,0.036000000000000004,True,161
4008,8.016000000000997,160,8,4000,LIGHTWEIGHT,7.95000000000099,7.950279400033003,0.034,True,161
4009,8.018000000000995,160,9,4000,LIGHTWEIGHT,7.95000000000099,7.950279400033003,0.032,True,161
4010,8.020000000000994,160,10,4000,LIGHTWEIGHT,7.95000000000099,7.950279400033003,0.03,True,161
4011,8.022000000000993,160,11,4000,LIGHTWEIGHT,7.95000000000099,7.950279400033003,0.028,True,161
4012,8.024000000000992,160,12,4000,LIGHTWEIGHT,7.95000000000099,7.950279400033003,0.026000000000000002,True,161
4013,8.026000000000991,160,13,4000,LIGHTWEIGHT,7.95000000000099,7.950279400033003,0.024,True,161
4014,8.02800000000099,160,14,4000,LIGHTWEIGHT,7.95000000000099,7.950279400033003,0.022,True,161
4015,8.030000000000989,160,15,4000,LIGHTWEIGHT,7.95000000000099,7.950279400033003,0.02,True,161
4016,8.032000000000988,160,16,4000,LIGHTWEIGHT,7.95000000000099,7.950279400033003,0.018000000000000002,True,161
4017,8.034000000000987,160,17,4000,LIGHTWEIGHT,7.95000000000099,7.950279400033003,0.016,True,161
4018,8.036000000000985,160,18,4000,LIGHTWEIGHT,7.95000000000099,7.950279400033003,0.014,True,161
4019,8.038000000000984,160,19,4000,LIGHTWEIGHT,7.95000000000099,7.950279400033003,0.012,True,161
4020,8.040000000000983,160,20,4000,LIGHTWEIGHT,7.95000000000099,7.950279400033003,0.01,True,161
4021,8.042000000000982,160,21,4000,LIGHTWEIGHT,7.95000000000099,7.950279400033003,0.008,True,161
4022,8.044000000000981,160,22,4000,LIGHTWEIGHT,7.95000000000099,7.950279400033003,0.006,True,161
4023,8.04600000000098,160,23,4000,LIGHTWEIGHT,7.95000000000099,7.950279400033003,0.004,True,161
4024,8.048000000000979,160,24,4000,LIGHTWEIGHT,7.95000000000099,7.950279400033003,0.002,True,161
4025,8.050000000000978,161,0,4025,LIGHTWEIGHT,8.000000000001005,8.00029090000417,0.05,False,
4026,8.052000000000977,161,1,4025,LIGHTWEIGHT,8.000000000001005,8.00029090000417,0.048,True,162
4027,8.054000000000975,161,2,4025,LIGHTWEIGHT,8.000000000001005,8.00029090000417,0.046,True,162
4028,8.056000000000974,161,3,4025,LIGHTWEIGHT,8.000000000001005,8.00029090000417,0.044,True,162
4029,8.058000000000973,161,4,4025,LIGHTWEIGHT,8.000000000001005,8.00029090000417,0.042,True,162
4030,8.060000000000972,161,5,4025,LIGHTWEIGHT,8.000000000001005,8.00029090000417,0.04,True,162
4031,8.062000000000971,161,6,4025,LIGHTWEIGHT,8.000000000001005,8.00029090000417,0.038,True,162
4032,8.06400000000097,161,7,4025,LIGHTWEIGHT,8.000000000001005,8.00029090000417,0.036000000000000004,True,162
4033,8.066000000000969,161,8,4025,LIGHTWEIGHT,8.000000000001005,8.00029090000417,0.034,True,162
4034,8.068000000000968,161,9,4025,LIGHTWEIGHT,8.000000000001005,8.00029090000417,0.032,True,162
4035,8.070000000000967,161,10,4025,LIGHTWEIGHT,8.000000000001005,8.00029090000417,0.03,True,162
4036,8.072000000000966,161,11,4025,LIGHTWEIGHT,8.000000000001005,8.00029090000417,0.028,True,162
4037,8.074000000000964,161,12,4025,LIGHTWEIGHT,8.000000000001005,8.00029090000417,0.026000000000000002,True,162
4038,8.076000000000963,161,13,4025,LIGHTWEIGHT,8.000000000001005,8.00029090000417,0.024,True,162
4039,8.078000000000962,161,14,4025,LIGHTWEIGHT,8.000000000001005,8.00029090000417,0.022,True,162
4040,8.080000000000961,161,15,4025,LIGHTWEIGHT,8.000000000001005,8.00029090000417,0.02,True,162
4041,8.08200000000096,161,16,4025,LIGHTWEIGHT,8.000000000001005,8.00029090000417,0.018000000000000002,True,162
4042,8.084000000000959,161,17,4025,LIGHTWEIGHT,8.000000000001005,8.00029090000417,0.016,True,162
4043,8.086000000000958,161,18,4025,LIGHTWEIGHT,8.000000000001005,8.00029090000417,0.014,True,162
4044,8.088000000000957,161,19,4025,LIGHTWEIGHT,8.000000000001005,8.00029090000417,0.012,True,162
4045,8.090000000000956,161,20,4025,LIGHTWEIGHT,8.000000000001005,8.00029090000417,0.01,True,162
4046,8.092000000000954,161,21,4025,LIGHTWEIGHT,8.000000000001005,8.00029090000417,0.008,True,162
4047,8.094000000000953,161,22,4025,LIGHTWEIGHT,8.000000000001005,8.00029090000417,0.006,True,162
4048,8.096000000000952,161,23,4025,LIGHTWEIGHT,8.000000000001005,8.00029090000417,0.004,True,162
4049,8.098000000000951,161,24,4025,LIGHTWEIGHT,8.000000000001005,8.00029090000417,0.002,True,162
4050,8.10000000000095,162,0,4050,LIGHTWEIGHT,8.050000000000978,8.050267499942379,0.05,False,
4051,8.102000000000949,162,1,4050,LIGHTWEIGHT,8.050000000000978,8.050267499942379,0.048,True,163
4052,8.104000000000948,162,2,4050,LIGHTWEIGHT,8.050000000000978,8.050267499942379,0.046,True,163
4053,8.106000000000947,162,3,4050,LIGHTWEIGHT,8.050000000000978,8.050267499942379,0.044,True,163
4054,8.108000000000946,162,4,4050,LIGHTWEIGHT,8.050000000000978,8.050267499942379,0.042,True,163
4055,8.110000000000944,162,5,4050,LIGHTWEIGHT,8.050000000000978,8.050267499942379,0.04,True,163
4056,8.112000000000943,162,6,4050,LIGHTWEIGHT,8.050000000000978,8.050267499942379,0.038,True,163
4057,8.114000000000942,162,7,4050,LIGHTWEIGHT,8.050000000000978,8.050267499942379,0.036000000000000004,True,163
4058,8.116000000000941,162,8,4050,LIGHTWEIGHT,8.050000000000978,8.050267499942379,0.034,True,163
4059,8.11800000000094,162,9,4050,LIGHTWEIGHT,8.050000000000978,8.050267499942379,0.032,True,163
4060,8.120000000000939,162,10,4050,LIGHTWEIGHT,8.050000000000978,8.050267499942379,0.03,True,163
4061,8.122000000000938,162,11,4050,LIGHTWEIGHT,8.050000000000978,8.050267499942379,0.028,True,163
4062,8.124000000000937,162,12,4050,LIGHTWEIGHT,8.050000000000978,8.050267499942379,0.026000000000000002,True,163
4063,8.126000000000936,162,13,4050,LIGHTWEIGHT,8.050000000000978,8.050267499942379,0.024,True,163
4064,8.128000000000934,162,14,4050,LIGHTWEIGHT,8.050000000000978,8.050267499942379,0.022,True,163
4065,8.130000000000933,162,15,4050,LIGHTWEIGHT,8.050000000000978,8.050267499942379,0.02,True,163
4066,8.132000000000932,162,16,4050,LIGHTWEIGHT,8.050000000000978,8.050267499942379,0.018000000000000002,True,163
4067,8.134000000000931,162,17,4050,LIGHTWEIGHT,8.050000000000978,8.050267499942379,0.016,True,163
4068,8.13600000000093,162,18,4050,LIGHTWEIGHT,8.050000000000978,8.050267499942379,0.014,True,163
4069,8.138000000000929,162,19,4050,LIGHTWEIGHT,8.050000000000978,8.050267499942379,0.012,True,163
4070,8.140000000000928,162,20,4050,LIGHTWEIGHT,8.050000000000978,8.050267499942379,0.01,True,163
4071,8.142000000000927,162,21,4050,LIGHTWEIGHT,8.050000000000978,8.050267499942379,0.008,True,163
4072,8.144000000000926,162,22,4050,LIGHTWEIGHT,8.050000000000978,8.050267499942379,0.006,True,163
4073,8.146000000000925,162,23,4050,LIGHTWEIGHT,8.050000000000978,8.050267499942379,0.004,True,163
4074,8.148000000000923,162,24,4050,LIGHTWEIGHT,8.050000000000978,8.050267499942379,0.002,True,163
4075,8.150000000000922,163,0,4075,LIGHTWEIGHT,8.10000000000095,8.100274599996414,0.05,False,
4076,8.152000000000921,163,1,4075,LIGHTWEIGHT,8.10000000000095,8.100274599996414,0.048,True,164
4077,8.15400000000092,163,2,4075,LIGHTWEIGHT,8.10000000000095,8.100274599996414,0.046,True,164
4078,8.156000000000919,163,3,4075,LIGHTWEIGHT,8.10000000000095,8.100274599996414,0.044,True,164
4079,8.158000000000918,163,4,4075,LIGHTWEIGHT,8.10000000000095,8.100274599996414,0.042,True,164
4080,8.160000000000917,163,5,4075,LIGHTWEIGHT,8.10000000000095,8.100274599996414,0.04,True,164
4081,8.162000000000916,163,6,4075,LIGHTWEIGHT,8.10000000000095,8.100274599996414,0.038,True,164
4082,8.164000000000915,163,7,4075,LIGHTWEIGHT,8.10000000000095,8.100274599996414,0.036000000000000004,True,164
4083,8.166000000000913,163,8,4075,LIGHTWEIGHT,8.10000000000095,8.100274599996414,0.034,True,164
4084,8.168000000000912,163,9,4075,LIGHTWEIGHT,8.10000000000095,8.100274599996414,0.032,True,164
4085,8.170000000000911,163,10,4075,LIGHTWEIGHT,8.10000000000095,8.100274599996414,0.03,True,164
4086,8.17200000000091,163,11,4075,LIGHTWEIGHT,8.10000000000095,8.100274599996414,0.028,True,164
4087,8.174000000000909,163,12,4075,LIGHTWEIGHT,8.10000000000095,8.100274599996414,0.026000000000000002,True,164
4088,8.176000000000908,163,13,4075,LIGHTWEIGHT,8.10000000000095,8.100274599996414,0.024,True,164
4089,8.178000000000907,163,14,4075,LIGHTWEIGHT,8.10000000000095,8.100274599996414,0.022,True,164
4090,8.180000000000906,163,15,4075,LIGHTWEIGHT,8.10000000000095,8.100274599996414,0.02,True,164
4091,8.182000000000905,163,16,4075,LIGHTWEIGHT,8.10000000000095,8.100274599996414,0.018000000000000002,True,164
4092,8.184000000000903,163,17,4075,LIGHTWEIGHT,8.10000000000095,8.100274599996414,0.016,True,164
4093,8.186000000000902,163,18,4075,LIGHTWEIGHT,8.10000000000095,8.100274599996414,0.014,True,164
4094,8.188000000000901,163,19,4075,LIGHTWEIGHT,8.10000000000095,8.100274599996414,0.012,True,164
4095,8.1900000000009,163,20,4075,LIGHTWEIGHT,8.10000000000095,8.100274599996414,0.01,True,164
4096,8.192000000000899,163,21,4075,LIGHTWEIGHT,8.10000000000095,8.100274599996414,0.008,True,164
4097,8.194000000000898,163,22,4075,LIGHTWEIGHT,8.10000000000095,8.100274599996414,0.006,True,164
4098,8.196000000000897,163,23,4075,LIGHTWEIGHT,8.10000000000095,8.100274599996414,0.004,True,164
4099,8.198000000000896,163,24,4075,LIGHTWEIGHT,8.10000000000095,8.100274599996414,0.002,True,164
4100,8.200000000000895,164,0,4100,LIGHTWEIGHT,8.150000000000922,8.150278700027606,0.05,False,
4101,8.202000000000893,164,1,4100,LIGHTWEIGHT,8.150000000000922,8.150278700027606,0.048,True,165
4102,8.204000000000892,164,2,4100,LIGHTWEIGHT,8.150000000000922,8.150278700027606,0.046,True,165
4103,8.206000000000891,164,3,4100,LIGHTWEIGHT,8.150000000000922,8.150278700027606,0.044,True,165
4104,8.20800000000089,164,4,4100,LIGHTWEIGHT,8.150000000000922,8.150278700027606,0.042,True,165
4105,8.210000000000889,164,5,4100,LIGHTWEIGHT,8.150000000000922,8.150278700027606,0.04,True,165
4106,8.212000000000888,164,6,4100,LIGHTWEIGHT,8.150000000000922,8.150278700027606,0.038,True,165
4107,8.214000000000887,164,7,4100,LIGHTWEIGHT,8.150000000000922,8.150278700027606,0.036000000000000004,True,165
4108,8.216000000000886,164,8,4100,LIGHTWEIGHT,8.150000000000922,8.150278700027606,0.034,True,165
4109,8.218000000000885,164,9,4100,LIGHTWEIGHT,8.150000000000922,8.150278700027606,0.032,True,165
4110,8.220000000000883,164,10,4100,LIGHTWEIGHT,8.150000000000922,8.150278700027606,0.03,True,165
4111,8.222000000000882,164,11,4100,LIGHTWEIGHT,8.150000000000922,8.150278700027606,0.028,True,165
4112,8.224000000000881,164,12,4100,LIGHTWEIGHT,8.150000000000922,8.150278700027606,0.026000000000000002,True,165
4113,8.22600000000088,164,13,4100,LIGHTWEIGHT,8.150000000000922,8.150278700027606,0.024,True,165
4114,8.228000000000879,164,14,4100,LIGHTWEIGHT,8.150000000000922,8.150278700027606,0.022,True,165
4115,8.230000000000878,164,15,4100,LIGHTWEIGHT,8.150000000000922,8.150278700027606,0.02,True,165
4116,8.232000000000877,164,16,4100,LIGHTWEIGHT,8.150000000000922,8.150278700027606,0.018000000000000002,True,165
4117,8.234000000000876,164,17,4100,LIGHTWEIGHT,8.150000000000922,8.150278700027606,0.016,True,165
4118,8.236000000000875,164,18,4100,LIGHTWEIGHT,8.150000000000922,8.150278700027606,0.014,True,165
4119,8.238000000000874,164,19,4100,LIGHTWEIGHT,8.150000000000922,8.150278700027606,0.012,True,165
4120,8.240000000000872,164,20,4100,LIGHTWEIGHT,8.150000000000922,8.150278700027606,0.01,True,165
4121,8.242000000000871,164,21,4100,LIGHTWEIGHT,8.150000000000922,8.150278700027606,0.008,True,165
4122,8.24400000000087,164,22,4100,LIGHTWEIGHT,8.150000000000922,8.150278700027606,0.006,True,165
4123,8.246000000000869,164,23,4100,LIGHTWEIGHT,8.150000000000922,8.150278700027606,0.004,True,165
4124,8.248000000000868,164,24,4100,LIGHTWEIGHT,8.150000000000922,8.150278700027606,0.002,True,165
4125,8.250000000000867,165,0,4125,LIGHTWEIGHT,8.200000000000895,8.200342100044676,0.05,False,
4126,8.252000000000866,165,1,4125,LIGHTWEIGHT,8.200000000000895,8.200342100044676,0.048,True,166
4127,8.254000000000865,165,2,4125,LIGHTWEIGHT,8.200000000000895,8.200342100044676,0.046,True,166
4128,8.256000000000864,165,3,4125,LIGHTWEIGHT,8.200000000000895,8.200342100044676,0.044,True,166
4129,8.258000000000862,165,4,4125,LIGHTWEIGHT,8.200000000000895,8.200342100044676,0.042,True,166
4130,8.260000000000861,165,5,4125,LIGHTWEIGHT,8.200000000000895,8.200342100044676,0.04,True,166
4131,8.26200000000086,165,6,4125,LIGHTWEIGHT,8.200000000000895,8.200342100044676,0.038,True,166
4132,8.264000000000859,165,7,4125,LIGHTWEIGHT,8.200000000000895,8.200342100044676,0.036000000000000004,True,166
4133,8.266000000000858,165,8,4125,LIGHTWEIGHT,8.200000000000895,8.200342100044676,0.034,True,166
4134,8.268000000000857,165,9,4125,LIGHTWEIGHT,8.200000000000895,8.200342100044676,0.032,True,166
4135,8.270000000000856,165,10,4125,LIGHTWEIGHT,8.200000000000895,8.200342100044676,0.03,True,166
4136,8.272000000000855,165,11,4125,LIGHTWEIGHT,8.200000000000895,8.200342100044676,0.028,True,166
4137,8.274000000000854,165,12,4125,LIGHTWEIGHT,8.200000000000895,8.200342100044676,0.026000000000000002,True,166
4138,8.276000000000852,165,13,4125,LIGHTWEIGHT,8.200000000000895,8.200342100044676,0.024,True,166
4139,8.278000000000851,165,14,4125,LIGHTWEIGHT,8.200000000000895,8.200342100044676,0.022,True,166
4140,8.28000000000085,165,15,4125,LIGHTWEIGHT,8.200000000000895,8.200342100044676,0.02,True,166
4141,8.28200000000085,165,16,4125,LIGHTWEIGHT,8.200000000000895,8.200342100044676,0.018000000000000002,True,166
4142,8.284000000000848,165,17,4125,LIGHTWEIGHT,8.200000000000895,8.200342100044676,0.016,True,166
4143,8.286000000000847,165,18,4125,LIGHTWEIGHT,8.200000000000895,8.200342100044676,0.014,True,166
4144,8.288000000000846,165,19,4125,LIGHTWEIGHT,8.200000000000895,8.200342100044676,0.012,True,166
4145,8.290000000000845,165,20,4125,LIGHTWEIGHT,8.200000000000895,8.200342100044676,0.01,True,166
4146,8.292000000000844,165,21,4125,LIGHTWEIGHT,8.200000000000895,8.200342100044676,0.008,True,166
4147,8.294000000000842,165,22,4125,LIGHTWEIGHT,8.200000000000895,8.200342100044676,0.006,True,166
4148,8.296000000000841,165,23,4125,LIGHTWEIGHT,8.200000000000895,8.200342100044676,0.004,True,166
4149,8.29800000000084,165,24,4125,LIGHTWEIGHT,8.200000000000895,8.200342100044676,0.002,True,166
4150,8.30000000000084,166,0,4150,LIGHTWEIGHT,8.250000000000867,8.25027829990809,0.05,False,
4151,8.302000000000838,166,1,4150,LIGHTWEIGHT,8.250000000000867,8.25027829990809,0.048,True,167
4152,8.304000000000837,166,2,4150,LIGHTWEIGHT,8.250000000000867,8.25027829990809,0.046,True,167
4153,8.306000000000836,166,3,4150,LIGHTWEIGHT,8.250000000000867,8.25027829990809,0.044,True,167
4154,8.308000000000835,166,4,4150,LIGHTWEIGHT,8.250000000000867,8.25027829990809,0.042,True,167
4155,8.310000000000834,166,5,4150,LIGHTWEIGHT,8.250000000000867,8.25027829990809,0.04,True,167
4156,8.312000000000833,166,6,4150,LIGHTWEIGHT,8.250000000000867,8.25027829990809,0.038,True,167
4157,8.314000000000831,166,7,4150,LIGHTWEIGHT,8.250000000000867,8.25027829990809,0.036000000000000004,True,167
4158,8.31600000000083,166,8,4150,LIGHTWEIGHT,8.250000000000867,8.25027829990809,0.034,True,167
4159,8.31800000000083,166,9,4150,LIGHTWEIGHT,8.250000000000867,8.25027829990809,0.032,True,167
4160,8.320000000000828,166,10,4150,LIGHTWEIGHT,8.250000000000867,8.25027829990809,0.03,True,167
4161,8.322000000000827,166,11,4150,LIGHTWEIGHT,8.250000000000867,8.25027829990809,0.028,True,167
4162,8.324000000000826,166,12,4150,LIGHTWEIGHT,8.250000000000867,8.25027829990809,0.026000000000000002,True,167
4163,8.326000000000825,166,13,4150,LIGHTWEIGHT,8.250000000000867,8.25027829990809,0.024,True,167
4164,8.328000000000824,166,14,4150,LIGHTWEIGHT,8.250000000000867,8.25027829990809,0.022,True,167
4165,8.330000000000823,166,15,4150,LIGHTWEIGHT,8.250000000000867,8.25027829990809,0.02,True,167
4166,8.332000000000821,166,16,4150,LIGHTWEIGHT,8.250000000000867,8.25027829990809,0.018000000000000002,True,167
4167,8.33400000000082,166,17,4150,LIGHTWEIGHT,8.250000000000867,8.25027829990809,0.016,True,167
4168,8.33600000000082,166,18,4150,LIGHTWEIGHT,8.250000000000867,8.25027829990809,0.014,True,167
4169,8.338000000000818,166,19,4150,LIGHTWEIGHT,8.250000000000867,8.25027829990809,0.012,True,167
4170,8.340000000000817,166,20,4150,LIGHTWEIGHT,8.250000000000867,8.25027829990809,0.01,True,167
4171,8.342000000000816,166,21,4150,LIGHTWEIGHT,8.250000000000867,8.25027829990809,0.008,True,167
4172,8.344000000000815,166,22,4150,LIGHTWEIGHT,8.250000000000867,8.25027829990809,0.006,True,167
4173,8.346000000000814,166,23,4150,LIGHTWEIGHT,8.250000000000867,8.25027829990809,0.004,True,167
4174,8.348000000000813,166,24,4150,LIGHTWEIGHT,8.250000000000867,8.25027829990809,0.002,True,167
4175,8.350000000000811,167,0,4175,NORMAL,8.30000000000084,8.30027439999478,0.05,False,
4176,8.35200000000081,167,1,4175,NORMAL,8.30000000000084,8.30027439999478,0.048,True,168
4177,8.35400000000081,167,2,4175,NORMAL,8.30000000000084,8.30027439999478,0.046,True,168
4178,8.356000000000808,167,3,4175,NORMAL,8.30000000000084,8.30027439999478,0.044,True,168
4179,8.358000000000807,167,4,4175,NORMAL,8.30000000000084,8.30027439999478,0.042,True,168
4180,8.360000000000806,167,5,4175,NORMAL,8.30000000000084,8.30027439999478,0.04,True,168
4181,8.362000000000805,167,6,4175,NORMAL,8.30000000000084,8.30027439999478,0.038,True,168
4182,8.364000000000804,167,7,4175,NORMAL,8.30000000000084,8.30027439999478,0.036000000000000004,True,168
4183,8.366000000000803,167,8,4175,NORMAL,8.30000000000084,8.30027439999478,0.034,True,168
4184,8.368000000000801,167,9,4175,NORMAL,8.30000000000084,8.30027439999478,0.032,True,168
4185,8.3700000000008,167,10,4175,NORMAL,8.30000000000084,8.30027439999478,0.03,True,168
4186,8.3720000000008,167,11,4175,NORMAL,8.30000000000084,8.30027439999478,0.028,True,168
4187,8.374000000000798,167,12,4175,NORMAL,8.30000000000084,8.30027439999478,0.026000000000000002,True,168
4188,8.376000000000797,167,13,4175,NORMAL,8.30000000000084,8.30027439999478,0.024,True,168
4189,8.378000000000796,167,14,4175,NORMAL,8.30000000000084,8.30027439999478,0.022,True,168
4190,8.380000000000795,167,15,4175,NORMAL,8.30000000000084,8.30027439999478,0.02,True,168
4191,8.382000000000794,167,16,4175,NORMAL,8.30000000000084,8.30027439999478,0.018000000000000002,True,168
4192,8.384000000000793,167,17,4175,NORMAL,8.30000000000084,8.30027439999478,0.016,True,168
4193,8.386000000000791,167,18,4175,NORMAL,8.30000000000084,8.30027439999478,0.014,True,168
4194,8.38800000000079,167,19,4175,NORMAL,8.30000000000084,8.30027439999478,0.012,True,168
4195,8.39000000000079,167,20,4175,NORMAL,8.30000000000084,8.30027439999478,0.01,True,168
4196,8.392000000000788,167,21,4175,NORMAL,8.30000000000084,8.30027439999478,0.008,True,168
4197,8.394000000000787,167,22,4175,NORMAL,8.30000000000084,8.30027439999478,0.006,True,168
4198,8.396000000000786,167,23,4175,NORMAL,8.30000000000084,8.30027439999478,0.004,True,168
4199,8.398000000000785,167,24,4175,NORMAL,8.30000000000084,8.30027439999478,0.002,True,168
4200,8.400000000000784,168,0,4200,NORMAL,8.350000000000811,8.350271999976478,0.05,False,
4201,8.402000000000783,168,1,4200,NORMAL,8.350000000000811,8.350271999976478,0.048,True,169
4202,8.404000000000782,168,2,4200,NORMAL,8.350000000000811,8.350271999976478,0.046,True,169
4203,8.40600000000078,168,3,4200,NORMAL,8.350000000000811,8.350271999976478,0.044,True,169
4204,8.40800000000078,168,4,4200,NORMAL,8.350000000000811,8.350271999976478,0.042,True,169
4205,8.410000000000778,168,5,4200,NORMAL,8.350000000000811,8.350271999976478,0.04,True,169
4206,8.412000000000777,168,6,4200,NORMAL,8.350000000000811,8.350271999976478,0.038,True,169
4207,8.414000000000776,168,7,4200,NORMAL,8.350000000000811,8.350271999976478,0.036000000000000004,True,169
4208,8.416000000000775,168,8,4200,NORMAL,8.350000000000811,8.350271999976478,0.034,True,169
4209,8.418000000000774,168,9,4200,NORMAL,8.350000000000811,8.350271999976478,0.032,True,169
4210,8.420000000000773,168,10,4200,NORMAL,8.350000000000811,8.350271999976478,0.03,True,169
4211,8.422000000000772,168,11,4200,NORMAL,8.350000000000811,8.350271999976478,0.028,True,169
4212,8.42400000000077,168,12,4200,NORMAL,8.350000000000811,8.350271999976478,0.026000000000000002,True,169
4213,8.42600000000077,168,13,4200,NORMAL,8.350000000000811,8.350271999976478,0.024,True,169
4214,8.428000000000768,168,14,4200,NORMAL,8.350000000000811,8.350271999976478,0.022,True,169
4215,8.430000000000767,168,15,4200,NORMAL,8.350000000000811,8.350271999976478,0.02,True,169
4216,8.432000000000766,168,16,4200,NORMAL,8.350000000000811,8.350271999976478,0.018000000000000002,True,169
4217,8.434000000000765,168,17,4200,NORMAL,8.350000000000811,8.350271999976478,0.016,True,169
4218,8.436000000000764,168,18,4200,NORMAL,8.350000000000811,8.350271999976478,0.014,True,169
4219,8.438000000000763,168,19,4200,NORMAL,8.350000000000811,8.350271999976478,0.012,True,169
4220,8.440000000000762,168,20,4200,NORMAL,8.350000000000811,8.350271999976478,0.01,True,169
4221,8.44200000000076,168,21,4200,NORMAL,8.350000000000811,8.350271999976478,0.008,True,169
4222,8.44400000000076,168,22,4200,NORMAL,8.350000000000811,8.350271999976478,0.006,True,169
4223,8.446000000000758,168,23,4200,NORMAL,8.350000000000811,8.350271999976478,0.004,True,169
4224,8.448000000000757,168,24,4200,NORMAL,8.350000000000811,8.350271999976478,0.002,True,169
4225,8.450000000000756,169,0,4225,NORMAL,8.400000000000784,8.400266700052509,0.05,False,
4226,8.452000000000755,169,1,4225,NORMAL,8.400000000000784,8.400266700052509,0.048,True,170
4227,8.454000000000754,169,2,4225,NORMAL,8.400000000000784,8.400266700052509,0.046,True,170
4228,8.456000000000753,169,3,4225,NORMAL,8.400000000000784,8.400266700052509,0.044,True,170
4229,8.458000000000752,169,4,4225,NORMAL,8.400000000000784,8.400266700052509,0.042,True,170
4230,8.46000000000075,169,5,4225,NORMAL,8.400000000000784,8.400266700052509,0.04,True,170
4231,8.46200000000075,169,6,4225,NORMAL,8.400000000000784,8.400266700052509,0.038,True,170
4232,8.464000000000748,169,7,4225,NORMAL,8.400000000000784,8.400266700052509,0.036000000000000004,True,170
4233,8.466000000000747,169,8,4225,NORMAL,8.400000000000784,8.400266700052509,0.034,True,170
4234,8.468000000000746,169,9,4225,NORMAL,8.400000000000784,8.400266700052509,0.032,True,170
4235,8.470000000000745,169,10,4225,NORMAL,8.400000000000784,8.400266700052509,0.03,True,170
4236,8.472000000000744,169,11,4225,NORMAL,8.400000000000784,8.400266700052509,0.028,True,170
4237,8.474000000000743,169,12,4225,NORMAL,8.400000000000784,8.400266700052509,0.026000000000000002,True,170
4238,8.476000000000742,169,13,4225,NORMAL,8.400000000000784,8.400266700052509,0.024,True,170
4239,8.47800000000074,169,14,4225,NORMAL,8.400000000000784,8.400266700052509,0.022,True,170
4240,8.48000000000074,169,15,4225,NORMAL,8.400000000000784,8.400266700052509,0.02,True,170
4241,8.482000000000738,169,16,4225,NORMAL,8.400000000000784,8.400266700052509,0.018000000000000002,True,170
4242,8.484000000000737,169,17,4225,NORMAL,8.400000000000784,8.400266700052509,0.016,True,170
4243,8.486000000000736,169,18,4225,NORMAL,8.400000000000784,8.400266700052509,0.014,True,170
4244,8.488000000000735,169,19,4225,NORMAL,8.400000000000784,8.400266700052509,0.012,True,170
4245,8.490000000000734,169,20,4225,NORMAL,8.400000000000784,8.400266700052509,0.01,True,170
4246,8.492000000000733,169,21,4225,NORMAL,8.400000000000784,8.400266700052509,0.008,True,170
4247,8.494000000000732,169,22,4225,NORMAL,8.400000000000784,8.400266700052509,0.006,True,170
4248,8.49600000000073,169,23,4225,NORMAL,8.400000000000784,8.400266700052509,0.004,True,170
4249,8.49800000000073,169,24,4225,NORMAL,8.400000000000784,8.400266700052509,0.002,True,170
4250,8.500000000000728,170,0,4250,NORMAL,8.450000000000756,8.45026520004106,0.05,False,
4251,8.502000000000727,170,1,4250,NORMAL,8.450000000000756,8.45026520004106,0.048,True,171
4252,8.504000000000726,170,2,4250,NORMAL,8.450000000000756,8.45026520004106,0.046,True,171
4253,8.506000000000725,170,3,4250,NORMAL,8.450000000000756,8.45026520004106,0.044,True,171
4254,8.508000000000724,170,4,4250,NORMAL,8.450000000000756,8.45026520004106,0.042,True,171
4255,8.510000000000723,170,5,4250,NORMAL,8.450000000000756,8.45026520004106,0.04,True,171
4256,8.512000000000722,170,6,4250,NORMAL,8.450000000000756,8.45026520004106,0.038,True,171
4257,8.51400000000072,170,7,4250,NORMAL,8.450000000000756,8.45026520004106,0.036000000000000004,True,171
4258,8.51600000000072,170,8,4250,NORMAL,8.450000000000756,8.45026520004106,0.034,True,171
4259,8.518000000000718,170,9,4250,NORMAL,8.450000000000756,8.45026520004106,0.032,True,171
4260,8.520000000000717,170,10,4250,NORMAL,8.450000000000756,8.45026520004106,0.03,True,171
4261,8.522000000000716,170,11,4250,NORMAL,8.450000000000756,8.45026520004106,0.028,True,171
4262,8.524000000000715,170,12,4250,NORMAL,8.450000000000756,8.45026520004106,0.026000000000000002,True,171
4263,8.526000000000714,170,13,4250,NORMAL,8.450000000000756,8.45026520004106,0.024,True,171
4264,8.528000000000713,170,14,4250,NORMAL,8.450000000000756,8.45026520004106,0.022,True,171
4265,8.530000000000712,170,15,4250,NORMAL,8.450000000000756,8.45026520004106,0.02,True,171
4266,8.53200000000071,170,16,4250,NORMAL,8.450000000000756,8.45026520004106,0.018000000000000002,True,171
4267,8.53400000000071,170,17,4250,NORMAL,8.450000000000756,8.45026520004106,0.016,True,171
4268,8.536000000000708,170,18,4250,NORMAL,8.450000000000756,8.45026520004106,0.014,True,171
4269,8.538000000000707,170,19,4250,NORMAL,8.450000000000756,8.45026520004106,0.012,True,171
4270,8.540000000000706,170,20,4250,NORMAL,8.450000000000756,8.45026520004106,0.01,True,171
4271,8.542000000000705,170,21,4250,NORMAL,8.450000000000756,8.45026520004106,0.008,True,171
4272,8.544000000000704,170,22,4250,NORMAL,8.450000000000756,8.45026520004106,0.006,True,171
4273,8.546000000000703,170,23,4250,NORMAL,8.450000000000756,8.45026520004106,0.004,True,171
4274,8.548000000000702,170,24,4250,NORMAL,8.450000000000756,8.45026520004106,0.002,True,171
4275,8.5500000000007,171,0,4275,NORMAL,8.500000000000728,8.500268699951267,0.05,False,
4276,8.5520000000007,171,1,4275,NORMAL,8.500000000000728,8.500268699951267,0.048,True,172
4277,8.554000000000698,171,2,4275,NORMAL,8.500000000000728,8.500268699951267,0.046,True,172
4278,8.556000000000697,171,3,4275,NORMAL,8.500000000000728,8.500268699951267,0.044,True,172
4279,8.558000000000696,171,4,4275,NORMAL,8.500000000000728,8.500268699951267,0.042,True,172
4280,8.560000000000695,171,5,4275,NORMAL,8.500000000000728,8.500268699951267,0.04,True,172
4281,8.562000000000694,171,6,4275,NORMAL,8.500000000000728,8.500268699951267,0.038,True,172
4282,8.564000000000693,171,7,4275,NORMAL,8.500000000000728,8.500268699951267,0.036000000000000004,True,172
4283,8.566000000000692,171,8,4275,NORMAL,8.500000000000728,8.500268699951267,0.034,True,172
4284,8.56800000000069,171,9,4275,NORMAL,8.500000000000728,8.500268699951267,0.032,True,172
4285,8.57000000000069,171,10,4275,NORMAL,8.500000000000728,8.500268699951267,0.03,True,172
4286,8.572000000000688,171,11,4275,NORMAL,8.500000000000728,8.500268699951267,0.028,True,172
4287,8.574000000000687,171,12,4275,NORMAL,8.500000000000728,8.500268699951267,0.026000000000000002,True,172
4288,8.576000000000686,171,13,4275,NORMAL,8.500000000000728,8.500268699951267,0.024,True,172
4289,8.578000000000685,171,14,4275,NORMAL,8.500000000000728,8.500268699951267,0.022,True,172
4290,8.580000000000684,171,15,4275,NORMAL,8.500000000000728,8.500268699951267,0.02,True,172
4291,8.582000000000683,171,16,4275,NORMAL,8.500000000000728,8.500268699951267,0.018000000000000002,True,172
4292,8.584000000000682,171,17,4275,NORMAL,8.500000000000728,8.500268699951267,0.016,True,172
4293,8.58600000000068,171,18,4275,NORMAL,8.500000000000728,8.500268699951267,0.014,True,172
4294,8.58800000000068,171,19,4275,NORMAL,8.500000000000728,8.500268699951267,0.012,True,172
4295,8.590000000000678,171,20,4275,NORMAL,8.500000000000728,8.500268699951267,0.01,True,172
4296,8.592000000000677,171,21,4275,NORMAL,8.500000000000728,8.500268699951267,0.008,True,172
4297,8.594000000000676,171,22,4275,NORMAL,8.500000000000728,8.500268699951267,0.006,True,172
4298,8.596000000000675,171,23,4275,NORMAL,8.500000000000728,8.500268699951267,0.004,True,172
4299,8.598000000000674,171,24,4275,NORMAL,8.500000000000728,8.500268699951267,0.002,True,172
4300,8.600000000000673,172,0,4300,NORMAL,8.5500000000007,8.550329799950823,0.05,False,
4301,8.602000000000672,172,1,4300,NORMAL,8.5500000000007,8.550329799950823,0.048,True,173
4302,8.60400000000067,172,2,4300,NORMAL,8.5500000000007,8.550329799950823,0.046,True,173
4303,8.60600000000067,172,3,4300,NORMAL,8.5500000000007,8.550329799950823,0.044,True,173
4304,8.608000000000668,172,4,4300,NORMAL,8.5500000000007,8.550329799950823,0.042,True,173
4305,8.610000000000667,172,5,4300,NORMAL,8.5500000000007,8.550329799950823,0.04,True,173
4306,8.612000000000666,172,6,4300,NORMAL,8.5500000000007,8.550329799950823,0.038,True,173
4307,8.614000000000665,172,7,4300,NORMAL,8.5500000000007,8.550329799950823,0.036000000000000004,True,173
4308,8.616000000000664,172,8,4300,NORMAL,8.5500000000007,8.550329799950823,0.034,True,173
4309,8.618000000000663,172,9,4300,NORMAL,8.5500000000007,8.550329799950823,0.032,True,173
4310,8.620000000000662,172,10,4300,NORMAL,8.5500000000007,8.550329799950823,0.03,True,173
4311,8.62200000000066,172,11,4300,NORMAL,8.5500000000007,8.550329799950823,0.028,True,173
4312,8.62400000000066,172,12,4300,NORMAL,8.5500000000007,8.550329799950823,0.026000000000000002,True,173
4313,8.626000000000658,172,13,4300,NORMAL,8.5500000000007,8.550329799950823,0.024,True,173
4314,8.628000000000657,172,14,4300,NORMAL,8.5500000000007,8.550329799950823,0.022,True,173
4315,8.630000000000656,172,15,4300,NORMAL,8.5500000000007,8.550329799950823,0.02,True,173
4316,8.632000000000655,172,16,4300,NORMAL,8.5500000000007,8.550329799950823,0.018000000000000002,True,173
4317,8.634000000000654,172,17,4300,NORMAL,8.5500000000007,8.550329799950823,0.016,True,173
4318,8.636000000000653,172,18,4300,NORMAL,8.5500000000007,8.550329799950823,0.014,True,173
4319,8.638000000000652,172,19,4300,NORMAL,8.5500000000007,8.550329799950823,0.012,True,173
4320,8.64000000000065,172,20,4300,NORMAL,8.5500000000007,8.550329799950823,0.01,True,173
4321,8.64200000000065,172,21,4300,NORMAL,8.5500000000007,8.550329799950823,0.008,True,173
4322,8.644000000000648,172,22,4300,NORMAL,8.5500000000007,8.550329799950823,0.006,True,173
4323,8.646000000000647,172,23,4300,NORMAL,8.5500000000007,8.550329799950823,0.004,True,173
4324,8.648000000000646,172,24,4300,NORMAL,8.5500000000007,8.550329799950823,0.002,True,173
4325,8.650000000000645,173,0,4325,NORMAL,8.600000000000673,8.600273699989284,0.05,False,
4326,8.652000000000644,173,1,4325,NORMAL,8.600000000000673,8.600273699989284,0.048,True,174
4327,8.654000000000643,173,2,4325,NORMAL,8.600000000000673,8.600273699989284,0.046,True,174
4328,8.656000000000642,173,3,4325,NORMAL,8.600000000000673,8.600273699989284,0.044,True,174
4329,8.65800000000064,173,4,4325,NORMAL,8.600000000000673,8.600273699989284,0.042,True,174
4330,8.66000000000064,173,5,4325,NORMAL,8.600000000000673,8.600273699989284,0.04,True,174
4331,8.662000000000639,173,6,4325,NORMAL,8.600000000000673,8.600273699989284,0.038,True,174
4332,8.664000000000637,173,7,4325,NORMAL,8.600000000000673,8.600273699989284,0.036000000000000004,True,174
4333,8.666000000000636,173,8,4325,NORMAL,8.600000000000673,8.600273699989284,0.034,True,174
4334,8.668000000000635,173,9,4325,NORMAL,8.600000000000673,8.600273699989284,0.032,True,174
4335,8.670000000000634,173,10,4325,NORMAL,8.600000000000673,8.600273699989284,0.03,True,174
4336,8.672000000000633,173,11,4325,NORMAL,8.600000000000673,8.600273699989284,0.028,True,174
4337,8.674000000000632,173,12,4325,NORMAL,8.600000000000673,8.600273699989284,0.026000000000000002,True,174
4338,8.67600000000063,173,13,4325,NORMAL,8.600000000000673,8.600273699989284,0.024,True,174
4339,8.67800000000063,173,14,4325,NORMAL,8.600000000000673,8.600273699989284,0.022,True,174
4340,8.680000000000629,173,15,4325,NORMAL,8.600000000000673,8.600273699989284,0.02,True,174
4341,8.682000000000627,173,16,4325,NORMAL,8.600000000000673,8.600273699989284,0.018000000000000002,True,174
4342,8.684000000000626,173,17,4325,NORMAL,8.600000000000673,8.600273699989284,0.016,True,174
4343,8.686000000000625,173,18,4325,NORMAL,8.600000000000673,8.600273699989284,0.014,True,174
4344,8.688000000000624,173,19,4325,NORMAL,8.600000000000673,8.600273699989284,0.012,True,174
4345,8.690000000000623,173,20,4325,NORMAL,8.600000000000673,8.600273699989284,0.01,True,174
4346,8.692000000000622,173,21,4325,NORMAL,8.600000000000673,8.600273699989284,0.008,True,174
4347,8.69400000000062,173,22,4325,NORMAL,8.600000000000673,8.600273699989284,0.006,True,174
4348,8.69600000000062,173,23,4325,NORMAL,8.600000000000673,8.600273699989284,0.004,True,174
4349,8.698000000000619,173,24,4325,NORMAL,8.600000000000673,8.600273699989284,0.002,True,174
4350,8.700000000000617,174,0,4350,NORMAL,8.650000000000645,8.650263100024958,0.05,False,
4351,8.702000000000616,174,1,4350,NORMAL,8.650000000000645,8.650263100024958,0.048,True,175
4352,8.704000000000615,174,2,4350,NORMAL,8.650000000000645,8.650263100024958,0.046,True,175
4353,8.706000000000614,174,3,4350,NORMAL,8.650000000000645,8.650263100024958,0.044,True,175
4354,8.708000000000613,174,4,4350,NORMAL,8.650000000000645,8.650263100024958,0.042,True,175
4355,8.710000000000612,174,5,4350,NORMAL,8.650000000000645,8.650263100024958,0.04,True,175
4356,8.71200000000061,174,6,4350,NORMAL,8.650000000000645,8.650263100024958,0.038,True,175
4357,8.71400000000061,174,7,4350,NORMAL,8.650000000000645,8.650263100024958,0.036000000000000004,True,175
4358,8.716000000000609,174,8,4350,NORMAL,8.650000000000645,8.650263100024958,0.034,True,175
4359,8.718000000000607,174,9,4350,NORMAL,8.650000000000645,8.650263100024958,0.032,True,175
4360,8.720000000000606,174,10,4350,NORMAL,8.650000000000645,8.650263100024958,0.03,True,175
4361,8.722000000000605,174,11,4350,NORMAL,8.650000000000645,8.650263100024958,0.028,True,175
4362,8.724000000000604,174,12,4350,NORMAL,8.650000000000645,8.650263100024958,0.026000000000000002,True,175
4363,8.726000000000603,174,13,4350,NORMAL,8.650000000000645,8.650263100024958,0.024,True,175
4364,8.728000000000602,174,14,4350,NORMAL,8.650000000000645,8.650263100024958,0.022,True,175
4365,8.7300000000006,174,15,4350,NORMAL,8.650000000000645,8.650263100024958,0.02,True,175
4366,8.7320000000006,174,16,4350,NORMAL,8.650000000000645,8.650263100024958,0.018000000000000002,True,175
4367,8.734000000000599,174,17,4350,NORMAL,8.650000000000645,8.650263100024958,0.016,True,175
4368,8.736000000000598,174,18,4350,NORMAL,8.650000000000645,8.650263100024958,0.014,True,175
4369,8.738000000000596,174,19,4350,NORMAL,8.650000000000645,8.650263100024958,0.012,True,175
4370,8.740000000000595,174,20,4350,NORMAL,8.650000000000645,8.650263100024958,0.01,True,175
4371,8.742000000000594,174,21,4350,NORMAL,8.650000000000645,8.650263100024958,0.008,True,175
4372,8.744000000000593,174,22,4350,NORMAL,8.650000000000645,8.650263100024958,0.006,True,175
4373,8.746000000000592,174,23,4350,NORMAL,8.650000000000645,8.650263100024958,0.004,True,175
4374,8.74800000000059,174,24,4350,NORMAL,8.650000000000645,8.650263100024958,0.002,True,175
4375,8.75000000000059,175,0,4375,NORMAL,8.700000000000617,8.700280199922307,0.05,False,
4376,8.752000000000589,175,1,4375,NORMAL,8.700000000000617,8.700280199922307,0.048,True,176
4377,8.754000000000588,175,2,4375,NORMAL,8.700000000000617,8.700280199922307,0.046,True,176
4378,8.756000000000586,175,3,4375,NORMAL,8.700000000000617,8.700280199922307,0.044,True,176
4379,8.758000000000585,175,4,4375,NORMAL,8.700000000000617,8.700280199922307,0.042,True,176
4380,8.760000000000584,175,5,4375,NORMAL,8.700000000000617,8.700280199922307,0.04,True,176
4381,8.762000000000583,175,6,4375,NORMAL,8.700000000000617,8.700280199922307,0.038,True,176
4382,8.764000000000582,175,7,4375,NORMAL,8.700000000000617,8.700280199922307,0.036000000000000004,True,176
4383,8.76600000000058,175,8,4375,NORMAL,8.700000000000617,8.700280199922307,0.034,True,176
4384,8.76800000000058,175,9,4375,NORMAL,8.700000000000617,8.700280199922307,0.032,True,176
4385,8.770000000000579,175,10,4375,NORMAL,8.700000000000617,8.700280199922307,0.03,True,176
4386,8.772000000000578,175,11,4375,NORMAL,8.700000000000617,8.700280199922307,0.028,True,176
4387,8.774000000000576,175,12,4375,NORMAL,8.700000000000617,8.700280199922307,0.026000000000000002,True,176
4388,8.776000000000575,175,13,4375,NORMAL,8.700000000000617,8.700280199922307,0.024,True,176
4389,8.778000000000574,175,14,4375,NORMAL,8.700000000000617,8.700280199922307,0.022,True,176
4390,8.780000000000573,175,15,4375,NORMAL,8.700000000000617,8.700280199922307,0.02,True,176
4391,8.782000000000572,175,16,4375,NORMAL,8.700000000000617,8.700280199922307,0.018000000000000002,True,176
4392,8.784000000000571,175,17,4375,NORMAL,8.700000000000617,8.700280199922307,0.016,True,176
4393,8.78600000000057,175,18,4375,NORMAL,8.700000000000617,8.700280199922307,0.014,True,176
4394,8.788000000000569,175,19,4375,NORMAL,8.700000000000617,8.700280199922307,0.012,True,176
4395,8.790000000000568,175,20,4375,NORMAL,8.700000000000617,8.700280199922307,0.01,True,176
4396,8.792000000000566,175,21,4375,NORMAL,8.700000000000617,8.700280199922307,0.008,True,176
4397,8.794000000000565,175,22,4375,NORMAL,8.700000000000617,8.700280199922307,0.006,True,176
4398,8.796000000000564,175,23,4375,NORMAL,8.700000000000617,8.700280199922307,0.004,True,176
4399,8.798000000000563,175,24,4375,NORMAL,8.700000000000617,8.700280199922307,0.002,True,176
4400,8.800000000000562,176,0,4400,NORMAL,8.75000000000059,8.750280000037172,0.05,False,
4401,8.802000000000561,176,1,4400,NORMAL,8.75000000000059,8.750280000037172,0.048,True,177
4402,8.80400000000056,176,2,4400,NORMAL,8.75000000000059,8.750280000037172,0.046,True,177
4403,8.806000000000559,176,3,4400,NORMAL,8.75000000000059,8.750280000037172,0.044,True,177
4404,8.808000000000558,176,4,4400,NORMAL,8.75000000000059,8.750280000037172,0.042,True,177
4405,8.810000000000556,176,5,4400,NORMAL,8.75000000000059,8.750280000037172,0.04,True,177
4406,8.812000000000555,176,6,4400,NORMAL,8.75000000000059,8.750280000037172,0.038,True,177
4407,8.814000000000554,176,7,4400,NORMAL,8.75000000000059,8.750280000037172,0.036000000000000004,True,177
4408,8.816000000000553,176,8,4400,NORMAL,8.75000000000059,8.750280000037172,0.034,True,177
4409,8.818000000000552,176,9,4400,NORMAL,8.75000000000059,8.750280000037172,0.032,True,177
4410,8.820000000000551,176,10,4400,NORMAL,8.75000000000059,8.750280000037172,0.03,True,177
4411,8.82200000000055,176,11,4400,NORMAL,8.75000000000059,8.750280000037172,0.028,True,177
4412,8.824000000000549,176,12,4400,NORMAL,8.75000000000059,8.750280000037172,0.026000000000000002,True,177
4413,8.826000000000548,176,13,4400,NORMAL,8.75000000000059,8.750280000037172,0.024,True,177
4414,8.828000000000547,176,14,4400,NORMAL,8.75000000000059,8.750280000037172,0.022,True,177
4415,8.830000000000545,176,15,4400,NORMAL,8.75000000000059,8.750280000037172,0.02,True,177
4416,8.832000000000544,176,16,4400,NORMAL,8.75000000000059,8.750280000037172,0.018000000000000002,True,177
4417,8.834000000000543,176,17,4400,NORMAL,8.75000000000059,8.750280000037172,0.016,True,177
4418,8.836000000000542,176,18,4400,NORMAL,8.75000000000059,8.750280000037172,0.014,True,177
4419,8.838000000000541,176,19,4400,NORMAL,8.75000000000059,8.750280000037172,0.012,True,177
4420,8.84000000000054,176,20,4400,NORMAL,8.75000000000059,8.750280000037172,0.01,True,177
4421,8.842000000000539,176,21,4400,NORMAL,8.75000000000059,8.750280000037172,0.008,True,177
4422,8.844000000000538,176,22,4400,NORMAL,8.75000000000059,8.750280000037172,0.006,True,177
4423,8.846000000000537,176,23,4400,NORMAL,8.75000000000059,8.750280000037172,0.004,True,177
4424,8.848000000000535,176,24,4400,NORMAL,8.75000000000059,8.750280000037172,0.002,True,177
4425,8.850000000000534,177,0,4425,NORMAL,8.800000000000562,8.80026830006447,0.05,False,
4426,8.852000000000533,177,1,4425,NORMAL,8.800000000000562,8.80026830006447,0.048,True,178
4427,8.854000000000532,177,2,4425,NORMAL,8.800000000000562,8.80026830006447,0.046,True,178
4428,8.856000000000531,177,3,4425,NORMAL,8.800000000000562,8.80026830006447,0.044,True,178
4429,8.85800000000053,177,4,4425,NORMAL,8.800000000000562,8.80026830006447,0.042,True,178
4430,8.860000000000529,177,5,4425,NORMAL,8.800000000000562,8.80026830006447,0.04,True,178
4431,8.862000000000528,177,6,4425,NORMAL,8.800000000000562,8.80026830006447,0.038,True,178
4432,8.864000000000527,177,7,4425,NORMAL,8.800000000000562,8.80026830006447,0.036000000000000004,True,178
4433,8.866000000000525,177,8,4425,NORMAL,8.800000000000562,8.80026830006447,0.034,True,178
4434,8.868000000000524,177,9,4425,NORMAL,8.800000000000562,8.80026830006447,0.032,True,178
4435,8.870000000000523,177,10,4425,NORMAL,8.800000000000562,8.80026830006447,0.03,True,178
4436,8.872000000000522,177,11,4425,NORMAL,8.800000000000562,8.80026830006447,0.028,True,178
4437,8.874000000000521,177,12,4425,NORMAL,8.800000000000562,8.80026830006447,0.026000000000000002,True,178
4438,8.87600000000052,177,13,4425,NORMAL,8.800000000000562,8.80026830006447,0.024,True,178
4439,8.878000000000519,177,14,4425,NORMAL,8.800000000000562,8.80026830006447,0.022,True,178
4440,8.880000000000518,177,15,4425,NORMAL,8.800000000000562,8.80026830006447,0.02,True,178
4441,8.882000000000517,177,16,4425,NORMAL,8.800000000000562,8.80026830006447,0.018000000000000002,True,178
4442,8.884000000000515,177,17,4425,NORMAL,8.800000000000562,8.80026830006447,0.016,True,178
4443,8.886000000000514,177,18,4425,NORMAL,8.800000000000562,8.80026830006447,0.014,True,178
4444,8.888000000000513,177,19,4425,NORMAL,8.800000000000562,8.80026830006447,0.012,True,178
4445,8.890000000000512,177,20,4425,NORMAL,8.800000000000562,8.80026830006447,0.01,True,178
4446,8.892000000000511,177,21,4425,NORMAL,8.800000000000562,8.80026830006447,0.008,True,178
4447,8.89400000000051,177,22,4425,NORMAL,8.800000000000562,8.80026830006447,0.006,True,178
4448,8.896000000000509,177,23,4425,NORMAL,8.800000000000562,8.80026830006447,0.004,True,178
4449,8.898000000000508,177,24,4425,NORMAL,8.800000000000562,8.80026830006447,0.002,True,178
4450,8.900000000000507,178,0,4450,NORMAL,8.850000000000534,8.85026569992823,0.05,False,
4451,8.902000000000506,178,1,4450,NORMAL,8.850000000000534,8.85026569992823,0.048,True,179
4452,8.904000000000504,178,2,4450,NORMAL,8.850000000000534,8.85026569992823,0.046,True,179
4453,8.906000000000503,178,3,4450,NORMAL,8.850000000000534,8.85026569992823,0.044,True,179
4454,8.908000000000502,178,4,4450,NORMAL,8.850000000000534,8.85026569992823,0.042,True,179
4455,8.910000000000501,178,5,4450,NORMAL,8.850000000000534,8.85026569992823,0.04,True,179
4456,8.9120000000005,178,6,4450,NORMAL,8.850000000000534,8.85026569992823,0.038,True,179
4457,8.914000000000499,178,7,4450,NORMAL,8.850000000000534,8.85026569992823,0.036000000000000004,True,179
4458,8.916000000000498,178,8,4450,NORMAL,8.850000000000534,8.85026569992823,0.034,True,179
4459,8.918000000000497,178,9,4450,NORMAL,8.850000000000534,8.85026569992823,0.032,True,179
4460,8.920000000000496,178,10,4450,NORMAL,8.850000000000534,8.85026569992823,0.03,True,179
4461,8.922000000000494,178,11,4450,NORMAL,8.850000000000534,8.85026569992823,0.028,True,179
4462,8.924000000000493,178,12,4450,NORMAL,8.850000000000534,8.85026569992823,0.026000000000000002,True,179
4463,8.926000000000492,178,13,4450,NORMAL,8.850000000000534,8.85026569992823,0.024,True,179
4464,8.928000000000491,178,14,4450,NORMAL,8.850000000000534,8.85026569992823,0.022,True,179
4465,8.93000000000049,178,15,4450,NORMAL,8.850000000000534,8.85026569992823,0.02,True,179
4466,8.932000000000489,178,16,4450,NORMAL,8.850000000000534,8.85026569992823,0.018000000000000002,True,179
4467,8.934000000000488,178,17,4450,NORMAL,8.850000000000534,8.85026569992823,0.016,True,179
4468,8.936000000000487,178,18,4450,NORMAL,8.850000000000534,8.85026569992823,0.014,True,179
4469,8.938000000000486,178,19,4450,NORMAL,8.850000000000534,8.85026569992823,0.012,True,179
4470,8.940000000000484,178,20,4450,NORMAL,8.850000000000534,8.85026569992823,0.01,True,179
4471,8.942000000000483,178,21,4450,NORMAL,8.850000000000534,8.85026569992823,0.008,True,179
4472,8.944000000000482,178,22,4450,NORMAL,8.850000000000534,8.85026569992823,0.006,True,179
4473,8.946000000000481,178,23,4450,NORMAL,8.850000000000534,8.85026569992823,0.004,True,179
4474,8.94800000000048,178,24,4450,NORMAL,8.850000000000534,8.85026569992823,0.002,True,179
4475,8.950000000000479,179,0,4475,NORMAL,8.900000000000507,8.900279100030236,0.05,False,
4476,8.952000000000478,179,1,4475,NORMAL,8.900000000000507,8.900279100030236,0.048,True,180
4477,8.954000000000477,179,2,4475,NORMAL,8.900000000000507,8.900279100030236,0.046,True,180
4478,8.956000000000476,179,3,4475,NORMAL,8.900000000000507,8.900279100030236,0.044,True,180
4479,8.958000000000474,179,4,4475,NORMAL,8.900000000000507,8.900279100030236,0.042,True,180
4480,8.960000000000473,179,5,4475,NORMAL,8.900000000000507,8.900279100030236,0.04,True,180
4481,8.962000000000472,179,6,4475,NORMAL,8.900000000000507,8.900279100030236,0.038,True,180
4482,8.964000000000471,179,7,4475,NORMAL,8.900000000000507,8.900279100030236,0.036000000000000004,True,180
4483,8.96600000000047,179,8,4475,NORMAL,8.900000000000507,8.900279100030236,0.034,True,180
4484,8.968000000000469,179,9,4475,NORMAL,8.900000000000507,8.900279100030236,0.032,True,180
4485,8.970000000000468,179,10,4475,NORMAL,8.900000000000507,8.900279100030236,0.03,True,180
4486,8.972000000000467,179,11,4475,NORMAL,8.900000000000507,8.900279100030236,0.028,True,180
4487,8.974000000000466,179,12,4475,NORMAL,8.900000000000507,8.900279100030236,0.026000000000000002,True,180
4488,8.976000000000464,179,13,4475,NORMAL,8.900000000000507,8.900279100030236,0.024,True,180
4489,8.978000000000463,179,14,4475,NORMAL,8.900000000000507,8.900279100030236,0.022,True,180
4490,8.980000000000462,179,15,4475,NORMAL,8.900000000000507,8.900279100030236,0.02,True,180
4491,8.982000000000461,179,16,4475,NORMAL,8.900000000000507,8.900279100030236,0.018000000000000002,True,180
4492,8.98400000000046,179,17,4475,NORMAL,8.900000000000507,8.900279100030236,0.016,True,180
4493,8.986000000000459,179,18,4475,NORMAL,8.900000000000507,8.900279100030236,0.014,True,180
4494,8.988000000000458,179,19,4475,NORMAL,8.900000000000507,8.900279100030236,0.012,True,180
4495,8.990000000000457,179,20,4475,NORMAL,8.900000000000507,8.900279100030236,0.01,True,180
4496,8.992000000000456,179,21,4475,NORMAL,8.900000000000507,8.900279100030236,0.008,True,180
4497,8.994000000000455,179,22,4475,NORMAL,8.900000000000507,8.900279100030236,0.006,True,180
4498,8.996000000000453,179,23,4475,NORMAL,8.900000000000507,8.900279100030236,0.004,True,180
4499,8.998000000000452,179,24,4475,NORMAL,8.900000000000507,8.900279100030236,0.002,True,180
4500,9.000000000000451,180,0,4500,NORMAL,8.950000000000479,8.95026889995254,0.05,False,
4501,9.00200000000045,180,1,4500,NORMAL,8.950000000000479,8.95026889995254,0.048,True,181
4502,9.004000000000449,180,2,4500,NORMAL,8.950000000000479,8.95026889995254,0.046,True,181
4503,9.006000000000448,180,3,4500,NORMAL,8.950000000000479,8.95026889995254,0.044,True,181
4504,9.008000000000447,180,4,4500,NORMAL,8.950000000000479,8.95026889995254,0.042,True,181
4505,9.010000000000446,180,5,4500,NORMAL,8.950000000000479,8.95026889995254,0.04,True,181
4506,9.012000000000445,180,6,4500,NORMAL,8.950000000000479,8.95026889995254,0.038,True,181
4507,9.014000000000443,180,7,4500,NORMAL,8.950000000000479,8.95026889995254,0.036000000000000004,True,181
4508,9.016000000000442,180,8,4500,NORMAL,8.950000000000479,8.95026889995254,0.034,True,181
4509,9.018000000000441,180,9,4500,NORMAL,8.950000000000479,8.95026889995254,0.032,True,181
4510,9.02000000000044,180,10,4500,NORMAL,8.950000000000479,8.95026889995254,0.03,True,181
4511,9.022000000000439,180,11,4500,NORMAL,8.950000000000479,8.95026889995254,0.028,True,181
4512,9.024000000000438,180,12,4500,NORMAL,8.950000000000479,8.95026889995254,0.026000000000000002,True,181
4513,9.026000000000437,180,13,4500,NORMAL,8.950000000000479,8.95026889995254,0.024,True,181
4514,9.028000000000436,180,14,4500,NORMAL,8.950000000000479,8.95026889995254,0.022,True,181
4515,9.030000000000435,180,15,4500,NORMAL,8.950000000000479,8.95026889995254,0.02,True,181
4516,9.032000000000433,180,16,4500,NORMAL,8.950000000000479,8.95026889995254,0.018000000000000002,True,181
4517,9.034000000000432,180,17,4500,NORMAL,8.950000000000479,8.95026889995254,0.016,True,181
4518,9.036000000000431,180,18,4500,NORMAL,8.950000000000479,8.95026889995254,0.014,True,181
4519,9.03800000000043,180,19,4500,NORMAL,8.950000000000479,8.95026889995254,0.012,True,181
4520,9.040000000000429,180,20,4500,NORMAL,8.950000000000479,8.95026889995254,0.01,True,181
4521,9.042000000000428,180,21,4500,NORMAL,8.950000000000479,8.95026889995254,0.008,True,181
4522,9.044000000000427,180,22,4500,NORMAL,8.950000000000479,8.95026889995254,0.006,True,181
4523,9.046000000000426,180,23,4500,NORMAL,8.950000000000479,8.95026889995254,0.004,True,181
4524,9.048000000000425,180,24,4500,NORMAL,8.950000000000479,8.95026889995254,0.002,True,181
4525,9.050000000000423,181,0,4525,NORMAL,9.000000000000451,9.000267400057506,0.05,False,
4526,9.052000000000422,181,1,4525,NORMAL,9.000000000000451,9.000267400057506,0.048,True,182
4527,9.054000000000421,181,2,4525,NORMAL,9.000000000000451,9.000267400057506,0.046,True,182
4528,9.05600000000042,181,3,4525,NORMAL,9.000000000000451,9.000267400057506,0.044,True,182
4529,9.058000000000419,181,4,4525,NORMAL,9.000000000000451,9.000267400057506,0.042,True,182
4530,9.060000000000418,181,5,4525,NORMAL,9.000000000000451,9.000267400057506,0.04,True,182
4531,9.062000000000417,181,6,4525,NORMAL,9.000000000000451,9.000267400057506,0.038,True,182
4532,9.064000000000416,181,7,4525,NORMAL,9.000000000000451,9.000267400057506,0.036000000000000004,True,182
4533,9.066000000000415,181,8,4525,NORMAL,9.000000000000451,9.000267400057506,0.034,True,182
4534,9.068000000000414,181,9,4525,NORMAL,9.000000000000451,9.000267400057506,0.032,True,182
4535,9.070000000000412,181,10,4525,NORMAL,9.000000000000451,9.000267400057506,0.03,True,182
4536,9.072000000000411,181,11,4525,NORMAL,9.000000000000451,9.000267400057506,0.028,True,182
4537,9.07400000000041,181,12,4525,NORMAL,9.000000000000451,9.000267400057506,0.026000000000000002,True,182
4538,9.076000000000409,181,13,4525,NORMAL,9.000000000000451,9.000267400057506,0.024,True,182
4539,9.078000000000408,181,14,4525,NORMAL,9.000000000000451,9.000267400057506,0.022,True,182
4540,9.080000000000407,181,15,4525,NORMAL,9.000000000000451,9.000267400057506,0.02,True,182
4541,9.082000000000406,181,16,4525,NORMAL,9.000000000000451,9.000267400057506,0.018000000000000002,True,182
4542,9.084000000000405,181,17,4525,NORMAL,9.000000000000451,9.000267400057506,0.016,True,182
4543,9.086000000000404,181,18,4525,NORMAL,9.000000000000451,9.000267400057506,0.014,True,182
4544,9.088000000000402,181,19,4525,NORMAL,9.000000000000451,9.000267400057506,0.012,True,182
4545,9.090000000000401,181,20,4525,NORMAL,9.000000000000451,9.000267400057506,0.01,True,182
4546,9.0920000000004,181,21,4525,NORMAL,9.000000000000451,9.000267400057506,0.008,True,182
4547,9.094000000000399,181,22,4525,NORMAL,9.000000000000451,9.000267400057506,0.006,True,182
4548,9.096000000000398,181,23,4525,NORMAL,9.000000000000451,9.000267400057506,0.004,True,182
4549,9.098000000000397,181,24,4525,NORMAL,9.000000000000451,9.000267400057506,0.002,True,182
4550,9.100000000000396,182,0,4550,NORMAL,9.050000000000423,9.050296400045468,0.05,False,
4551,9.102000000000395,182,1,4550,NORMAL,9.050000000000423,9.050296400045468,0.048,True,183
4552,9.104000000000394,182,2,4550,NORMAL,9.050000000000423,9.050296400045468,0.046,True,183
4553,9.106000000000392,182,3,4550,NORMAL,9.050000000000423,9.050296400045468,0.044,True,183
4554,9.108000000000391,182,4,4550,NORMAL,9.050000000000423,9.050296400045468,0.042,True,183
4555,9.11000000000039,182,5,4550,NORMAL,9.050000000000423,9.050296400045468,0.04,True,183
4556,9.11200000000039,182,6,4550,NORMAL,9.050000000000423,9.050296400045468,0.038,True,183
4557,9.114000000000388,182,7,4550,NORMAL,9.050000000000423,9.050296400045468,0.036000000000000004,True,183
4558,9.116000000000387,182,8,4550,NORMAL,9.050000000000423,9.050296400045468,0.034,True,183
4559,9.118000000000386,182,9,4550,NORMAL,9.050000000000423,9.050296400045468,0.032,True,183
4560,9.120000000000385,182,10,4550,NORMAL,9.050000000000423,9.050296400045468,0.03,True,183
4561,9.122000000000384,182,11,4550,NORMAL,9.050000000000423,9.050296400045468,0.028,True,183
4562,9.124000000000382,182,12,4550,NORMAL,9.050000000000423,9.050296400045468,0.026000000000000002,True,183
4563,9.126000000000381,182,13,4550,NORMAL,9.050000000000423,9.050296400045468,0.024,True,183
4564,9.12800000000038,182,14,4550,NORMAL,9.050000000000423,9.050296400045468,0.022,True,183
4565,9.13000000000038,182,15,4550,NORMAL,9.050000000000423,9.050296400045468,0.02,True,183
4566,9.132000000000378,182,16,4550,NORMAL,9.050000000000423,9.050296400045468,0.018000000000000002,True,183
4567,9.134000000000377,182,17,4550,NORMAL,9.050000000000423,9.050296400045468,0.016,True,183
4568,9.136000000000376,182,18,4550,NORMAL,9.050000000000423,9.050296400045468,0.014,True,183
4569,9.138000000000375,182,19,4550,NORMAL,9.050000000000423,9.050296400045468,0.012,True,183
4570,9.140000000000374,182,20,4550,NORMAL,9.050000000000423,9.050296400045468,0.01,True,183
4571,9.142000000000372,182,21,4550,NORMAL,9.050000000000423,9.050296400045468,0.008,True,183
4572,9.144000000000371,182,22,4550,NORMAL,9.050000000000423,9.050296400045468,0.006,True,183
4573,9.14600000000037,182,23,4550,NORMAL,9.050000000000423,9.050296400045468,0.004,True,183
4574,9.14800000000037,182,24,4550,NORMAL,9.050000000000423,9.050296400045468,0.002,True,183
4575,9.150000000000368,183,0,4575,NORMAL,9.100000000000396,9.100274199992814,0.05,False,
4576,9.152000000000367,183,1,4575,NORMAL,9.100000000000396,9.100274199992814,0.048,True,184
4577,9.154000000000366,183,2,4575,NORMAL,9.100000000000396,9.100274199992814,0.046,True,184
4578,9.156000000000365,183,3,4575,NORMAL,9.100000000000396,9.100274199992814,0.044,True,184
4579,9.158000000000364,183,4,4575,NORMAL,9.100000000000396,9.100274199992814,0.042,True,184
4580,9.160000000000363,183,5,4575,NORMAL,9.100000000000396,9.100274199992814,0.04,True,184
4581,9.162000000000361,183,6,4575,NORMAL,9.100000000000396,9.100274199992814,0.038,True,184
4582,9.16400000000036,183,7,4575,NORMAL,9.100000000000396,9.100274199992814,0.036000000000000004,True,184
4583,9.16600000000036,183,8,4575,NORMAL,9.100000000000396,9.100274199992814,0.034,True,184
4584,9.168000000000358,183,9,4575,NORMAL,9.100000000000396,9.100274199992814,0.032,True,184
4585,9.170000000000357,183,10,4575,NORMAL,9.100000000000396,9.100274199992814,0.03,True,184
4586,9.172000000000356,183,11,4575,NORMAL,9.100000000000396,9.100274199992814,0.028,True,184
4587,9.174000000000355,183,12,4575,NORMAL,9.100000000000396,9.100274199992814,0.026000000000000002,True,184
4588,9.176000000000354,183,13,4575,NORMAL,9.100000000000396,9.100274199992814,0.024,True,184
4589,9.178000000000353,183,14,4575,NORMAL,9.100000000000396,9.100274199992814,0.022,True,184
4590,9.180000000000351,183,15,4575,NORMAL,9.100000000000396,9.100274199992814,0.02,True,184
4591,9.18200000000035,183,16,4575,NORMAL,9.100000000000396,9.100274199992814,0.018000000000000002,True,184
4592,9.18400000000035,183,17,4575,NORMAL,9.100000000000396,9.100274199992814,0.016,True,184
4593,9.186000000000348,183,18,4575,NORMAL,9.100000000000396,9.100274199992814,0.014,True,184
4594,9.188000000000347,183,19,4575,NORMAL,9.100000000000396,9.100274199992814,0.012,True,184
4595,9.190000000000346,183,20,4575,NORMAL,9.100000000000396,9.100274199992814,0.01,True,184
4596,9.192000000000345,183,21,4575,NORMAL,9.100000000000396,9.100274199992814,0.008,True,184
4597,9.194000000000344,183,22,4575,NORMAL,9.100000000000396,9.100274199992814,0.006,True,184
4598,9.196000000000343,183,23,4575,NORMAL,9.100000000000396,9.100274199992814,0.004,True,184
4599,9.198000000000341,183,24,4575,NORMAL,9.100000000000396,9.100274199992814,0.002,True,184
4600,9.20000000000034,184,0,4600,NORMAL,9.150000000000368,9.15027580000497,0.05,False,
4601,9.20200000000034,184,1,4600,NORMAL,9.150000000000368,9.15027580000497,0.048,True,185
4602,9.204000000000338,184,2,4600,NORMAL,9.150000000000368,9.15027580000497,0.046,True,185
4603,9.206000000000337,184,3,4600,NORMAL,9.150000000000368,9.15027580000497,0.044,True,185
4604,9.208000000000336,184,4,4600,NORMAL,9.150000000000368,9.15027580000497,0.042,True,185
4605,9.210000000000335,184,5,4600,NORMAL,9.150000000000368,9.15027580000497,0.04,True,185
4606,9.212000000000334,184,6,4600,NORMAL,9.150000000000368,9.15027580000497,0.038,True,185
4607,9.214000000000333,184,7,4600,NORMAL,9.150000000000368,9.15027580000497,0.036000000000000004,True,185
4608,9.216000000000331,184,8,4600,NORMAL,9.150000000000368,9.15027580000497,0.034,True,185
4609,9.21800000000033,184,9,4600,NORMAL,9.150000000000368,9.15027580000497,0.032,True,185
4610,9.22000000000033,184,10,4600,NORMAL,9.150000000000368,9.15027580000497,0.03,True,185
4611,9.222000000000328,184,11,4600,NORMAL,9.150000000000368,9.15027580000497,0.028,True,185
4612,9.224000000000327,184,12,4600,NORMAL,9.150000000000368,9.15027580000497,0.026000000000000002,True,185
4613,9.226000000000326,184,13,4600,NORMAL,9.150000000000368,9.15027580000497,0.024,True,185
4614,9.228000000000325,184,14,4600,NORMAL,9.150000000000368,9.15027580000497,0.022,True,185
4615,9.230000000000324,184,15,4600,NORMAL,9.150000000000368,9.15027580000497,0.02,True,185
4616,9.232000000000323,184,16,4600,NORMAL,9.150000000000368,9.15027580000497,0.018000000000000002,True,185
4617,9.234000000000322,184,17,4600,NORMAL,9.150000000000368,9.15027580000497,0.016,True,185
4618,9.23600000000032,184,18,4600,NORMAL,9.150000000000368,9.15027580000497,0.014,True,185
4619,9.23800000000032,184,19,4600,NORMAL,9.150000000000368,9.15027580000497,0.012,True,185
4620,9.240000000000318,184,20,4600,NORMAL,9.150000000000368,9.15027580000497,0.01,True,185
4621,9.242000000000317,184,21,4600,NORMAL,9.150000000000368,9.15027580000497,0.008,True,185
4622,9.244000000000316,184,22,4600,NORMAL,9.150000000000368,9.15027580000497,0.006,True,185
4623,9.246000000000315,184,23,4600,NORMAL,9.150000000000368,9.15027580000497,0.004,True,185
4624,9.248000000000314,184,24,4600,NORMAL,9.150000000000368,9.15027580000497,0.002,True,185
4625,9.250000000000313,185,0,4625,NORMAL,9.20000000000034,9.20033889990334,0.05,False,
4626,9.252000000000312,185,1,4625,NORMAL,9.20000000000034,9.20033889990334,0.048,True,186
4627,9.25400000000031,185,2,4625,NORMAL,9.20000000000034,9.20033889990334,0.046,True,186
4628,9.25600000000031,185,3,4625,NORMAL,9.20000000000034,9.20033889990334,0.044,True,186
4629,9.258000000000308,185,4,4625,NORMAL,9.20000000000034,9.20033889990334,0.042,True,186
4630,9.260000000000307,185,5,4625,NORMAL,9.20000000000034,9.20033889990334,0.04,True,186
4631,9.262000000000306,185,6,4625,NORMAL,9.20000000000034,9.20033889990334,0.038,True,186
4632,9.264000000000305,185,7,4625,NORMAL,9.20000000000034,9.20033889990334,0.036000000000000004,True,186
4633,9.266000000000304,185,8,4625,NORMAL,9.20000000000034,9.20033889990334,0.034,True,186
4634,9.268000000000303,185,9,4625,NORMAL,9.20000000000034,9.20033889990334,0.032,True,186
4635,9.270000000000302,185,10,4625,NORMAL,9.20000000000034,9.20033889990334,0.03,True,186
4636,9.2720000000003,185,11,4625,NORMAL,9.20000000000034,9.20033889990334,0.028,True,186
4637,9.2740000000003,185,12,4625,NORMAL,9.20000000000034,9.20033889990334,0.026000000000000002,True,186
4638,9.276000000000298,185,13,4625,NORMAL,9.20000000000034,9.20033889990334,0.024,True,186
4639,9.278000000000297,185,14,4625,NORMAL,9.20000000000034,9.20033889990334,0.022,True,186
4640,9.280000000000296,185,15,4625,NORMAL,9.20000000000034,9.20033889990334,0.02,True,186
4641,9.282000000000295,185,16,4625,NORMAL,9.20000000000034,9.20033889990334,0.018000000000000002,True,186
4642,9.284000000000294,185,17,4625,NORMAL,9.20000000000034,9.20033889990334,0.016,True,186
4643,9.286000000000293,185,18,4625,NORMAL,9.20000000000034,9.20033889990334,0.014,True,186
4644,9.288000000000292,185,19,4625,NORMAL,9.20000000000034,9.20033889990334,0.012,True,186
4645,9.29000000000029,185,20,4625,NORMAL,9.20000000000034,9.20033889990334,0.01,True,186
4646,9.29200000000029,185,21,4625,NORMAL,9.20000000000034,9.20033889990334,0.008,True,186
4647,9.294000000000288,185,22,4625,NORMAL,9.20000000000034,9.20033889990334,0.006,True,186
4648,9.296000000000287,185,23,4625,NORMAL,9.20000000000034,9.20033889990334,0.004,True,186
4649,9.298000000000286,185,24,4625,NORMAL,9.20000000000034,9.20033889990334,0.002,True,186
4650,9.300000000000285,186,0,4650,NORMAL,9.250000000000313,9.250266400049753,0.05,False,
4651,9.302000000000284,186,1,4650,NORMAL,9.250000000000313,9.250266400049753,0.048,True,187
4652,9.304000000000283,186,2,4650,NORMAL,9.250000000000313,9.250266400049753,0.046,True,187
4653,9.306000000000282,186,3,4650,NORMAL,9.250000000000313,9.250266400049753,0.044,True,187
4654,9.30800000000028,186,4,4650,NORMAL,9.250000000000313,9.250266400049753,0.042,True,187
4655,9.31000000000028,186,5,4650,NORMAL,9.250000000000313,9.250266400049753,0.04,True,187
4656,9.312000000000278,186,6,4650,NORMAL,9.250000000000313,9.250266400049753,0.038,True,187
4657,9.314000000000277,186,7,4650,NORMAL,9.250000000000313,9.250266400049753,0.036000000000000004,True,187
4658,9.316000000000276,186,8,4650,NORMAL,9.250000000000313,9.250266400049753,0.034,True,187
4659,9.318000000000275,186,9,4650,NORMAL,9.250000000000313,9.250266400049753,0.032,True,187
4660,9.320000000000274,186,10,4650,NORMAL,9.250000000000313,9.250266400049753,0.03,True,187
4661,9.322000000000273,186,11,4650,NORMAL,9.250000000000313,9.250266400049753,0.028,True,187
4662,9.324000000000272,186,12,4650,NORMAL,9.250000000000313,9.250266400049753,0.026000000000000002,True,187
4663,9.32600000000027,186,13,4650,NORMAL,9.250000000000313,9.250266400049753,0.024,True,187
4664,9.32800000000027,186,14,4650,NORMAL,9.250000000000313,9.250266400049753,0.022,True,187
4665,9.330000000000268,186,15,4650,NORMAL,9.250000000000313,9.250266400049753,0.02,True,187
4666,9.332000000000267,186,16,4650,NORMAL,9.250000000000313,9.250266400049753,0.018000000000000002,True,187
4667,9.334000000000266,186,17,4650,NORMAL,9.250000000000313,9.250266400049753,0.016,True,187
4668,9.336000000000265,186,18,4650,NORMAL,9.250000000000313,9.250266400049753,0.014,True,187
4669,9.338000000000264,186,19,4650,NORMAL,9.250000000000313,9.250266400049753,0.012,True,187
4670,9.340000000000263,186,20,4650,NORMAL,9.250000000000313,9.250266400049753,0.01,True,187
4671,9.342000000000262,186,21,4650,NORMAL,9.250000000000313,9.250266400049753,0.008,True,187
4672,9.34400000000026,186,22,4650,NORMAL,9.250000000000313,9.250266400049753,0.006,True,187
4673,9.34600000000026,186,23,4650,NORMAL,9.250000000000313,9.250266400049753,0.004,True,187
4674,9.348000000000258,186,24,4650,NORMAL,9.250000000000313,9.250266400049753,0.002,True,187
4675,9.350000000000257,187,0,4675,NORMAL,9.300000000000285,9.300278700026968,0.05,False,
4676,9.352000000000256,187,1,4675,NORMAL,9.300000000000285,9.300278700026968,0.048,True,188
4677,9.354000000000255,187,2,4675,NORMAL,9.300000000000285,9.300278700026968,0.046,True,188
4678,9.356000000000254,187,3,4675,NORMAL,9.300000000000285,9.300278700026968,0.044,True,188
4679,9.358000000000253,187,4,4675,NORMAL,9.300000000000285,9.300278700026968,0.042,True,188
4680,9.360000000000252,187,5,4675,NORMAL,9.300000000000285,9.300278700026968,0.04,True,188
4681,9.36200000000025,187,6,4675,NORMAL,9.300000000000285,9.300278700026968,0.038,True,188
4682,9.36400000000025,187,7,4675,NORMAL,9.300000000000285,9.300278700026968,0.036000000000000004,True,188
4683,9.366000000000248,187,8,4675,NORMAL,9.300000000000285,9.300278700026968,0.034,True,188
4684,9.368000000000247,187,9,4675,NORMAL,9.300000000000285,9.300278700026968,0.032,True,188
4685,9.370000000000246,187,10,4675,NORMAL,9.300000000000285,9.300278700026968,0.03,True,188
4686,9.372000000000245,187,11,4675,NORMAL,9.300000000000285,9.300278700026968,0.028,True,188
4687,9.374000000000244,187,12,4675,NORMAL,9.300000000000285,9.300278700026968,0.026000000000000002,True,188
4688,9.376000000000243,187,13,4675,NORMAL,9.300000000000285,9.300278700026968,0.024,True,188
4689,9.378000000000242,187,14,4675,NORMAL,9.300000000000285,9.300278700026968,0.022,True,188
4690,9.38000000000024,187,15,4675,NORMAL,9.300000000000285,9.300278700026968,0.02,True,188
4691,9.38200000000024,187,16,4675,NORMAL,9.300000000000285,9.300278700026968,0.018000000000000002,True,188
4692,9.384000000000238,187,17,4675,NORMAL,9.300000000000285,9.300278700026968,0.016,True,188
4693,9.386000000000237,187,18,4675,NORMAL,9.300000000000285,9.300278700026968,0.014,True,188
4694,9.388000000000236,187,19,4675,NORMAL,9.300000000000285,9.300278700026968,0.012,True,188
4695,9.390000000000235,187,20,4675,NORMAL,9.300000000000285,9.300278700026968,0.01,True,188
4696,9.392000000000234,187,21,4675,NORMAL,9.300000000000285,9.300278700026968,0.008,True,188
4697,9.394000000000233,187,22,4675,NORMAL,9.300000000000285,9.300278700026968,0.006,True,188
4698,9.396000000000232,187,23,4675,NORMAL,9.300000000000285,9.300278700026968,0.004,True,188
4699,9.39800000000023,187,24,4675,NORMAL,9.300000000000285,9.300278700026968,0.002,True,188
4700,9.40000000000023,188,0,4700,NORMAL,9.350000000000257,9.350270799966786,0.05,False,
4701,9.402000000000228,188,1,4700,NORMAL,9.350000000000257,9.350270799966786,0.048,True,189
4702,9.404000000000227,188,2,4700,NORMAL,9.350000000000257,9.350270799966786,0.046,True,189
4703,9.406000000000226,188,3,4700,NORMAL,9.350000000000257,9.350270799966786,0.044,True,189
4704,9.408000000000225,188,4,4700,NORMAL,9.350000000000257,9.350270799966786,0.042,True,189
4705,9.410000000000224,188,5,4700,NORMAL,9.350000000000257,9.350270799966786,0.04,True,189
4706,9.412000000000223,188,6,4700,NORMAL,9.350000000000257,9.350270799966786,0.038,True,189
4707,9.414000000000222,188,7,4700,NORMAL,9.350000000000257,9.350270799966786,0.036000000000000004,True,189
4708,9.41600000000022,188,8,4700,NORMAL,9.350000000000257,9.350270799966786,0.034,True,189
4709,9.41800000000022,188,9,4700,NORMAL,9.350000000000257,9.350270799966786,0.032,True,189
4710,9.420000000000218,188,10,4700,NORMAL,9.350000000000257,9.350270799966786,0.03,True,189
4711,9.422000000000217,188,11,4700,NORMAL,9.350000000000257,9.350270799966786,0.028,True,189
4712,9.424000000000216,188,12,4700,NORMAL,9.350000000000257,9.350270799966786,0.026000000000000002,True,189
4713,9.426000000000215,188,13,4700,NORMAL,9.350000000000257,9.350270799966786,0.024,True,189
4714,9.428000000000214,188,14,4700,NORMAL,9.350000000000257,9.350270799966786,0.022,True,189
4715,9.430000000000213,188,15,4700,NORMAL,9.350000000000257,9.350270799966786,0.02,True,189
4716,9.432000000000212,188,16,4700,NORMAL,9.350000000000257,9.350270799966786,0.018000000000000002,True,189
4717,9.43400000000021,188,17,4700,NORMAL,9.350000000000257,9.350270799966786,0.016,True,189
4718,9.43600000000021,188,18,4700,NORMAL,9.350000000000257,9.350270799966786,0.014,True,189
4719,9.438000000000208,188,19,4700,NORMAL,9.350000000000257,9.350270799966786,0.012,True,189
4720,9.440000000000207,188,20,4700,NORMAL,9.350000000000257,9.350270799966786,0.01,True,189
4721,9.442000000000206,188,21,4700,NORMAL,9.350000000000257,9.350270799966786,0.008,True,189
4722,9.444000000000205,188,22,4700,NORMAL,9.350000000000257,9.350270799966786,0.006,True,189
4723,9.446000000000204,188,23,4700,NORMAL,9.350000000000257,9.350270799966786,0.004,True,189
4724,9.448000000000203,188,24,4700,NORMAL,9.350000000000257,9.350270799966786,0.002,True,189
4725,9.450000000000202,189,0,4725,NORMAL,9.40000000000023,9.400278599909736,0.05,False,
4726,9.4520000000002,189,1,4725,NORMAL,9.40000000000023,9.400278599909736,0.048,True,190
4727,9.4540000000002,189,2,4725,NORMAL,9.40000000000023,9.400278599909736,0.046,True,190
4728,9.456000000000198,189,3,4725,NORMAL,9.40000000000023,9.400278599909736,0.044,True,190
4729,9.458000000000197,189,4,4725,NORMAL,9.40000000000023,9.400278599909736,0.042,True,190
4730,9.460000000000196,189,5,4725,NORMAL,9.40000000000023,9.400278599909736,0.04,True,190
4731,9.462000000000195,189,6,4725,NORMAL,9.40000000000023,9.400278599909736,0.038,True,190
4732,9.464000000000194,189,7,4725,NORMAL,9.40000000000023,9.400278599909736,0.036000000000000004,True,190
4733,9.466000000000193,189,8,4725,NORMAL,9.40000000000023,9.400278599909736,0.034,True,190
4734,9.468000000000192,189,9,4725,NORMAL,9.40000000000023,9.400278599909736,0.032,True,190
4735,9.47000000000019,189,10,4725,NORMAL,9.40000000000023,9.400278599909736,0.03,True,190
4736,9.47200000000019,189,11,4725,NORMAL,9.40000000000023,9.400278599909736,0.028,True,190
4737,9.474000000000188,189,12,4725,NORMAL,9.40000000000023,9.400278599909736,0.026000000000000002,True,190
4738,9.476000000000187,189,13,4725,NORMAL,9.40000000000023,9.400278599909736,0.024,True,190
4739,9.478000000000186,189,14,4725,NORMAL,9.40000000000023,9.400278599909736,0.022,True,190
4740,9.480000000000185,189,15,4725,NORMAL,9.40000000000023,9.400278599909736,0.02,True,190
4741,9.482000000000184,189,16,4725,NORMAL,9.40000000000023,9.400278599909736,0.018000000000000002,True,190
4742,9.484000000000183,189,17,4725,NORMAL,9.40000000000023,9.400278599909736,0.016,True,190
4743,9.486000000000182,189,18,4725,NORMAL,9.40000000000023,9.400278599909736,0.014,True,190
4744,9.48800000000018,189,19,4725,NORMAL,9.40000000000023,9.400278599909736,0.012,True,190
4745,9.49000000000018,189,20,4725,NORMAL,9.40000000000023,9.400278599909736,0.01,True,190
4746,9.492000000000179,189,21,4725,NORMAL,9.40000000000023,9.400278599909736,0.008,True,190
4747,9.494000000000177,189,22,4725,NORMAL,9.40000000000023,9.400278599909736,0.006,True,190
4748,9.496000000000176,189,23,4725,NORMAL,9.40000000000023,9.400278599909736,0.004,True,190
4749,9.498000000000175,189,24,4725,NORMAL,9.40000000000023,9.400278599909736,0.002,True,190
4750,9.500000000000174,190,0,4750,NORMAL,9.450000000000202,9.45027079996673,0.05,False,
4751,9.502000000000173,190,1,4750,NORMAL,9.450000000000202,9.45027079996673,0.048,True,191
4752,9.504000000000172,190,2,4750,NORMAL,9.450000000000202,9.45027079996673,0.046,True,191
4753,9.50600000000017,190,3,4750,NORMAL,9.450000000000202,9.45027079996673,0.044,True,191
4754,9.50800000000017,190,4,4750,NORMAL,9.450000000000202,9.45027079996673,0.042,True,191
4755,9.510000000000169,190,5,4750,NORMAL,9.450000000000202,9.45027079996673,0.04,True,191
4756,9.512000000000167,190,6,4750,NORMAL,9.450000000000202,9.45027079996673,0.038,True,191
4757,9.514000000000166,190,7,4750,NORMAL,9.450000000000202,9.45027079996673,0.036000000000000004,True,191
4758,9.516000000000165,190,8,4750,NORMAL,9.450000000000202,9.45027079996673,0.034,True,191
4759,9.518000000000164,190,9,4750,NORMAL,9.450000000000202,9.45027079996673,0.032,True,191
4760,9.520000000000163,190,10,4750,NORMAL,9.450000000000202,9.45027079996673,0.03,True,191
4761,9.522000000000162,190,11,4750,NORMAL,9.450000000000202,9.45027079996673,0.028,True,191
4762,9.52400000000016,190,12,4750,NORMAL,9.450000000000202,9.45027079996673,0.026000000000000002,True,191
4763,9.52600000000016,190,13,4750,NORMAL,9.450000000000202,9.45027079996673,0.024,True,191
4764,9.528000000000159,190,14,4750,NORMAL,9.450000000000202,9.45027079996673,0.022,True,191
4765,9.530000000000157,190,15,4750,NORMAL,9.450000000000202,9.45027079996673,0.02,True,191
4766,9.532000000000156,190,16,4750,NORMAL,9.450000000000202,9.45027079996673,0.018000000000000002,True,191
4767,9.534000000000155,190,17,4750,NORMAL,9.450000000000202,9.45027079996673,0.016,True,191
4768,9.536000000000154,190,18,4750,NORMAL,9.450000000000202,9.45027079996673,0.014,True,191
4769,9.538000000000153,190,19,4750,NORMAL,9.450000000000202,9.45027079996673,0.012,True,191
4770,9.540000000000152,190,20,4750,NORMAL,9.450000000000202,9.45027079996673,0.01,True,191
4771,9.54200000000015,190,21,4750,NORMAL,9.450000000000202,9.45027079996673,0.008,True,191
4772,9.54400000000015,190,22,4750,NORMAL,9.450000000000202,9.45027079996673,0.006,True,191
4773,9.546000000000149,190,23,4750,NORMAL,9.450000000000202,9.45027079996673,0.004,True,191
4774,9.548000000000147,190,24,4750,NORMAL,9.450000000000202,9.45027079996673,0.002,True,191
4775,9.550000000000146,191,0,4775,NORMAL,9.500000000000174,9.500273400102916,0.05,False,
4776,9.552000000000145,191,1,4775,NORMAL,9.500000000000174,9.500273400102916,0.048,True,192
4777,9.554000000000144,191,2,4775,NORMAL,9.500000000000174,9.500273400102916,0.046,True,192
4778,9.556000000000143,191,3,4775,NORMAL,9.500000000000174,9.500273400102916,0.044,True,192
4779,9.558000000000142,191,4,4775,NORMAL,9.500000000000174,9.500273400102916,0.042,True,192
4780,9.56000000000014,191,5,4775,NORMAL,9.500000000000174,9.500273400102916,0.04,True,192
4781,9.56200000000014,191,6,4775,NORMAL,9.500000000000174,9.500273400102916,0.038,True,192
4782,9.564000000000139,191,7,4775,NORMAL,9.500000000000174,9.500273400102916,0.036000000000000004,True,192
4783,9.566000000000138,191,8,4775,NORMAL,9.500000000000174,9.500273400102916,0.034,True,192
4784,9.568000000000136,191,9,4775,NORMAL,9.500000000000174,9.500273400102916,0.032,True,192
4785,9.570000000000135,191,10,4775,NORMAL,9.500000000000174,9.500273400102916,0.03,True,192
4786,9.572000000000134,191,11,4775,NORMAL,9.500000000000174,9.500273400102916,0.028,True,192
4787,9.574000000000133,191,12,4775,NORMAL,9.500000000000174,9.500273400102916,0.026000000000000002,True,192
4788,9.576000000000132,191,13,4775,NORMAL,9.500000000000174,9.500273400102916,0.024,True,192
4789,9.57800000000013,191,14,4775,NORMAL,9.500000000000174,9.500273400102916,0.022,True,192
4790,9.58000000000013,191,15,4775,NORMAL,9.500000000000174,9.500273400102916,0.02,True,192
4791,9.582000000000129,191,16,4775,NORMAL,9.500000000000174,9.500273400102916,0.018000000000000002,True,192
4792,9.584000000000128,191,17,4775,NORMAL,9.500000000000174,9.500273400102916,0.016,True,192
4793,9.586000000000126,191,18,4775,NORMAL,9.500000000000174,9.500273400102916,0.014,True,192
4794,9.588000000000125,191,19,4775,NORMAL,9.500000000000174,9.500273400102916,0.012,True,192
4795,9.590000000000124,191,20,4775,NORMAL,9.500000000000174,9.500273400102916,0.01,True,192
4796,9.592000000000123,191,21,4775,NORMAL,9.500000000000174,9.500273400102916,0.008,True,192
4797,9.594000000000122,191,22,4775,NORMAL,9.500000000000174,9.500273400102916,0.006,True,192
4798,9.59600000000012,191,23,4775,NORMAL,9.500000000000174,9.500273400102916,0.004,True,192
4799,9.59800000000012,191,24,4775,NORMAL,9.500000000000174,9.500273400102916,0.002,True,192
4800,9.600000000000119,192,0,4800,NORMAL,9.550000000000146,9.55034430006068,0.05,False,
4801,9.602000000000118,192,1,4800,NORMAL,9.550000000000146,9.55034430006068,0.048,True,193
4802,9.604000000000116,192,2,4800,NORMAL,9.550000000000146,9.55034430006068,0.046,True,193
4803,9.606000000000115,192,3,4800,NORMAL,9.550000000000146,9.55034430006068,0.044,True,193
4804,9.608000000000114,192,4,4800,NORMAL,9.550000000000146,9.55034430006068,0.042,True,193
4805,9.610000000000113,192,5,4800,NORMAL,9.550000000000146,9.55034430006068,0.04,True,193
4806,9.612000000000112,192,6,4800,NORMAL,9.550000000000146,9.55034430006068,0.038,True,193
4807,9.614000000000111,192,7,4800,NORMAL,9.550000000000146,9.55034430006068,0.036000000000000004,True,193
4808,9.61600000000011,192,8,4800,NORMAL,9.550000000000146,9.55034430006068,0.034,True,193
4809,9.618000000000109,192,9,4800,NORMAL,9.550000000000146,9.55034430006068,0.032,True,193
4810,9.620000000000108,192,10,4800,NORMAL,9.550000000000146,9.55034430006068,0.03,True,193
4811,9.622000000000106,192,11,4800,NORMAL,9.550000000000146,9.55034430006068,0.028,True,193
4812,9.624000000000105,192,12,4800,NORMAL,9.550000000000146,9.55034430006068,0.026000000000000002,True,193
4813,9.626000000000104,192,13,4800,NORMAL,9.550000000000146,9.55034430006068,0.024,True,193
4814,9.628000000000103,192,14,4800,NORMAL,9.550000000000146,9.55034430006068,0.022,True,193
4815,9.630000000000102,192,15,4800,NORMAL,9.550000000000146,9.55034430006068,0.02,True,193
4816,9.632000000000101,192,16,4800,NORMAL,9.550000000000146,9.55034430006068,0.018000000000000002,True,193
4817,9.6340000000001,192,17,4800,NORMAL,9.550000000000146,9.55034430006068,0.016,True,193
4818,9.636000000000099,192,18,4800,NORMAL,9.550000000000146,9.55034430006068,0.014,True,193
4819,9.638000000000098,192,19,4800,NORMAL,9.550000000000146,9.55034430006068,0.012,True,193
4820,9.640000000000096,192,20,4800,NORMAL,9.550000000000146,9.55034430006068,0.01,True,193
4821,9.642000000000095,192,21,4800,NORMAL,9.550000000000146,9.55034430006068,0.008,True,193
4822,9.644000000000094,192,22,4800,NORMAL,9.550000000000146,9.55034430006068,0.006,True,193
4823,9.646000000000093,192,23,4800,NORMAL,9.550000000000146,9.55034430006068,0.004,True,193
4824,9.648000000000092,192,24,4800,NORMAL,9.550000000000146,9.55034430006068,0.002,True,193
4825,9.650000000000091,193,0,4825,NORMAL,9.600000000000119,9.600271199969693,0.05,False,
4826,9.65200000000009,193,1,4825,NORMAL,9.600000000000119,9.600271199969693,0.048,True,194
4827,9.654000000000089,193,2,4825,NORMAL,9.600000000000119,9.600271199969693,0.046,True,194
4828,9.656000000000088,193,3,4825,NORMAL,9.600000000000119,9.600271199969693,0.044,True,194
4829,9.658000000000087,193,4,4825,NORMAL,9.600000000000119,9.600271199969693,0.042,True,194
4830,9.660000000000085,193,5,4825,NORMAL,9.600000000000119,9.600271199969693,0.04,True,194
4831,9.662000000000084,193,6,4825,NORMAL,9.600000000000119,9.600271199969693,0.038,True,194
4832,9.664000000000083,193,7,4825,NORMAL,9.600000000000119,9.600271199969693,0.036000000000000004,True,194
4833,9.666000000000082,193,8,4825,NORMAL,9.600000000000119,9.600271199969693,0.034,True,194
4834,9.668000000000081,193,9,4825,NORMAL,9.600000000000119,9.600271199969693,0.032,True,194
4835,9.67000000000008,193,10,4825,NORMAL,9.600000000000119,9.600271199969693,0.03,True,194
4836,9.672000000000079,193,11,4825,NORMAL,9.600000000000119,9.600271199969693,0.028,True,194
4837,9.674000000000078,193,12,4825,NORMAL,9.600000000000119,9.600271199969693,0.026000000000000002,True,194
4838,9.676000000000077,193,13,4825,NORMAL,9.600000000000119,9.600271199969693,0.024,True,194
4839,9.678000000000075,193,14,4825,NORMAL,9.600000000000119,9.600271199969693,0.022,True,194
4840,9.680000000000074,193,15,4825,NORMAL,9.600000000000119,9.600271199969693,0.02,True,194
4841,9.682000000000073,193,16,4825,NORMAL,9.600000000000119,9.600271199969693,0.018000000000000002,True,194
4842,9.684000000000072,193,17,4825,NORMAL,9.600000000000119,9.600271199969693,0.016,True,194
4843,9.686000000000071,193,18,4825,NORMAL,9.600000000000119,9.600271199969693,0.014,True,194
4844,9.68800000000007,193,19,4825,NORMAL,9.600000000000119,9.600271199969693,0.012,True,194
4845,9.690000000000069,193,20,4825,NORMAL,9.600000000000119,9.600271199969693,0.01,True,194
4846,9.692000000000068,193,21,4825,NORMAL,9.600000000000119,9.600271199969693,0.008,True,194
4847,9.694000000000067,193,22,4825,NORMAL,9.600000000000119,9.600271199969693,0.006,True,194
4848,9.696000000000065,193,23,4825,NORMAL,9.600000000000119,9.600271199969693,0.004,True,194
4849,9.698000000000064,193,24,4825,NORMAL,9.600000000000119,9.600271199969693,0.002,True,194
4850,9.700000000000063,194,0,4850,NORMAL,9.650000000000091,9.650280700042003,0.05,False,
4851,9.702000000000062,194,1,4850,NORMAL,9.650000000000091,9.650280700042003,0.048,True,195
4852,9.704000000000061,194,2,4850,NORMAL,9.650000000000091,9.650280700042003,0.046,True,195
4853,9.70600000000006,194,3,4850,NORMAL,9.650000000000091,9.650280700042003,0.044,True,195
4854,9.708000000000059,194,4,4850,NORMAL,9.650000000000091,9.650280700042003,0.042,True,195
4855,9.710000000000058,194,5,4850,NORMAL,9.650000000000091,9.650280700042003,0.04,True,195
4856,9.712000000000057,194,6,4850,NORMAL,9.650000000000091,9.650280700042003,0.038,True,195
4857,9.714000000000055,194,7,4850,NORMAL,9.650000000000091,9.650280700042003,0.036000000000000004,True,195
4858,9.716000000000054,194,8,4850,NORMAL,9.650000000000091,9.650280700042003,0.034,True,195
4859,9.718000000000053,194,9,4850,NORMAL,9.650000000000091,9.650280700042003,0.032,True,195
4860,9.720000000000052,194,10,4850,NORMAL,9.650000000000091,9.650280700042003,0.03,True,195
4861,9.722000000000051,194,11,4850,NORMAL,9.650000000000091,9.650280700042003,0.028,True,195
4862,9.72400000000005,194,12,4850,NORMAL,9.650000000000091,9.650280700042003,0.026000000000000002,True,195
4863,9.726000000000049,194,13,4850,NORMAL,9.650000000000091,9.650280700042003,0.024,True,195
4864,9.728000000000048,194,14,4850,NORMAL,9.650000000000091,9.650280700042003,0.022,True,195
4865,9.730000000000047,194,15,4850,NORMAL,9.650000000000091,9.650280700042003,0.02,True,195
4866,9.732000000000046,194,16,4850,NORMAL,9.650000000000091,9.650280700042003,0.018000000000000002,True,195
4867,9.734000000000044,194,17,4850,NORMAL,9.650000000000091,9.650280700042003,0.016,True,195
4868,9.736000000000043,194,18,4850,NORMAL,9.650000000000091,9.650280700042003,0.014,True,195
4869,9.738000000000042,194,19,4850,NORMAL,9.650000000000091,9.650280700042003,0.012,True,195
4870,9.740000000000041,194,20,4850,NORMAL,9.650000000000091,9.650280700042003,0.01,True,195
4871,9.74200000000004,194,21,4850,NORMAL,9.650000000000091,9.650280700042003,0.008,True,195
4872,9.744000000000039,194,22,4850,NORMAL,9.650000000000091,9.650280700042003,0.006,True,195
4873,9.746000000000038,194,23,4850,NORMAL,9.650000000000091,9.650280700042003,0.004,True,195
4874,9.748000000000037,194,24,4850,NORMAL,9.650000000000091,9.650280700042003,0.002,True,195
4875,9.750000000000036,195,0,4875,NORMAL,9.700000000000063,9.700278000021417,0.05,False,
4876,9.752000000000034,195,1,4875,NORMAL,9.700000000000063,9.700278000021417,0.048,True,196
4877,9.754000000000033,195,2,4875,NORMAL,9.700000000000063,9.700278000021417,0.046,True,196
4878,9.756000000000032,195,3,4875,NORMAL,9.700000000000063,9.700278000021417,0.044,True,196
4879,9.758000000000031,195,4,4875,NORMAL,9.700000000000063,9.700278000021417,0.042,True,196
4880,9.76000000000003,195,5,4875,NORMAL,9.700000000000063,9.700278000021417,0.04,True,196
4881,9.762000000000029,195,6,4875,NORMAL,9.700000000000063,9.700278000021417,0.038,True,196
4882,9.764000000000028,195,7,4875,NORMAL,9.700000000000063,9.700278000021417,0.036000000000000004,True,196
4883,9.766000000000027,195,8,4875,NORMAL,9.700000000000063,9.700278000021417,0.034,True,196
4884,9.768000000000026,195,9,4875,NORMAL,9.700000000000063,9.700278000021417,0.032,True,196
4885,9.770000000000024,195,10,4875,NORMAL,9.700000000000063,9.700278000021417,0.03,True,196
4886,9.772000000000023,195,11,4875,NORMAL,9.700000000000063,9.700278000021417,0.028,True,196
4887,9.774000000000022,195,12,4875,NORMAL,9.700000000000063,9.700278000021417,0.026000000000000002,True,196
4888,9.776000000000021,195,13,4875,NORMAL,9.700000000000063,9.700278000021417,0.024,True,196
4889,9.77800000000002,195,14,4875,NORMAL,9.700000000000063,9.700278000021417,0.022,True,196
4890,9.780000000000019,195,15,4875,NORMAL,9.700000000000063,9.700278000021417,0.02,True,196
4891,9.782000000000018,195,16,4875,NORMAL,9.700000000000063,9.700278000021417,0.018000000000000002,True,196
4892,9.784000000000017,195,17,4875,NORMAL,9.700000000000063,9.700278000021417,0.016,True,196
4893,9.786000000000016,195,18,4875,NORMAL,9.700000000000063,9.700278000021417,0.014,True,196
4894,9.788000000000014,195,19,4875,NORMAL,9.700000000000063,9.700278000021417,0.012,True,196
4895,9.790000000000013,195,20,4875,NORMAL,9.700000000000063,9.700278000021417,0.01,True,196
4896,9.792000000000012,195,21,4875,NORMAL,9.700000000000063,9.700278000021417,0.008,True,196
4897,9.794000000000011,195,22,4875,NORMAL,9.700000000000063,9.700278000021417,0.006,True,196
4898,9.79600000000001,195,23,4875,NORMAL,9.700000000000063,9.700278000021417,0.004,True,196
4899,9.798000000000009,195,24,4875,NORMAL,9.700000000000063,9.700278000021417,0.002,True,196
4900,9.800000000000008,196,0,4900,NORMAL,9.750000000000036,9.750273799989408,0.05,False,
4901,9.802000000000007,196,1,4900,NORMAL,9.750000000000036,9.750273799989408,0.048,True,197
4902,9.804000000000006,196,2,4900,NORMAL,9.750000000000036,9.750273799989408,0.046,True,197
4903,9.806000000000004,196,3,4900,NORMAL,9.750000000000036,9.750273799989408,0.044,True,197
4904,9.808000000000003,196,4,4900,NORMAL,9.750000000000036,9.750273799989408,0.042,True,197
4905,9.810000000000002,196,5,4900,NORMAL,9.750000000000036,9.750273799989408,0.04,True,197
4906,9.812000000000001,196,6,4900,NORMAL,9.750000000000036,9.750273799989408,0.038,True,197
4907,9.814,196,7,4900,NORMAL,9.750000000000036,9.750273799989408,0.036000000000000004,True,197
4908,9.815999999999999,196,8,4900,NORMAL,9.750000000000036,9.750273799989408,0.034,True,197
4909,9.817999999999998,196,9,4900,NORMAL,9.750000000000036,9.750273799989408,0.032,True,197
4910,9.819999999999997,196,10,4900,NORMAL,9.750000000000036,9.750273799989408,0.03,True,197
4911,9.821999999999996,196,11,4900,NORMAL,9.750000000000036,9.750273799989408,0.028,True,197
4912,9.823999999999995,196,12,4900,NORMAL,9.750000000000036,9.750273799989408,0.026000000000000002,True,197
4913,9.825999999999993,196,13,4900,NORMAL,9.750000000000036,9.750273799989408,0.024,True,197
4914,9.827999999999992,196,14,4900,NORMAL,9.750000000000036,9.750273799989408,0.022,True,197
4915,9.829999999999991,196,15,4900,NORMAL,9.750000000000036,9.750273799989408,0.02,True,197
4916,9.83199999999999,196,16,4900,NORMAL,9.750000000000036,9.750273799989408,0.018000000000000002,True,197
4917,9.833999999999989,196,17,4900,NORMAL,9.750000000000036,9.750273799989408,0.016,True,197
4918,9.835999999999988,196,18,4900,NORMAL,9.750000000000036,9.750273799989408,0.014,True,197
4919,9.837999999999987,196,19,4900,NORMAL,9.750000000000036,9.750273799989408,0.012,True,197
4920,9.839999999999986,196,20,4900,NORMAL,9.750000000000036,9.750273799989408,0.01,True,197
4921,9.841999999999985,196,21,4900,NORMAL,9.750000000000036,9.750273799989408,0.008,True,197
4922,9.843999999999983,196,22,4900,NORMAL,9.750000000000036,9.750273799989408,0.006,True,197
4923,9.845999999999982,196,23,4900,NORMAL,9.750000000000036,9.750273799989408,0.004,True,197
4924,9.847999999999981,196,24,4900,NORMAL,9.750000000000036,9.750273799989408,0.002,True,197
4925,9.84999999999998,197,0,4925,NORMAL,9.800000000000008,9.800288500101313,0.05,False,
4926,9.851999999999979,197,1,4925,NORMAL,9.800000000000008,9.800288500101313,0.048,True,198
4927,9.853999999999978,197,2,4925,NORMAL,9.800000000000008,9.800288500101313,0.046,True,198
4928,9.855999999999977,197,3,4925,NORMAL,9.800000000000008,9.800288500101313,0.044,True,198
4929,9.857999999999976,197,4,4925,NORMAL,9.800000000000008,9.800288500101313,0.042,True,198
4930,9.859999999999975,197,5,4925,NORMAL,9.800000000000008,9.800288500101313,0.04,True,198
4931,9.861999999999973,197,6,4925,NORMAL,9.800000000000008,9.800288500101313,0.038,True,198
4932,9.863999999999972,197,7,4925,NORMAL,9.800000000000008,9.800288500101313,0.036000000000000004,True,198
4933,9.865999999999971,197,8,4925,NORMAL,9.800000000000008,9.800288500101313,0.034,True,198
4934,9.86799999999997,197,9,4925,NORMAL,9.800000000000008,9.800288500101313,0.032,True,198
4935,9.869999999999969,197,10,4925,NORMAL,9.800000000000008,9.800288500101313,0.03,True,198
4936,9.871999999999968,197,11,4925,NORMAL,9.800000000000008,9.800288500101313,0.028,True,198
4937,9.873999999999967,197,12,4925,NORMAL,9.800000000000008,9.800288500101313,0.026000000000000002,True,198
4938,9.875999999999966,197,13,4925,NORMAL,9.800000000000008,9.800288500101313,0.024,True,198
4939,9.877999999999965,197,14,4925,NORMAL,9.800000000000008,9.800288500101313,0.022,True,198
4940,9.879999999999963,197,15,4925,NORMAL,9.800000000000008,9.800288500101313,0.02,True,198
4941,9.881999999999962,197,16,4925,NORMAL,9.800000000000008,9.800288500101313,0.018000000000000002,True,198
4942,9.883999999999961,197,17,4925,NORMAL,9.800000000000008,9.800288500101313,0.016,True,198
4943,9.88599999999996,197,18,4925,NORMAL,9.800000000000008,9.800288500101313,0.014,True,198
4944,9.887999999999959,197,19,4925,NORMAL,9.800000000000008,9.800288500101313,0.012,True,198
4945,9.889999999999958,197,20,4925,NORMAL,9.800000000000008,9.800288500101313,0.01,True,198
4946,9.891999999999957,197,21,4925,NORMAL,9.800000000000008,9.800288500101313,0.008,True,198
4947,9.893999999999956,197,22,4925,NORMAL,9.800000000000008,9.800288500101313,0.006,True,198
4948,9.895999999999955,197,23,4925,NORMAL,9.800000000000008,9.800288500101313,0.004,True,198
4949,9.897999999999954,197,24,4925,NORMAL,9.800000000000008,9.800288500101313,0.002,True,198
4950,9.899999999999952,198,0,4950,NORMAL,9.84999999999998,9.85027570000382,0.05,False,
4951,9.901999999999951,198,1,4950,NORMAL,9.84999999999998,9.85027570000382,0.048,True,199
4952,9.90399999999995,198,2,4950,NORMAL,9.84999999999998,9.85027570000382,0.046,True,199
4953,9.905999999999949,198,3,4950,NORMAL,9.84999999999998,9.85027570000382,0.044,True,199
4954,9.907999999999948,198,4,4950,NORMAL,9.84999999999998,9.85027570000382,0.042,True,199
4955,9.909999999999947,198,5,4950,NORMAL,9.84999999999998,9.85027570000382,0.04,True,199
4956,9.911999999999946,198,6,4950,NORMAL,9.84999999999998,9.85027570000382,0.038,True,199
4957,9.913999999999945,198,7,4950,NORMAL,9.84999999999998,9.85027570000382,0.036000000000000004,True,199
4958,9.915999999999944,198,8,4950,NORMAL,9.84999999999998,9.85027570000382,0.034,True,199
4959,9.917999999999942,198,9,4950,NORMAL,9.84999999999998,9.85027570000382,0.032,True,199
4960,9.919999999999941,198,10,4950,NORMAL,9.84999999999998,9.85027570000382,0.03,True,199
4961,9.92199999999994,198,11,4950,NORMAL,9.84999999999998,9.85027570000382,0.028,True,199
4962,9.923999999999939,198,12,4950,NORMAL,9.84999999999998,9.85027570000382,0.026000000000000002,True,199
4963,9.925999999999938,198,13,4950,NORMAL,9.84999999999998,9.85027570000382,0.024,True,199
4964,9.927999999999937,198,14,4950,NORMAL,9.84999999999998,9.85027570000382,0.022,True,199
4965,9.929999999999936,198,15,4950,NORMAL,9.84999999999998,9.85027570000382,0.02,True,199
4966,9.931999999999935,198,16,4950,NORMAL,9.84999999999998,9.85027570000382,0.018000000000000002,True,199
4967,9.933999999999934,198,17,4950,NORMAL,9.84999999999998,9.85027570000382,0.016,True,199
4968,9.935999999999932,198,18,4950,NORMAL,9.84999999999998,9.85027570000382,0.014,True,199
4969,9.937999999999931,198,19,4950,NORMAL,9.84999999999998,9.85027570000382,0.012,True,199
4970,9.93999999999993,198,20,4950,NORMAL,9.84999999999998,9.85027570000382,0.01,True,199
4971,9.94199999999993,198,21,4950,NORMAL,9.84999999999998,9.85027570000382,0.008,True,199
4972,9.943999999999928,198,22,4950,NORMAL,9.84999999999998,9.85027570000382,0.006,True,199
4973,9.945999999999927,198,23,4950,NORMAL,9.84999999999998,9.85027570000382,0.004,True,199
4974,9.947999999999926,198,24,4950,NORMAL,9.84999999999998,9.85027570000382,0.002,True,199
4975,9.949999999999925,199,0,4975,NORMAL,9.899999999999952,9.900327400048216,0.05,False,
4976,9.951999999999924,199,1,4975,NORMAL,9.899999999999952,9.900327400048216,0.048,True,200
4977,9.953999999999922,199,2,4975,NORMAL,9.899999999999952,9.900327400048216,0.046,True,200
4978,9.955999999999921,199,3,4975,NORMAL,9.899999999999952,9.900327400048216,0.044,True,200
4979,9.95799999999992,199,4,4975,NORMAL,9.899999999999952,9.900327400048216,0.042,True,200
4980,9.95999999999992,199,5,4975,NORMAL,9.899999999999952,9.900327400048216,0.04,True,200
4981,9.961999999999918,199,6,4975,NORMAL,9.899999999999952,9.900327400048216,0.038,True,200
4982,9.963999999999917,199,7,4975,NORMAL,9.899999999999952,9.900327400048216,0.036000000000000004,True,200
4983,9.965999999999916,199,8,4975,NORMAL,9.899999999999952,9.900327400048216,0.034,True,200
4984,9.967999999999915,199,9,4975,NORMAL,9.899999999999952,9.900327400048216,0.032,True,200
4985,9.969999999999914,199,10,4975,NORMAL,9.899999999999952,9.900327400048216,0.03,True,200
4986,9.971999999999912,199,11,4975,NORMAL,9.899999999999952,9.900327400048216,0.028,True,200
4987,9.973999999999911,199,12,4975,NORMAL,9.899999999999952,9.900327400048216,0.026000000000000002,True,200
4988,9.97599999999991,199,13,4975,NORMAL,9.899999999999952,9.900327400048216,0.024,True,200
4989,9.97799999999991,199,14,4975,NORMAL,9.899999999999952,9.900327400048216,0.022,True,200
4990,9.979999999999908,199,15,4975,NORMAL,9.899999999999952,9.900327400048216,0.02,True,200
4991,9.981999999999907,199,16,4975,NORMAL,9.899999999999952,9.900327400048216,0.018000000000000002,True,200
4992,9.983999999999906,199,17,4975,NORMAL,9.899999999999952,9.900327400048216,0.016,True,200
4993,9.985999999999905,199,18,4975,NORMAL,9.899999999999952,9.900327400048216,0.014,True,200
4994,9.987999999999904,199,19,4975,NORMAL,9.899999999999952,9.900327400048216,0.012,True,200
4995,9.989999999999903,199,20,4975,NORMAL,9.899999999999952,9.900327400048216,0.01,True,200
4996,9.991999999999901,199,21,4975,NORMAL,9.899999999999952,9.900327400048216,0.008,True,200
4997,9.9939999999999,199,22,4975,NORMAL,9.899999999999952,9.900327400048216,0.006,True,200
4998,9.9959999999999,199,23,4975,NORMAL,9.899999999999952,9.900327400048216,0.004,True,200
4999,9.997999999999898,199,24,4975,NORMAL,9.899999999999952,9.900327400048216,0.002,True,200
5000,9.999999999999897,200,0,5000,NORMAL,9.949999999999925,9.950264099915437,0.05,False,
5001,10.001999999999896,200,1,5000,NORMAL,9.949999999999925,9.950264099915437,0.048,True,201
5002,10.003999999999895,200,2,5000,NORMAL,9.949999999999925,9.950264099915437,0.046,True,201
5003,10.005999999999894,200,3,5000,NORMAL,9.949999999999925,9.950264099915437,0.044,True,201
5004,10.007999999999893,200,4,5000,NORMAL,9.949999999999925,9.950264099915437,0.042,True,201
5005,10.009999999999891,200,5,5000,NORMAL,9.949999999999925,9.950264099915437,0.04,True,201
5006,10.01199999999989,200,6,5000,NORMAL,9.949999999999925,9.950264099915437,0.038,True,201
5007,10.01399999999989,200,7,5000,NORMAL,9.949999999999925,9.950264099915437,0.036000000000000004,True,201
5008,10.015999999999888,200,8,5000,NORMAL,9.949999999999925,9.950264099915437,0.034,True,201
5009,10.017999999999887,200,9,5000,NORMAL,9.949999999999925,9.950264099915437,0.032,True,201
5010,10.019999999999886,200,10,5000,NORMAL,9.949999999999925,9.950264099915437,0.03,True,201
5011,10.021999999999885,200,11,5000,NORMAL,9.949999999999925,9.950264099915437,0.028,True,201
5012,10.023999999999884,200,12,5000,NORMAL,9.949999999999925,9.950264099915437,0.026000000000000002,True,201
5013,10.025999999999883,200,13,5000,NORMAL,9.949999999999925,9.950264099915437,0.024,True,201
5014,10.027999999999881,200,14,5000,NORMAL,9.949999999999925,9.950264099915437,0.022,True,201
5015,10.02999999999988,200,15,5000,NORMAL,9.949999999999925,9.950264099915437,0.02,True,201
5016,10.03199999999988,200,16,5000,NORMAL,9.949999999999925,9.950264099915437,0.018000000000000002,True,201
5017,10.033999999999878,200,17,5000,NORMAL,9.949999999999925,9.950264099915437,0.016,True,201
5018,10.035999999999877,200,18,5000,NORMAL,9.949999999999925,9.950264099915437,0.014,True,201
5019,10.037999999999876,200,19,5000,NORMAL,9.949999999999925,9.950264099915437,0.012,True,201
5020,10.039999999999875,200,20,5000,NORMAL,9.949999999999925,9.950264099915437,0.01,True,201
5021,10.041999999999874,200,21,5000,NORMAL,9.949999999999925,9.950264099915437,0.008,True,201
5022,10.043999999999873,200,22,5000,NORMAL,9.949999999999925,9.950264099915437,0.006,True,201
5023,10.045999999999871,200,23,5000,NORMAL,9.949999999999925,9.950264099915437,0.004,True,201
5024,10.04799999999987,200,24,5000,NORMAL,9.949999999999925,9.950264099915437,0.002,True,201
5025,10.04999999999987,201,0,5025,CANDIDATE,9.999999999999897,10.000271399970995,0.05,False,
5026,10.051999999999868,201,1,5025,CANDIDATE,9.999999999999897,10.000271399970995,0.048,True,202
5027,10.053999999999867,201,2,5025,CANDIDATE,9.999999999999897,10.000271399970995,0.046,True,202
5028,10.055999999999866,201,3,5025,CANDIDATE,9.999999999999897,10.000271399970995,0.044,True,202
5029,10.057999999999865,201,4,5025,CANDIDATE,9.999999999999897,10.000271399970995,0.042,True,202
5030,10.059999999999864,201,5,5025,CANDIDATE,9.999999999999897,10.000271399970995,0.04,True,202
5031,10.061999999999863,201,6,5025,CANDIDATE,9.999999999999897,10.000271399970995,0.038,True,202
5032,10.063999999999862,201,7,5025,CANDIDATE,9.999999999999897,10.000271399970995,0.036000000000000004,True,202
5033,10.06599999999986,201,8,5025,CANDIDATE,9.999999999999897,10.000271399970995,0.034,True,202
5034,10.06799999999986,201,9,5025,CANDIDATE,9.999999999999897,10.000271399970995,0.032,True,202
5035,10.069999999999858,201,10,5025,CANDIDATE,9.999999999999897,10.000271399970995,0.03,True,202
5036,10.071999999999857,201,11,5025,CANDIDATE,9.999999999999897,10.000271399970995,0.028,True,202
5037,10.073999999999856,201,12,5025,CANDIDATE,9.999999999999897,10.000271399970995,0.026000000000000002,True,202
5038,10.075999999999855,201,13,5025,CANDIDATE,9.999999999999897,10.000271399970995,0.024,True,202
5039,10.077999999999854,201,14,5025,CANDIDATE,9.999999999999897,10.000271399970995,0.022,True,202
5040,10.079999999999853,201,15,5025,CANDIDATE,9.999999999999897,10.000271399970995,0.02,True,202
5041,10.081999999999852,201,16,5025,CANDIDATE,9.999999999999897,10.000271399970995,0.018000000000000002,True,202
5042,10.08399999999985,201,17,5025,CANDIDATE,9.999999999999897,10.000271399970995,0.016,True,202
5043,10.08599999999985,201,18,5025,CANDIDATE,9.999999999999897,10.000271399970995,0.014,True,202
5044,10.087999999999848,201,19,5025,CANDIDATE,9.999999999999897,10.000271399970995,0.012,True,202
5045,10.089999999999847,201,20,5025,CANDIDATE,9.999999999999897,10.000271399970995,0.01,True,202
5046,10.091999999999846,201,21,5025,CANDIDATE,9.999999999999897,10.000271399970995,0.008,True,202
5047,10.093999999999845,201,22,5025,CANDIDATE,9.999999999999897,10.000271399970995,0.006,True,202
5048,10.095999999999844,201,23,5025,CANDIDATE,9.999999999999897,10.000271399970995,0.004,True,202
5049,10.097999999999843,201,24,5025,CANDIDATE,9.999999999999897,10.000271399970995,0.002,True,202
5050,10.099999999999842,202,0,5050,CANDIDATE,10.04999999999987,10.050269100069869,0.05,False,
5051,10.10199999999984,202,1,5050,CANDIDATE,10.04999999999987,10.050269100069869,0.048,True,203
5052,10.10399999999984,202,2,5050,CANDIDATE,10.04999999999987,10.050269100069869,0.046,True,203
5053,10.105999999999838,202,3,5050,CANDIDATE,10.04999999999987,10.050269100069869,0.044,True,203
5054,10.107999999999837,202,4,5050,CANDIDATE,10.04999999999987,10.050269100069869,0.042,True,203
5055,10.109999999999836,202,5,5050,CANDIDATE,10.04999999999987,10.050269100069869,0.04,True,203
5056,10.111999999999835,202,6,5050,CANDIDATE,10.04999999999987,10.050269100069869,0.038,True,203
5057,10.113999999999834,202,7,5050,CANDIDATE,10.04999999999987,10.050269100069869,0.036000000000000004,True,203
5058,10.115999999999833,202,8,5050,CANDIDATE,10.04999999999987,10.050269100069869,0.034,True,203
5059,10.117999999999832,202,9,5050,CANDIDATE,10.04999999999987,10.050269100069869,0.032,True,203
5060,10.11999999999983,202,10,5050,CANDIDATE,10.04999999999987,10.050269100069869,0.03,True,203
5061,10.12199999999983,202,11,5050,CANDIDATE,10.04999999999987,10.050269100069869,0.028,True,203
5062,10.123999999999828,202,12,5050,CANDIDATE,10.04999999999987,10.050269100069869,0.026000000000000002,True,203
5063,10.125999999999827,202,13,5050,CANDIDATE,10.04999999999987,10.050269100069869,0.024,True,203
5064,10.127999999999826,202,14,5050,CANDIDATE,10.04999999999987,10.050269100069869,0.022,True,203
5065,10.129999999999825,202,15,5050,CANDIDATE,10.04999999999987,10.050269100069869,0.02,True,203
5066,10.131999999999824,202,16,5050,CANDIDATE,10.04999999999987,10.050269100069869,0.018000000000000002,True,203
5067,10.133999999999823,202,17,5050,CANDIDATE,10.04999999999987,10.050269100069869,0.016,True,203
5068,10.135999999999822,202,18,5050,CANDIDATE,10.04999999999987,10.050269100069869,0.014,True,203
5069,10.13799999999982,202,19,5050,CANDIDATE,10.04999999999987,10.050269100069869,0.012,True,203
5070,10.13999999999982,202,20,5050,CANDIDATE,10.04999999999987,10.050269100069869,0.01,True,203
5071,10.141999999999818,202,21,5050,CANDIDATE,10.04999999999987,10.050269100069869,0.008,True,203
5072,10.143999999999817,202,22,5050,CANDIDATE,10.04999999999987,10.050269100069869,0.006,True,203
5073,10.145999999999816,202,23,5050,CANDIDATE,10.04999999999987,10.050269100069869,0.004,True,203
5074,10.147999999999815,202,24,5050,CANDIDATE,10.04999999999987,10.050269100069869,0.002,True,203
5075,10.149999999999814,203,0,5075,CANDIDATE,10.099999999999842,10.100285000074496,0.05,False,
5076,10.151999999999813,203,1,5075,CANDIDATE,10.099999999999842,10.100285000074496,0.048,True,204
5077,10.153999999999812,203,2,5075,CANDIDATE,10.099999999999842,10.100285000074496,0.046,True,204
5078,10.15599999999981,203,3,5075,CANDIDATE,10.099999999999842,10.100285000074496,0.044,True,204
5079,10.15799999999981,203,4,5075,CANDIDATE,10.099999999999842,10.100285000074496,0.042,True,204
5080,10.159999999999808,203,5,5075,CANDIDATE,10.099999999999842,10.100285000074496,0.04,True,204
5081,10.161999999999807,203,6,5075,CANDIDATE,10.099999999999842,10.100285000074496,0.038,True,204
5082,10.163999999999806,203,7,5075,CANDIDATE,10.099999999999842,10.100285000074496,0.036000000000000004,True,204
5083,10.165999999999805,203,8,5075,CANDIDATE,10.099999999999842,10.100285000074496,0.034,True,204
5084,10.167999999999804,203,9,5075,CANDIDATE,10.099999999999842,10.100285000074496,0.032,True,204
5085,10.169999999999803,203,10,5075,CANDIDATE,10.099999999999842,10.100285000074496,0.03,True,204
5086,10.171999999999802,203,11,5075,CANDIDATE,10.099999999999842,10.100285000074496,0.028,True,204
5087,10.1739999999998,203,12,5075,CANDIDATE,10.099999999999842,10.100285000074496,0.026000000000000002,True,204
5088,10.1759999999998,203,13,5075,CANDIDATE,10.099999999999842,10.100285000074496,0.024,True,204
5089,10.177999999999798,203,14,5075,CANDIDATE,10.099999999999842,10.100285000074496,0.022,True,204
5090,10.179999999999797,203,15,5075,CANDIDATE,10.099999999999842,10.100285000074496,0.02,True,204
5091,10.181999999999796,203,16,5075,CANDIDATE,10.099999999999842,10.100285000074496,0.018000000000000002,True,204
5092,10.183999999999795,203,17,5075,CANDIDATE,10.099999999999842,10.100285000074496,0.016,True,204
5093,10.185999999999794,203,18,5075,CANDIDATE,10.099999999999842,10.100285000074496,0.014,True,204
5094,10.187999999999793,203,19,5075,CANDIDATE,10.099999999999842,10.100285000074496,0.012,True,204
5095,10.189999999999792,203,20,5075,CANDIDATE,10.099999999999842,10.100285000074496,0.01,True,204
5096,10.19199999999979,203,21,5075,CANDIDATE,10.099999999999842,10.100285000074496,0.008,True,204
5097,10.19399999999979,203,22,5075,CANDIDATE,10.099999999999842,10.100285000074496,0.006,True,204
5098,10.195999999999788,203,23,5075,CANDIDATE,10.099999999999842,10.100285000074496,0.004,True,204
5099,10.197999999999787,203,24,5075,CANDIDATE,10.099999999999842,10.100285000074496,0.002,True,204
5100,10.199999999999786,204,0,5100,CANDIDATE,10.149999999999814,10.150265100039356,0.05,False,
5101,10.201999999999785,204,1,5100,CANDIDATE,10.149999999999814,10.150265100039356,0.048,True,205
5102,10.203999999999784,204,2,5100,CANDIDATE,10.149999999999814,10.150265100039356,0.046,True,205
5103,10.205999999999783,204,3,5100,CANDIDATE,10.149999999999814,10.150265100039356,0.044,True,205
5104,10.207999999999782,204,4,5100,CANDIDATE,10.149999999999814,10.150265100039356,0.042,True,205
5105,10.20999999999978,204,5,5100,CANDIDATE,10.149999999999814,10.150265100039356,0.04,True,205
5106,10.21199999999978,204,6,5100,CANDIDATE,10.149999999999814,10.150265100039356,0.038,True,205
5107,10.213999999999778,204,7,5100,CANDIDATE,10.149999999999814,10.150265100039356,0.036000000000000004,True,205
5108,10.215999999999777,204,8,5100,CANDIDATE,10.149999999999814,10.150265100039356,0.034,True,205
5109,10.217999999999776,204,9,5100,CANDIDATE,10.149999999999814,10.150265100039356,0.032,True,205
5110,10.219999999999775,204,10,5100,CANDIDATE,10.149999999999814,10.150265100039356,0.03,True,205
5111,10.221999999999774,204,11,5100,CANDIDATE,10.149999999999814,10.150265100039356,0.028,True,205
5112,10.223999999999773,204,12,5100,CANDIDATE,10.149999999999814,10.150265100039356,0.026000000000000002,True,205
5113,10.225999999999772,204,13,5100,CANDIDATE,10.149999999999814,10.150265100039356,0.024,True,205
5114,10.22799999999977,204,14,5100,CANDIDATE,10.149999999999814,10.150265100039356,0.022,True,205
5115,10.22999999999977,204,15,5100,CANDIDATE,10.149999999999814,10.150265100039356,0.02,True,205
5116,10.231999999999768,204,16,5100,CANDIDATE,10.149999999999814,10.150265100039356,0.018000000000000002,True,205
5117,10.233999999999767,204,17,5100,CANDIDATE,10.149999999999814,10.150265100039356,0.016,True,205
5118,10.235999999999766,204,18,5100,CANDIDATE,10.149999999999814,10.150265100039356,0.014,True,205
5119,10.237999999999765,204,19,5100,CANDIDATE,10.149999999999814,10.150265100039356,0.012,True,205
5120,10.239999999999764,204,20,5100,CANDIDATE,10.149999999999814,10.150265100039356,0.01,True,205
5121,10.241999999999763,204,21,5100,CANDIDATE,10.149999999999814,10.150265100039356,0.008,True,205
5122,10.243999999999762,204,22,5100,CANDIDATE,10.149999999999814,10.150265100039356,0.006,True,205
5123,10.24599999999976,204,23,5100,CANDIDATE,10.149999999999814,10.150265100039356,0.004,True,205
5124,10.24799999999976,204,24,5100,CANDIDATE,10.149999999999814,10.150265100039356,0.002,True,205
5125,10.249999999999758,205,0,5125,CANDIDATE,10.199999999999786,10.200260700005824,0.05,False,
5126,10.251999999999757,205,1,5125,CANDIDATE,10.199999999999786,10.200260700005824,0.048,True,206
5127,10.253999999999756,205,2,5125,CANDIDATE,10.199999999999786,10.200260700005824,0.046,True,206
5128,10.255999999999755,205,3,5125,CANDIDATE,10.199999999999786,10.200260700005824,0.044,True,206
5129,10.257999999999754,205,4,5125,CANDIDATE,10.199999999999786,10.200260700005824,0.042,True,206
5130,10.259999999999753,205,5,5125,CANDIDATE,10.199999999999786,10.200260700005824,0.04,True,206
5131,10.261999999999752,205,6,5125,CANDIDATE,10.199999999999786,10.200260700005824,0.038,True,206
5132,10.26399999999975,205,7,5125,CANDIDATE,10.199999999999786,10.200260700005824,0.036000000000000004,True,206
5133,10.26599999999975,205,8,5125,CANDIDATE,10.199999999999786,10.200260700005824,0.034,True,206
5134,10.267999999999748,205,9,5125,CANDIDATE,10.199999999999786,10.200260700005824,0.032,True,206
5135,10.269999999999747,205,10,5125,CANDIDATE,10.199999999999786,10.200260700005824,0.03,True,206
5136,10.271999999999746,205,11,5125,CANDIDATE,10.199999999999786,10.200260700005824,0.028,True,206
5137,10.273999999999745,205,12,5125,CANDIDATE,10.199999999999786,10.200260700005824,0.026000000000000002,True,206
5138,10.275999999999744,205,13,5125,CANDIDATE,10.199999999999786,10.200260700005824,0.024,True,206
5139,10.277999999999743,205,14,5125,CANDIDATE,10.199999999999786,10.200260700005824,0.022,True,206
5140,10.279999999999742,205,15,5125,CANDIDATE,10.199999999999786,10.200260700005824,0.02,True,206
5141,10.28199999999974,205,16,5125,CANDIDATE,10.199999999999786,10.200260700005824,0.018000000000000002,True,206
5142,10.28399999999974,205,17,5125,CANDIDATE,10.199999999999786,10.200260700005824,0.016,True,206
5143,10.285999999999738,205,18,5125,CANDIDATE,10.199999999999786,10.200260700005824,0.014,True,206
5144,10.287999999999737,205,19,5125,CANDIDATE,10.199999999999786,10.200260700005824,0.012,True,206
5145,10.289999999999736,205,20,5125,CANDIDATE,10.199999999999786,10.200260700005824,0.01,True,206
5146,10.291999999999735,205,21,5125,CANDIDATE,10.199999999999786,10.200260700005824,0.008,True,206
5147,10.293999999999734,205,22,5125,CANDIDATE,10.199999999999786,10.200260700005824,0.006,True,206
5148,10.295999999999733,205,23,5125,CANDIDATE,10.199999999999786,10.200260700005824,0.004,True,206
5149,10.297999999999732,205,24,5125,CANDIDATE,10.199999999999786,10.200260700005824,0.002,True,206
5150,10.29999999999973,206,0,5150,CANDIDATE,10.249999999999758,10.250330499955211,0.05,False,
5151,10.30199999999973,206,1,5150,CANDIDATE,10.249999999999758,10.250330499955211,0.048,True,207
5152,10.303999999999728,206,2,5150,CANDIDATE,10.249999999999758,10.250330499955211,0.046,True,207
5153,10.305999999999727,206,3,5150,CANDIDATE,10.249999999999758,10.250330499955211,0.044,True,207
5154,10.307999999999726,206,4,5150,CANDIDATE,10.249999999999758,10.250330499955211,0.042,True,207
5155,10.309999999999725,206,5,5150,CANDIDATE,10.249999999999758,10.250330499955211,0.04,True,207
5156,10.311999999999724,206,6,5150,CANDIDATE,10.249999999999758,10.250330499955211,0.038,True,207
5157,10.313999999999723,206,7,5150,CANDIDATE,10.249999999999758,10.250330499955211,0.036000000000000004,True,207
5158,10.315999999999722,206,8,5150,CANDIDATE,10.249999999999758,10.250330499955211,0.034,True,207
5159,10.31799999999972,206,9,5150,CANDIDATE,10.249999999999758,10.250330499955211,0.032,True,207
5160,10.31999999999972,206,10,5150,CANDIDATE,10.249999999999758,10.250330499955211,0.03,True,207
5161,10.321999999999719,206,11,5150,CANDIDATE,10.249999999999758,10.250330499955211,0.028,True,207
5162,10.323999999999717,206,12,5150,CANDIDATE,10.249999999999758,10.250330499955211,0.026000000000000002,True,207
5163,10.325999999999716,206,13,5150,CANDIDATE,10.249999999999758,10.250330499955211,0.024,True,207
5164,10.327999999999715,206,14,5150,CANDIDATE,10.249999999999758,10.250330499955211,0.022,True,207
5165,10.329999999999714,206,15,5150,CANDIDATE,10.249999999999758,10.250330499955211,0.02,True,207
5166,10.331999999999713,206,16,5150,CANDIDATE,10.249999999999758,10.250330499955211,0.018000000000000002,True,207
5167,10.333999999999712,206,17,5150,CANDIDATE,10.249999999999758,10.250330499955211,0.016,True,207
5168,10.33599999999971,206,18,5150,CANDIDATE,10.249999999999758,10.250330499955211,0.014,True,207
5169,10.33799999999971,206,19,5150,CANDIDATE,10.249999999999758,10.250330499955211,0.012,True,207
5170,10.339999999999709,206,20,5150,CANDIDATE,10.249999999999758,10.250330499955211,0.01,True,207
5171,10.341999999999707,206,21,5150,CANDIDATE,10.249999999999758,10.250330499955211,0.008,True,207
5172,10.343999999999706,206,22,5150,CANDIDATE,10.249999999999758,10.250330499955211,0.006,True,207
5173,10.345999999999705,206,23,5150,CANDIDATE,10.249999999999758,10.250330499955211,0.004,True,207
5174,10.347999999999704,206,24,5150,CANDIDATE,10.249999999999758,10.250330499955211,0.002,True,207
5175,10.349999999999703,207,0,5175,LIGHTWEIGHT,10.29999999999973,10.300708400038733,0.05,False,
5176,10.351999999999702,207,1,5175,LIGHTWEIGHT,10.29999999999973,10.300708400038733,0.048,True,208
5177,10.3539999999997,207,2,5175,LIGHTWEIGHT,10.29999999999973,10.300708400038733,0.046,True,208
5178,10.3559999999997,207,3,5175,LIGHTWEIGHT,10.29999999999973,10.300708400038733,0.044,True,208
5179,10.357999999999699,207,4,5175,LIGHTWEIGHT,10.29999999999973,10.300708400038733,0.042,True,208
5180,10.359999999999697,207,5,5175,LIGHTWEIGHT,10.29999999999973,10.300708400038733,0.04,True,208
5181,10.361999999999696,207,6,5175,LIGHTWEIGHT,10.29999999999973,10.300708400038733,0.038,True,208
5182,10.363999999999695,207,7,5175,LIGHTWEIGHT,10.29999999999973,10.300708400038733,0.036000000000000004,True,208
5183,10.365999999999694,207,8,5175,LIGHTWEIGHT,10.29999999999973,10.300708400038733,0.034,True,208
5184,10.367999999999693,207,9,5175,LIGHTWEIGHT,10.29999999999973,10.300708400038733,0.032,True,208
5185,10.369999999999692,207,10,5175,LIGHTWEIGHT,10.29999999999973,10.300708400038733,0.03,True,208
5186,10.37199999999969,207,11,5175,LIGHTWEIGHT,10.29999999999973,10.300708400038733,0.028,True,208
5187,10.37399999999969,207,12,5175,LIGHTWEIGHT,10.29999999999973,10.300708400038733,0.026000000000000002,True,208
5188,10.375999999999689,207,13,5175,LIGHTWEIGHT,10.29999999999973,10.300708400038733,0.024,True,208
5189,10.377999999999687,207,14,5175,LIGHTWEIGHT,10.29999999999973,10.300708400038733,0.022,True,208
5190,10.379999999999686,207,15,5175,LIGHTWEIGHT,10.29999999999973,10.300708400038733,0.02,True,208
5191,10.381999999999685,207,16,5175,LIGHTWEIGHT,10.29999999999973,10.300708400038733,0.018000000000000002,True,208
5192,10.383999999999684,207,17,5175,LIGHTWEIGHT,10.29999999999973,10.300708400038733,0.016,True,208
5193,10.385999999999683,207,18,5175,LIGHTWEIGHT,10.29999999999973,10.300708400038733,0.014,True,208
5194,10.387999999999682,207,19,5175,LIGHTWEIGHT,10.29999999999973,10.300708400038733,0.012,True,208
5195,10.38999999999968,207,20,5175,LIGHTWEIGHT,10.29999999999973,10.300708400038733,0.01,True,208
5196,10.39199999999968,207,21,5175,LIGHTWEIGHT,10.29999999999973,10.300708400038733,0.008,True,208
5197,10.393999999999679,207,22,5175,LIGHTWEIGHT,10.29999999999973,10.300708400038733,0.006,True,208
5198,10.395999999999677,207,23,5175,LIGHTWEIGHT,10.29999999999973,10.300708400038733,0.004,True,208
5199,10.397999999999676,207,24,5175,LIGHTWEIGHT,10.29999999999973,10.300708400038733,0.002,True,208
5200,10.399999999999675,208,0,5200,LIGHTWEIGHT,10.349999999999703,10.350263800029346,0.05,False,
5201,10.401999999999674,208,1,5200,LIGHTWEIGHT,10.349999999999703,10.350263800029346,0.048,True,209
5202,10.403999999999673,208,2,5200,LIGHTWEIGHT,10.349999999999703,10.350263800029346,0.046,True,209
5203,10.405999999999672,208,3,5200,LIGHTWEIGHT,10.349999999999703,10.350263800029346,0.044,True,209
5204,10.40799999999967,208,4,5200,LIGHTWEIGHT,10.349999999999703,10.350263800029346,0.042,True,209
5205,10.40999999999967,208,5,5200,LIGHTWEIGHT,10.349999999999703,10.350263800029346,0.04,True,209
5206,10.411999999999669,208,6,5200,LIGHTWEIGHT,10.349999999999703,10.350263800029346,0.038,True,209
5207,10.413999999999668,208,7,5200,LIGHTWEIGHT,10.349999999999703,10.350263800029346,0.036000000000000004,True,209
5208,10.415999999999666,208,8,5200,LIGHTWEIGHT,10.349999999999703,10.350263800029346,0.034,True,209
5209,10.417999999999665,208,9,5200,LIGHTWEIGHT,10.349999999999703,10.350263800029346,0.032,True,209
5210,10.419999999999664,208,10,5200,LIGHTWEIGHT,10.349999999999703,10.350263800029346,0.03,True,209
5211,10.421999999999663,208,11,5200,LIGHTWEIGHT,10.349999999999703,10.350263800029346,0.028,True,209
5212,10.423999999999662,208,12,5200,LIGHTWEIGHT,10.349999999999703,10.350263800029346,0.026000000000000002,True,209
5213,10.42599999999966,208,13,5200,LIGHTWEIGHT,10.349999999999703,10.350263800029346,0.024,True,209
5214,10.42799999999966,208,14,5200,LIGHTWEIGHT,10.349999999999703,10.350263800029346,0.022,True,209
5215,10.429999999999659,208,15,5200,LIGHTWEIGHT,10.349999999999703,10.350263800029346,0.02,True,209
5216,10.431999999999658,208,16,5200,LIGHTWEIGHT,10.349999999999703,10.350263800029346,0.018000000000000002,True,209
5217,10.433999999999656,208,17,5200,LIGHTWEIGHT,10.349999999999703,10.350263800029346,0.016,True,209
5218,10.435999999999655,208,18,5200,LIGHTWEIGHT,10.349999999999703,10.350263800029346,0.014,True,209
5219,10.437999999999654,208,19,5200,LIGHTWEIGHT,10.349999999999703,10.350263800029346,0.012,True,209
5220,10.439999999999653,208,20,5200,LIGHTWEIGHT,10.349999999999703,10.350263800029346,0.01,True,209
5221,10.441999999999652,208,21,5200,LIGHTWEIGHT,10.349999999999703,10.350263800029346,0.008,True,209
5222,10.443999999999651,208,22,5200,LIGHTWEIGHT,10.349999999999703,10.350263800029346,0.006,True,209
5223,10.44599999999965,208,23,5200,LIGHTWEIGHT,10.349999999999703,10.350263800029346,0.004,True,209
5224,10.447999999999649,208,24,5200,LIGHTWEIGHT,10.349999999999703,10.350263800029346,0.002,True,209
5225,10.449999999999648,209,0,5225,LIGHTWEIGHT,10.399999999999675,10.400284600071284,0.05,False,
5226,10.451999999999646,209,1,5225,LIGHTWEIGHT,10.399999999999675,10.400284600071284,0.048,True,210
5227,10.453999999999645,209,2,5225,LIGHTWEIGHT,10.399999999999675,10.400284600071284,0.046,True,210
5228,10.455999999999644,209,3,5225,LIGHTWEIGHT,10.399999999999675,10.400284600071284,0.044,True,210
5229,10.457999999999643,209,4,5225,LIGHTWEIGHT,10.399999999999675,10.400284600071284,0.042,True,210
5230,10.459999999999642,209,5,5225,LIGHTWEIGHT,10.399999999999675,10.400284600071284,0.04,True,210
5231,10.461999999999641,209,6,5225,LIGHTWEIGHT,10.399999999999675,10.400284600071284,0.038,True,210
5232,10.46399999999964,209,7,5225,LIGHTWEIGHT,10.399999999999675,10.400284600071284,0.036000000000000004,True,210
5233,10.465999999999639,209,8,5225,LIGHTWEIGHT,10.399999999999675,10.400284600071284,0.034,True,210
5234,10.467999999999638,209,9,5225,LIGHTWEIGHT,10.399999999999675,10.400284600071284,0.032,True,210
5235,10.469999999999636,209,10,5225,LIGHTWEIGHT,10.399999999999675,10.400284600071284,0.03,True,210
5236,10.471999999999635,209,11,5225,LIGHTWEIGHT,10.399999999999675,10.400284600071284,0.028,True,210
5237,10.473999999999634,209,12,5225,LIGHTWEIGHT,10.399999999999675,10.400284600071284,0.026000000000000002,True,210
5238,10.475999999999633,209,13,5225,LIGHTWEIGHT,10.399999999999675,10.400284600071284,0.024,True,210
5239,10.477999999999632,209,14,5225,LIGHTWEIGHT,10.399999999999675,10.400284600071284,0.022,True,210
5240,10.479999999999631,209,15,5225,LIGHTWEIGHT,10.399999999999675,10.400284600071284,0.02,True,210
5241,10.48199999999963,209,16,5225,LIGHTWEIGHT,10.399999999999675,10.400284600071284,0.018000000000000002,True,210
5242,10.483999999999629,209,17,5225,LIGHTWEIGHT,10.399999999999675,10.400284600071284,0.016,True,210
5243,10.485999999999628,209,18,5225,LIGHTWEIGHT,10.399999999999675,10.400284600071284,0.014,True,210
5244,10.487999999999627,209,19,5225,LIGHTWEIGHT,10.399999999999675,10.400284600071284,0.012,True,210
5245,10.489999999999625,209,20,5225,LIGHTWEIGHT,10.399999999999675,10.400284600071284,0.01,True,210
5246,10.491999999999624,209,21,5225,LIGHTWEIGHT,10.399999999999675,10.400284600071284,0.008,True,210
5247,10.493999999999623,209,22,5225,LIGHTWEIGHT,10.399999999999675,10.400284600071284,0.006,True,210
5248,10.495999999999622,209,23,5225,LIGHTWEIGHT,10.399999999999675,10.400284600071284,0.004,True,210
5249,10.497999999999621,209,24,5225,LIGHTWEIGHT,10.399999999999675,10.400284600071284,0.002,True,210
5250,10.49999999999962,210,0,5250,LIGHTWEIGHT,10.449999999999648,10.450293599906956,0.05,False,
5251,10.501999999999619,210,1,5250,LIGHTWEIGHT,10.449999999999648,10.450293599906956,0.048,True,211
5252,10.503999999999618,210,2,5250,LIGHTWEIGHT,10.449999999999648,10.450293599906956,0.046,True,211
5253,10.505999999999617,210,3,5250,LIGHTWEIGHT,10.449999999999648,10.450293599906956,0.044,True,211
5254,10.507999999999615,210,4,5250,LIGHTWEIGHT,10.449999999999648,10.450293599906956,0.042,True,211
5255,10.509999999999614,210,5,5250,LIGHTWEIGHT,10.449999999999648,10.450293599906956,0.04,True,211
5256,10.511999999999613,210,6,5250,LIGHTWEIGHT,10.449999999999648,10.450293599906956,0.038,True,211
5257,10.513999999999612,210,7,5250,LIGHTWEIGHT,10.449999999999648,10.450293599906956,0.036000000000000004,True,211
5258,10.515999999999611,210,8,5250,LIGHTWEIGHT,10.449999999999648,10.450293599906956,0.034,True,211
5259,10.51799999999961,210,9,5250,LIGHTWEIGHT,10.449999999999648,10.450293599906956,0.032,True,211
5260,10.519999999999609,210,10,5250,LIGHTWEIGHT,10.449999999999648,10.450293599906956,0.03,True,211
5261,10.521999999999608,210,11,5250,LIGHTWEIGHT,10.449999999999648,10.450293599906956,0.028,True,211
5262,10.523999999999607,210,12,5250,LIGHTWEIGHT,10.449999999999648,10.450293599906956,0.026000000000000002,True,211
5263,10.525999999999605,210,13,5250,LIGHTWEIGHT,10.449999999999648,10.450293599906956,0.024,True,211
5264,10.527999999999604,210,14,5250,LIGHTWEIGHT,10.449999999999648,10.450293599906956,0.022,True,211
5265,10.529999999999603,210,15,5250,LIGHTWEIGHT,10.449999999999648,10.450293599906956,0.02,True,211
5266,10.531999999999602,210,16,5250,LIGHTWEIGHT,10.449999999999648,10.450293599906956,0.018000000000000002,True,211
5267,10.533999999999601,210,17,5250,LIGHTWEIGHT,10.449999999999648,10.450293599906956,0.016,True,211
5268,10.5359999999996,210,18,5250,LIGHTWEIGHT,10.449999999999648,10.450293599906956,0.014,True,211
5269,10.537999999999599,210,19,5250,LIGHTWEIGHT,10.449999999999648,10.450293599906956,0.012,True,211
5270,10.539999999999598,210,20,5250,LIGHTWEIGHT,10.449999999999648,10.450293599906956,0.01,True,211
5271,10.541999999999597,210,21,5250,LIGHTWEIGHT,10.449999999999648,10.450293599906956,0.008,True,211
5272,10.543999999999595,210,22,5250,LIGHTWEIGHT,10.449999999999648,10.450293599906956,0.006,True,211
5273,10.545999999999594,210,23,5250,LIGHTWEIGHT,10.449999999999648,10.450293599906956,0.004,True,211
5274,10.547999999999593,210,24,5250,LIGHTWEIGHT,10.449999999999648,10.450293599906956,0.002,True,211
5275,10.549999999999592,211,0,5275,LIGHTWEIGHT,10.49999999999962,10.50027780001945,0.05,False,
5276,10.551999999999591,211,1,5275,LIGHTWEIGHT,10.49999999999962,10.50027780001945,0.048,True,212
5277,10.55399999999959,211,2,5275,LIGHTWEIGHT,10.49999999999962,10.50027780001945,0.046,True,212
5278,10.555999999999589,211,3,5275,LIGHTWEIGHT,10.49999999999962,10.50027780001945,0.044,True,212
5279,10.557999999999588,211,4,5275,LIGHTWEIGHT,10.49999999999962,10.50027780001945,0.042,True,212
5280,10.559999999999587,211,5,5275,LIGHTWEIGHT,10.49999999999962,10.50027780001945,0.04,True,212
5281,10.561999999999585,211,6,5275,LIGHTWEIGHT,10.49999999999962,10.50027780001945,0.038,True,212
5282,10.563999999999584,211,7,5275,LIGHTWEIGHT,10.49999999999962,10.50027780001945,0.036000000000000004,True,212
5283,10.565999999999583,211,8,5275,LIGHTWEIGHT,10.49999999999962,10.50027780001945,0.034,True,212
5284,10.567999999999582,211,9,5275,LIGHTWEIGHT,10.49999999999962,10.50027780001945,0.032,True,212
5285,10.569999999999581,211,10,5275,LIGHTWEIGHT,10.49999999999962,10.50027780001945,0.03,True,212
5286,10.57199999999958,211,11,5275,LIGHTWEIGHT,10.49999999999962,10.50027780001945,0.028,True,212
5287,10.573999999999579,211,12,5275,LIGHTWEIGHT,10.49999999999962,10.50027780001945,0.026000000000000002,True,212
5288,10.575999999999578,211,13,5275,LIGHTWEIGHT,10.49999999999962,10.50027780001945,0.024,True,212
5289,10.577999999999577,211,14,5275,LIGHTWEIGHT,10.49999999999962,10.50027780001945,0.022,True,212
5290,10.579999999999576,211,15,5275,LIGHTWEIGHT,10.49999999999962,10.50027780001945,0.02,True,212
5291,10.581999999999574,211,16,5275,LIGHTWEIGHT,10.49999999999962,10.50027780001945,0.018000000000000002,True,212
5292,10.583999999999573,211,17,5275,LIGHTWEIGHT,10.49999999999962,10.50027780001945,0.016,True,212
5293,10.585999999999572,211,18,5275,LIGHTWEIGHT,10.49999999999962,10.50027780001945,0.014,True,212
5294,10.587999999999571,211,19,5275,LIGHTWEIGHT,10.49999999999962,10.50027780001945,0.012,True,212
5295,10.58999999999957,211,20,5275,LIGHTWEIGHT,10.49999999999962,10.50027780001945,0.01,True,212
5296,10.591999999999569,211,21,5275,LIGHTWEIGHT,10.49999999999962,10.50027780001945,0.008,True,212
5297,10.593999999999568,211,22,5275,LIGHTWEIGHT,10.49999999999962,10.50027780001945,0.006,True,212
5298,10.595999999999567,211,23,5275,LIGHTWEIGHT,10.49999999999962,10.50027780001945,0.004,True,212
5299,10.597999999999566,211,24,5275,LIGHTWEIGHT,10.49999999999962,10.50027780001945,0.002,True,212
5300,10.599999999999564,212,0,5300,LIGHTWEIGHT,10.549999999999592,10.550269499956222,0.05,False,
5301,10.601999999999563,212,1,5300,LIGHTWEIGHT,10.549999999999592,10.550269499956222,0.048,True,213
5302,10.603999999999562,212,2,5300,LIGHTWEIGHT,10.549999999999592,10.550269499956222,0.046,True,213
5303,10.605999999999561,212,3,5300,LIGHTWEIGHT,10.549999999999592,10.550269499956222,0.044,True,213
5304,10.60799999999956,212,4,5300,LIGHTWEIGHT,10.549999999999592,10.550269499956222,0.042,True,213
5305,10.609999999999559,212,5,5300,LIGHTWEIGHT,10.549999999999592,10.550269499956222,0.04,True,213
5306,10.611999999999558,212,6,5300,LIGHTWEIGHT,10.549999999999592,10.550269499956222,0.038,True,213
5307,10.613999999999557,212,7,5300,LIGHTWEIGHT,10.549999999999592,10.550269499956222,0.036000000000000004,True,213
5308,10.615999999999556,212,8,5300,LIGHTWEIGHT,10.549999999999592,10.550269499956222,0.034,True,213
5309,10.617999999999554,212,9,5300,LIGHTWEIGHT,10.549999999999592,10.550269499956222,0.032,True,213
5310,10.619999999999553,212,10,5300,LIGHTWEIGHT,10.549999999999592,10.550269499956222,0.03,True,213
5311,10.621999999999552,212,11,5300,LIGHTWEIGHT,10.549999999999592,10.550269499956222,0.028,True,213
5312,10.623999999999551,212,12,5300,LIGHTWEIGHT,10.549999999999592,10.550269499956222,0.026000000000000002,True,213
5313,10.62599999999955,212,13,5300,LIGHTWEIGHT,10.549999999999592,10.550269499956222,0.024,True,213
5314,10.627999999999549,212,14,5300,LIGHTWEIGHT,10.549999999999592,10.550269499956222,0.022,True,213
5315,10.629999999999548,212,15,5300,LIGHTWEIGHT,10.549999999999592,10.550269499956222,0.02,True,213
5316,10.631999999999547,212,16,5300,LIGHTWEIGHT,10.549999999999592,10.550269499956222,0.018000000000000002,True,213
5317,10.633999999999546,212,17,5300,LIGHTWEIGHT,10.549999999999592,10.550269499956222,0.016,True,213
5318,10.635999999999544,212,18,5300,LIGHTWEIGHT,10.549999999999592,10.550269499956222,0.014,True,213
5319,10.637999999999543,212,19,5300,LIGHTWEIGHT,10.549999999999592,10.550269499956222,0.012,True,213
5320,10.639999999999542,212,20,5300,LIGHTWEIGHT,10.549999999999592,10.550269499956222,0.01,True,213
5321,10.641999999999541,212,21,5300,LIGHTWEIGHT,10.549999999999592,10.550269499956222,0.008,True,213
5322,10.64399999999954,212,22,5300,LIGHTWEIGHT,10.549999999999592,10.550269499956222,0.006,True,213
5323,10.645999999999539,212,23,5300,LIGHTWEIGHT,10.549999999999592,10.550269499956222,0.004,True,213
5324,10.647999999999538,212,24,5300,LIGHTWEIGHT,10.549999999999592,10.550269499956222,0.002,True,213
5325,10.649999999999537,213,0,5325,LIGHTWEIGHT,10.599999999999564,10.60034759996881,0.05,False,
5326,10.651999999999536,213,1,5325,LIGHTWEIGHT,10.599999999999564,10.60034759996881,0.048,True,214
5327,10.653999999999535,213,2,5325,LIGHTWEIGHT,10.599999999999564,10.60034759996881,0.046,True,214
5328,10.655999999999533,213,3,5325,LIGHTWEIGHT,10.599999999999564,10.60034759996881,0.044,True,214
5329,10.657999999999532,213,4,5325,LIGHTWEIGHT,10.599999999999564,10.60034759996881,0.042,True,214
5330,10.659999999999531,213,5,5325,LIGHTWEIGHT,10.599999999999564,10.60034759996881,0.04,True,214
5331,10.66199999999953,213,6,5325,LIGHTWEIGHT,10.599999999999564,10.60034759996881,0.038,True,214
5332,10.663999999999529,213,7,5325,LIGHTWEIGHT,10.599999999999564,10.60034759996881,0.036000000000000004,True,214
5333,10.665999999999528,213,8,5325,LIGHTWEIGHT,10.599999999999564,10.60034759996881,0.034,True,214
5334,10.667999999999527,213,9,5325,LIGHTWEIGHT,10.599999999999564,10.60034759996881,0.032,True,214
5335,10.669999999999526,213,10,5325,LIGHTWEIGHT,10.599999999999564,10.60034759996881,0.03,True,214
5336,10.671999999999525,213,11,5325,LIGHTWEIGHT,10.599999999999564,10.60034759996881,0.028,True,214
5337,10.673999999999523,213,12,5325,LIGHTWEIGHT,10.599999999999564,10.60034759996881,0.026000000000000002,True,214
5338,10.675999999999522,213,13,5325,LIGHTWEIGHT,10.599999999999564,10.60034759996881,0.024,True,214
5339,10.677999999999521,213,14,5325,LIGHTWEIGHT,10.599999999999564,10.60034759996881,0.022,True,214
5340,10.67999999999952,213,15,5325,LIGHTWEIGHT,10.599999999999564,10.60034759996881,0.02,True,214
5341,10.681999999999519,213,16,5325,LIGHTWEIGHT,10.599999999999564,10.60034759996881,0.018000000000000002,True,214
5342,10.683999999999518,213,17,5325,LIGHTWEIGHT,10.599999999999564,10.60034759996881,0.016,True,214
5343,10.685999999999517,213,18,5325,LIGHTWEIGHT,10.599999999999564,10.60034759996881,0.014,True,214
5344,10.687999999999516,213,19,5325,LIGHTWEIGHT,10.599999999999564,10.60034759996881,0.012,True,214
5345,10.689999999999515,213,20,5325,LIGHTWEIGHT,10.599999999999564,10.60034759996881,0.01,True,214
5346,10.691999999999513,213,21,5325,LIGHTWEIGHT,10.599999999999564,10.60034759996881,0.008,True,214
5347,10.693999999999512,213,22,5325,LIGHTWEIGHT,10.599999999999564,10.60034759996881,0.006,True,214
5348,10.695999999999511,213,23,5325,LIGHTWEIGHT,10.599999999999564,10.60034759996881,0.004,True,214
5349,10.69799999999951,213,24,5325,LIGHTWEIGHT,10.599999999999564,10.60034759996881,0.002,True,214
5350,10.699999999999509,214,0,5350,LIGHTWEIGHT,10.649999999999537,10.650271200085527,0.05,False,
5351,10.701999999999508,214,1,5350,LIGHTWEIGHT,10.649999999999537,10.650271200085527,0.048,True,215
5352,10.703999999999507,214,2,5350,LIGHTWEIGHT,10.649999999999537,10.650271200085527,0.046,True,215
5353,10.705999999999506,214,3,5350,LIGHTWEIGHT,10.649999999999537,10.650271200085527,0.044,True,215
5354,10.707999999999505,214,4,5350,LIGHTWEIGHT,10.649999999999537,10.650271200085527,0.042,True,215
5355,10.709999999999503,214,5,5350,LIGHTWEIGHT,10.649999999999537,10.650271200085527,0.04,True,215
5356,10.711999999999502,214,6,5350,LIGHTWEIGHT,10.649999999999537,10.650271200085527,0.038,True,215
5357,10.713999999999501,214,7,5350,LIGHTWEIGHT,10.649999999999537,10.650271200085527,0.036000000000000004,True,215
5358,10.7159999999995,214,8,5350,LIGHTWEIGHT,10.649999999999537,10.650271200085527,0.034,True,215
5359,10.717999999999499,214,9,5350,LIGHTWEIGHT,10.649999999999537,10.650271200085527,0.032,True,215
5360,10.719999999999498,214,10,5350,LIGHTWEIGHT,10.649999999999537,10.650271200085527,0.03,True,215
5361,10.721999999999497,214,11,5350,LIGHTWEIGHT,10.649999999999537,10.650271200085527,0.028,True,215
5362,10.723999999999496,214,12,5350,LIGHTWEIGHT,10.649999999999537,10.650271200085527,0.026000000000000002,True,215
5363,10.725999999999495,214,13,5350,LIGHTWEIGHT,10.649999999999537,10.650271200085527,0.024,True,215
5364,10.727999999999493,214,14,5350,LIGHTWEIGHT,10.649999999999537,10.650271200085527,0.022,True,215
5365,10.729999999999492,214,15,5350,LIGHTWEIGHT,10.649999999999537,10.650271200085527,0.02,True,215
5366,10.731999999999491,214,16,5350,LIGHTWEIGHT,10.649999999999537,10.650271200085527,0.018000000000000002,True,215
5367,10.73399999999949,214,17,5350,LIGHTWEIGHT,10.649999999999537,10.650271200085527,0.016,True,215
5368,10.735999999999489,214,18,5350,LIGHTWEIGHT,10.649999999999537,10.650271200085527,0.014,True,215
5369,10.737999999999488,214,19,5350,LIGHTWEIGHT,10.649999999999537,10.650271200085527,0.012,True,215
5370,10.739999999999487,214,20,5350,LIGHTWEIGHT,10.649999999999537,10.650271200085527,0.01,True,215
5371,10.741999999999486,214,21,5350,LIGHTWEIGHT,10.649999999999537,10.650271200085527,0.008,True,215
5372,10.743999999999485,214,22,5350,LIGHTWEIGHT,10.649999999999537,10.650271200085527,0.006,True,215
5373,10.745999999999484,214,23,5350,LIGHTWEIGHT,10.649999999999537,10.650271200085527,0.004,True,215
5374,10.747999999999482,214,24,5350,LIGHTWEIGHT,10.649999999999537,10.650271200085527,0.002,True,215
5375,10.749999999999481,215,0,5375,LIGHTWEIGHT,10.699999999999509,10.700278300023147,0.05,False,
5376,10.75199999999948,215,1,5375,LIGHTWEIGHT,10.699999999999509,10.700278300023147,0.048,True,216
5377,10.753999999999479,215,2,5375,LIGHTWEIGHT,10.699999999999509,10.700278300023147,0.046,True,216
5378,10.755999999999478,215,3,5375,LIGHTWEIGHT,10.699999999999509,10.700278300023147,0.044,True,216
5379,10.757999999999477,215,4,5375,LIGHTWEIGHT,10.699999999999509,10.700278300023147,0.042,True,216
5380,10.759999999999476,215,5,5375,LIGHTWEIGHT,10.699999999999509,10.700278300023147,0.04,True,216
5381,10.761999999999475,215,6,5375,LIGHTWEIGHT,10.699999999999509,10.700278300023147,0.038,True,216
5382,10.763999999999474,215,7,5375,LIGHTWEIGHT,10.699999999999509,10.700278300023147,0.036000000000000004,True,216
5383,10.765999999999472,215,8,5375,LIGHTWEIGHT,10.699999999999509,10.700278300023147,0.034,True,216
5384,10.767999999999471,215,9,5375,LIGHTWEIGHT,10.699999999999509,10.700278300023147,0.032,True,216
5385,10.76999999999947,215,10,5375,LIGHTWEIGHT,10.699999999999509,10.700278300023147,0.03,True,216
5386,10.771999999999469,215,11,5375,LIGHTWEIGHT,10.699999999999509,10.700278300023147,0.028,True,216
5387,10.773999999999468,215,12,5375,LIGHTWEIGHT,10.699999999999509,10.700278300023147,0.026000000000000002,True,216
5388,10.775999999999467,215,13,5375,LIGHTWEIGHT,10.699999999999509,10.700278300023147,0.024,True,216
5389,10.777999999999466,215,14,5375,LIGHTWEIGHT,10.699999999999509,10.700278300023147,0.022,True,216
5390,10.779999999999465,215,15,5375,LIGHTWEIGHT,10.699999999999509,10.700278300023147,0.02,True,216
5391,10.781999999999464,215,16,5375,LIGHTWEIGHT,10.699999999999509,10.700278300023147,0.018000000000000002,True,216
5392,10.783999999999462,215,17,5375,LIGHTWEIGHT,10.699999999999509,10.700278300023147,0.016,True,216
5393,10.785999999999461,215,18,5375,LIGHTWEIGHT,10.699999999999509,10.700278300023147,0.014,True,216
5394,10.78799999999946,215,19,5375,LIGHTWEIGHT,10.699999999999509,10.700278300023147,0.012,True,216
5395,10.78999999999946,215,20,5375,LIGHTWEIGHT,10.699999999999509,10.700278300023147,0.01,True,216
5396,10.791999999999458,215,21,5375,LIGHTWEIGHT,10.699999999999509,10.700278300023147,0.008,True,216
5397,10.793999999999457,215,22,5375,LIGHTWEIGHT,10.699999999999509,10.700278300023147,0.006,True,216
5398,10.795999999999456,215,23,5375,LIGHTWEIGHT,10.699999999999509,10.700278300023147,0.004,True,216
5399,10.797999999999455,215,24,5375,LIGHTWEIGHT,10.699999999999509,10.700278300023147,0.002,True,216
5400,10.799999999999454,216,0,5400,LIGHTWEIGHT,10.749999999999481,10.750267799943167,0.05,False,
5401,10.801999999999452,216,1,5400,LIGHTWEIGHT,10.749999999999481,10.750267799943167,0.048,True,217
5402,10.803999999999451,216,2,5400,LIGHTWEIGHT,10.749999999999481,10.750267799943167,0.046,True,217
5403,10.80599999999945,216,3,5400,LIGHTWEIGHT,10.749999999999481,10.750267799943167,0.044,True,217
5404,10.80799999999945,216,4,5400,LIGHTWEIGHT,10.749999999999481,10.750267799943167,0.042,True,217
5405,10.809999999999448,216,5,5400,LIGHTWEIGHT,10.749999999999481,10.750267799943167,0.04,True,217
5406,10.811999999999447,216,6,5400,LIGHTWEIGHT,10.749999999999481,10.750267799943167,0.038,True,217
5407,10.813999999999446,216,7,5400,LIGHTWEIGHT,10.749999999999481,10.750267799943167,0.036000000000000004,True,217
5408,10.815999999999445,216,8,5400,LIGHTWEIGHT,10.749999999999481,10.750267799943167,0.034,True,217
5409,10.817999999999444,216,9,5400,LIGHTWEIGHT,10.749999999999481,10.750267799943167,0.032,True,217
5410,10.819999999999443,216,10,5400,LIGHTWEIGHT,10.749999999999481,10.750267799943167,0.03,True,217
5411,10.821999999999441,216,11,5400,LIGHTWEIGHT,10.749999999999481,10.750267799943167,0.028,True,217
5412,10.82399999999944,216,12,5400,LIGHTWEIGHT,10.749999999999481,10.750267799943167,0.026000000000000002,True,217
5413,10.82599999999944,216,13,5400,LIGHTWEIGHT,10.749999999999481,10.750267799943167,0.024,True,217
5414,10.827999999999438,216,14,5400,LIGHTWEIGHT,10.749999999999481,10.750267799943167,0.022,True,217
5415,10.829999999999437,216,15,5400,LIGHTWEIGHT,10.749999999999481,10.750267799943167,0.02,True,217
5416,10.831999999999436,216,16,5400,LIGHTWEIGHT,10.749999999999481,10.750267799943167,0.018000000000000002,True,217
5417,10.833999999999435,216,17,5400,LIGHTWEIGHT,10.749999999999481,10.750267799943167,0.016,True,217
5418,10.835999999999434,216,18,5400,LIGHTWEIGHT,10.749999999999481,10.750267799943167,0.014,True,217
5419,10.837999999999433,216,19,5400,LIGHTWEIGHT,10.749999999999481,10.750267799943167,0.012,True,217
5420,10.839999999999431,216,20,5400,LIGHTWEIGHT,10.749999999999481,10.750267799943167,0.01,True,217
5421,10.84199999999943,216,21,5400,LIGHTWEIGHT,10.749999999999481,10.750267799943167,0.008,True,217
5422,10.84399999999943,216,22,5400,LIGHTWEIGHT,10.749999999999481,10.750267799943167,0.006,True,217
5423,10.845999999999428,216,23,5400,LIGHTWEIGHT,10.749999999999481,10.750267799943167,0.004,True,217
5424,10.847999999999427,216,24,5400,LIGHTWEIGHT,10.749999999999481,10.750267799943167,0.002,True,217
5425,10.849999999999426,217,0,5425,LIGHTWEIGHT,10.799999999999454,10.80028759997749,0.05,False,
5426,10.851999999999425,217,1,5425,LIGHTWEIGHT,10.799999999999454,10.80028759997749,0.048,True,218
5427,10.853999999999424,217,2,5425,LIGHTWEIGHT,10.799999999999454,10.80028759997749,0.046,True,218
5428,10.855999999999423,217,3,5425,LIGHTWEIGHT,10.799999999999454,10.80028759997749,0.044,True,218
5429,10.857999999999421,217,4,5425,LIGHTWEIGHT,10.799999999999454,10.80028759997749,0.042,True,218
5430,10.85999999999942,217,5,5425,LIGHTWEIGHT,10.799999999999454,10.80028759997749,0.04,True,218
5431,10.86199999999942,217,6,5425,LIGHTWEIGHT,10.799999999999454,10.80028759997749,0.038,True,218
5432,10.863999999999418,217,7,5425,LIGHTWEIGHT,10.799999999999454,10.80028759997749,0.036000000000000004,True,218
5433,10.865999999999417,217,8,5425,LIGHTWEIGHT,10.799999999999454,10.80028759997749,0.034,True,218
5434,10.867999999999416,217,9,5425,LIGHTWEIGHT,10.799999999999454,10.80028759997749,0.032,True,218
5435,10.869999999999415,217,10,5425,LIGHTWEIGHT,10.799999999999454,10.80028759997749,0.03,True,218
5436,10.871999999999414,217,11,5425,LIGHTWEIGHT,10.799999999999454,10.80028759997749,0.028,True,218
5437,10.873999999999413,217,12,5425,LIGHTWEIGHT,10.799999999999454,10.80028759997749,0.026000000000000002,True,218
5438,10.875999999999411,217,13,5425,LIGHTWEIGHT,10.799999999999454,10.80028759997749,0.024,True,218
5439,10.87799999999941,217,14,5425,LIGHTWEIGHT,10.799999999999454,10.80028759997749,0.022,True,218
5440,10.87999999999941,217,15,5425,LIGHTWEIGHT,10.799999999999454,10.80028759997749,0.02,True,218
5441,10.881999999999408,217,16,5425,LIGHTWEIGHT,10.799999999999454,10.80028759997749,0.018000000000000002,True,218
5442,10.883999999999407,217,17,5425,LIGHTWEIGHT,10.799999999999454,10.80028759997749,0.016,True,218
5443,10.885999999999406,217,18,5425,LIGHTWEIGHT,10.799999999999454,10.80028759997749,0.014,True,218
5444,10.887999999999405,217,19,5425,LIGHTWEIGHT,10.799999999999454,10.80028759997749,0.012,True,218
5445,10.889999999999404,217,20,5425,LIGHTWEIGHT,10.799999999999454,10.80028759997749,0.01,True,218
5446,10.891999999999403,217,21,5425,LIGHTWEIGHT,10.799999999999454,10.80028759997749,0.008,True,218
5447,10.893999999999401,217,22,5425,LIGHTWEIGHT,10.799999999999454,10.80028759997749,0.006,True,218
5448,10.8959999999994,217,23,5425,LIGHTWEIGHT,10.799999999999454,10.80028759997749,0.004,True,218
5449,10.8979999999994,217,24,5425,LIGHTWEIGHT,10.799999999999454,10.80028759997749,0.002,True,218
5450,10.899999999999398,218,0,5450,LIGHTWEIGHT,10.849999999999426,10.850277000013165,0.05,False,
5451,10.901999999999397,218,1,5450,LIGHTWEIGHT,10.849999999999426,10.850277000013165,0.048,True,219
5452,10.903999999999396,218,2,5450,LIGHTWEIGHT,10.849999999999426,10.850277000013165,0.046,True,219
5453,10.905999999999395,218,3,5450,LIGHTWEIGHT,10.849999999999426,10.850277000013165,0.044,True,219
5454,10.907999999999394,218,4,5450,LIGHTWEIGHT,10.849999999999426,10.850277000013165,0.042,True,219
5455,10.909999999999393,218,5,5450,LIGHTWEIGHT,10.849999999999426,10.850277000013165,0.04,True,219
5456,10.911999999999392,218,6,5450,LIGHTWEIGHT,10.849999999999426,10.850277000013165,0.038,True,219
5457,10.91399999999939,218,7,5450,LIGHTWEIGHT,10.849999999999426,10.850277000013165,0.036000000000000004,True,219
5458,10.91599999999939,218,8,5450,LIGHTWEIGHT,10.849999999999426,10.850277000013165,0.034,True,219
5459,10.917999999999388,218,9,5450,LIGHTWEIGHT,10.849999999999426,10.850277000013165,0.032,True,219
5460,10.919999999999387,218,10,5450,LIGHTWEIGHT,10.849999999999426,10.850277000013165,0.03,True,219
5461,10.921999999999386,218,11,5450,LIGHTWEIGHT,10.849999999999426,10.850277000013165,0.028,True,219
5462,10.923999999999385,218,12,5450,LIGHTWEIGHT,10.849999999999426,10.850277000013165,0.026000000000000002,True,219
5463,10.925999999999384,218,13,5450,LIGHTWEIGHT,10.849999999999426,10.850277000013165,0.024,True,219
5464,10.927999999999383,218,14,5450,LIGHTWEIGHT,10.849999999999426,10.850277000013165,0.022,True,219
5465,10.929999999999382,218,15,5450,LIGHTWEIGHT,10.849999999999426,10.850277000013165,0.02,True,219
5466,10.93199999999938,218,16,5450,LIGHTWEIGHT,10.849999999999426,10.850277000013165,0.018000000000000002,True,219
5467,10.93399999999938,218,17,5450,LIGHTWEIGHT,10.849999999999426,10.850277000013165,0.016,True,219
5468,10.935999999999378,218,18,5450,LIGHTWEIGHT,10.849999999999426,10.850277000013165,0.014,True,219
5469,10.937999999999377,218,19,5450,LIGHTWEIGHT,10.849999999999426,10.850277000013165,0.012,True,219
5470,10.939999999999376,218,20,5450,LIGHTWEIGHT,10.849999999999426,10.850277000013165,0.01,True,219
5471,10.941999999999375,218,21,5450,LIGHTWEIGHT,10.849999999999426,10.850277000013165,0.008,True,219
5472,10.943999999999374,218,22,5450,LIGHTWEIGHT,10.849999999999426,10.850277000013165,0.006,True,219
5473,10.945999999999373,218,23,5450,LIGHTWEIGHT,10.849999999999426,10.850277000013165,0.004,True,219
5474,10.947999999999372,218,24,5450,LIGHTWEIGHT,10.849999999999426,10.850277000013165,0.002,True,219
5475,10.94999999999937,219,0,5475,LIGHTWEIGHT,10.899999999999398,10.90027650000933,0.05,False,
5476,10.95199999999937,219,1,5475,LIGHTWEIGHT,10.899999999999398,10.90027650000933,0.048,True,220
5477,10.953999999999368,219,2,5475,LIGHTWEIGHT,10.899999999999398,10.90027650000933,0.046,True,220
5478,10.955999999999367,219,3,5475,LIGHTWEIGHT,10.899999999999398,10.90027650000933,0.044,True,220
5479,10.957999999999366,219,4,5475,LIGHTWEIGHT,10.899999999999398,10.90027650000933,0.042,True,220
5480,10.959999999999365,219,5,5475,LIGHTWEIGHT,10.899999999999398,10.90027650000933,0.04,True,220
5481,10.961999999999364,219,6,5475,LIGHTWEIGHT,10.899999999999398,10.90027650000933,0.038,True,220
5482,10.963999999999363,219,7,5475,LIGHTWEIGHT,10.899999999999398,10.90027650000933,0.036000000000000004,True,220
5483,10.965999999999362,219,8,5475,LIGHTWEIGHT,10.899999999999398,10.90027650000933,0.034,True,220
5484,10.96799999999936,219,9,5475,LIGHTWEIGHT,10.899999999999398,10.90027650000933,0.032,True,220
5485,10.96999999999936,219,10,5475,LIGHTWEIGHT,10.899999999999398,10.90027650000933,0.03,True,220
5486,10.971999999999358,219,11,5475,LIGHTWEIGHT,10.899999999999398,10.90027650000933,0.028,True,220
5487,10.973999999999357,219,12,5475,LIGHTWEIGHT,10.899999999999398,10.90027650000933,0.026000000000000002,True,220
5488,10.975999999999356,219,13,5475,LIGHTWEIGHT,10.899999999999398,10.90027650000933,0.024,True,220
5489,10.977999999999355,219,14,5475,LIGHTWEIGHT,10.899999999999398,10.90027650000933,0.022,True,220
5490,10.979999999999354,219,15,5475,LIGHTWEIGHT,10.899999999999398,10.90027650000933,0.02,True,220
5491,10.981999999999353,219,16,5475,LIGHTWEIGHT,10.899999999999398,10.90027650000933,0.018000000000000002,True,220
5492,10.983999999999352,219,17,5475,LIGHTWEIGHT,10.899999999999398,10.90027650000933,0.016,True,220
5493,10.98599999999935,219,18,5475,LIGHTWEIGHT,10.899999999999398,10.90027650000933,0.014,True,220
5494,10.98799999999935,219,19,5475,LIGHTWEIGHT,10.899999999999398,10.90027650000933,0.012,True,220
5495,10.989999999999348,219,20,5475,LIGHTWEIGHT,10.899999999999398,10.90027650000933,0.01,True,220
5496,10.991999999999347,219,21,5475,LIGHTWEIGHT,10.899999999999398,10.90027650000933,0.008,True,220
5497,10.993999999999346,219,22,5475,LIGHTWEIGHT,10.899999999999398,10.90027650000933,0.006,True,220
5498,10.995999999999345,219,23,5475,LIGHTWEIGHT,10.899999999999398,10.90027650000933,0.004,True,220
5499,10.997999999999344,219,24,5475,LIGHTWEIGHT,10.899999999999398,10.90027650000933,0.002,True,220
5500,10.999999999999343,220,0,5500,LIGHTWEIGHT,10.94999999999937,10.950272800097544,0.05,False,
5501,11.001999999999342,220,1,5500,LIGHTWEIGHT,10.94999999999937,10.950272800097544,0.048,True,221
5502,11.00399999999934,220,2,5500,LIGHTWEIGHT,10.94999999999937,10.950272800097544,0.046,True,221
5503,11.00599999999934,220,3,5500,LIGHTWEIGHT,10.94999999999937,10.950272800097544,0.044,True,221
5504,11.007999999999338,220,4,5500,LIGHTWEIGHT,10.94999999999937,10.950272800097544,0.042,True,221
5505,11.009999999999337,220,5,5500,LIGHTWEIGHT,10.94999999999937,10.950272800097544,0.04,True,221
5506,11.011999999999336,220,6,5500,LIGHTWEIGHT,10.94999999999937,10.950272800097544,0.038,True,221
5507,11.013999999999335,220,7,5500,LIGHTWEIGHT,10.94999999999937,10.950272800097544,0.036000000000000004,True,221
5508,11.015999999999334,220,8,5500,LIGHTWEIGHT,10.94999999999937,10.950272800097544,0.034,True,221
5509,11.017999999999333,220,9,5500,LIGHTWEIGHT,10.94999999999937,10.950272800097544,0.032,True,221
5510,11.019999999999332,220,10,5500,LIGHTWEIGHT,10.94999999999937,10.950272800097544,0.03,True,221
5511,11.02199999999933,220,11,5500,LIGHTWEIGHT,10.94999999999937,10.950272800097544,0.028,True,221
5512,11.02399999999933,220,12,5500,LIGHTWEIGHT,10.94999999999937,10.950272800097544,0.026000000000000002,True,221
5513,11.025999999999328,220,13,5500,LIGHTWEIGHT,10.94999999999937,10.950272800097544,0.024,True,221
5514,11.027999999999327,220,14,5500,LIGHTWEIGHT,10.94999999999937,10.950272800097544,0.022,True,221
5515,11.029999999999326,220,15,5500,LIGHTWEIGHT,10.94999999999937,10.950272800097544,0.02,True,221
5516,11.031999999999325,220,16,5500,LIGHTWEIGHT,10.94999999999937,10.950272800097544,0.018000000000000002,True,221
5517,11.033999999999324,220,17,5500,LIGHTWEIGHT,10.94999999999937,10.950272800097544,0.016,True,221
5518,11.035999999999323,220,18,5500,LIGHTWEIGHT,10.94999999999937,10.950272800097544,0.014,True,221
5519,11.037999999999322,220,19,5500,LIGHTWEIGHT,10.94999999999937,10.950272800097544,0.012,True,221
5520,11.03999999999932,220,20,5500,LIGHTWEIGHT,10.94999999999937,10.950272800097544,0.01,True,221
5521,11.04199999999932,220,21,5500,LIGHTWEIGHT,10.94999999999937,10.950272800097544,0.008,True,221
5522,11.043999999999318,220,22,5500,LIGHTWEIGHT,10.94999999999937,10.950272800097544,0.006,True,221
5523,11.045999999999317,220,23,5500,LIGHTWEIGHT,10.94999999999937,10.950272800097544,0.004,True,221
5524,11.047999999999316,220,24,5500,LIGHTWEIGHT,10.94999999999937,10.950272800097544,0.002,True,221
5525,11.049999999999315,221,0,5525,LIGHTWEIGHT,10.999999999999343,11.000273699987954,0.05,False,
5526,11.051999999999314,221,1,5525,LIGHTWEIGHT,10.999999999999343,11.000273699987954,0.048,True,222
5527,11.053999999999313,221,2,5525,LIGHTWEIGHT,10.999999999999343,11.000273699987954,0.046,True,222
5528,11.055999999999312,221,3,5525,LIGHTWEIGHT,10.999999999999343,11.000273699987954,0.044,True,222
5529,11.05799999999931,221,4,5525,LIGHTWEIGHT,10.999999999999343,11.000273699987954,0.042,True,222
5530,11.05999999999931,221,5,5525,LIGHTWEIGHT,10.999999999999343,11.000273699987954,0.04,True,222
5531,11.061999999999308,221,6,5525,LIGHTWEIGHT,10.999999999999343,11.000273699987954,0.038,True,222
5532,11.063999999999307,221,7,5525,LIGHTWEIGHT,10.999999999999343,11.000273699987954,0.036000000000000004,True,222
5533,11.065999999999306,221,8,5525,LIGHTWEIGHT,10.999999999999343,11.000273699987954,0.034,True,222
5534,11.067999999999305,221,9,5525,LIGHTWEIGHT,10.999999999999343,11.000273699987954,0.032,True,222
5535,11.069999999999304,221,10,5525,LIGHTWEIGHT,10.999999999999343,11.000273699987954,0.03,True,222
5536,11.071999999999303,221,11,5525,LIGHTWEIGHT,10.999999999999343,11.000273699987954,0.028,True,222
5537,11.073999999999302,221,12,5525,LIGHTWEIGHT,10.999999999999343,11.000273699987954,0.026000000000000002,True,222
5538,11.0759999999993,221,13,5525,LIGHTWEIGHT,10.999999999999343,11.000273699987954,0.024,True,222
5539,11.0779999999993,221,14,5525,LIGHTWEIGHT,10.999999999999343,11.000273699987954,0.022,True,222
5540,11.079999999999298,221,15,5525,LIGHTWEIGHT,10.999999999999343,11.000273699987954,0.02,True,222
5541,11.081999999999297,221,16,5525,LIGHTWEIGHT,10.999999999999343,11.000273699987954,0.018000000000000002,True,222
5542,11.083999999999296,221,17,5525,LIGHTWEIGHT,10.999999999999343,11.000273699987954,0.016,True,222
5543,11.085999999999295,221,18,5525,LIGHTWEIGHT,10.999999999999343,11.000273699987954,0.014,True,222
5544,11.087999999999294,221,19,5525,LIGHTWEIGHT,10.999999999999343,11.000273699987954,0.012,True,222
5545,11.089999999999293,221,20,5525,LIGHTWEIGHT,10.999999999999343,11.000273699987954,0.01,True,222
5546,11.091999999999292,221,21,5525,LIGHTWEIGHT,10.999999999999343,11.000273699987954,0.008,True,222
5547,11.09399999999929,221,22,5525,LIGHTWEIGHT,10.999999999999343,11.000273699987954,0.006,True,222
5548,11.09599999999929,221,23,5525,LIGHTWEIGHT,10.999999999999343,11.000273699987954,0.004,True,222
5549,11.097999999999288,221,24,5525,LIGHTWEIGHT,10.999999999999343,11.000273699987954,0.002,True,222
5550,11.099999999999287,222,0,5550,LIGHTWEIGHT,11.049999999999315,11.050269299954422,0.05,False,
5551,11.101999999999286,222,1,5550,LIGHTWEIGHT,11.049999999999315,11.050269299954422,0.048,True,223
5552,11.103999999999285,222,2,5550,LIGHTWEIGHT,11.049999999999315,11.050269299954422,0.046,True,223
5553,11.105999999999284,222,3,5550,LIGHTWEIGHT,11.049999999999315,11.050269299954422,0.044,True,223
5554,11.107999999999283,222,4,5550,LIGHTWEIGHT,11.049999999999315,11.050269299954422,0.042,True,223
5555,11.109999999999282,222,5,5550,LIGHTWEIGHT,11.049999999999315,11.050269299954422,0.04,True,223
5556,11.11199999999928,222,6,5550,LIGHTWEIGHT,11.049999999999315,11.050269299954422,0.038,True,223
5557,11.11399999999928,222,7,5550,LIGHTWEIGHT,11.049999999999315,11.050269299954422,0.036000000000000004,True,223
5558,11.115999999999278,222,8,5550,LIGHTWEIGHT,11.049999999999315,11.050269299954422,0.034,True,223
5559,11.117999999999277,222,9,5550,LIGHTWEIGHT,11.049999999999315,11.050269299954422,0.032,True,223
5560,11.119999999999276,222,10,5550,LIGHTWEIGHT,11.049999999999315,11.050269299954422,0.03,True,223
5561,11.121999999999275,222,11,5550,LIGHTWEIGHT,11.049999999999315,11.050269299954422,0.028,True,223
5562,11.123999999999274,222,12,5550,LIGHTWEIGHT,11.049999999999315,11.050269299954422,0.026000000000000002,True,223
5563,11.125999999999273,222,13,5550,LIGHTWEIGHT,11.049999999999315,11.050269299954422,0.024,True,223
5564,11.127999999999272,222,14,5550,LIGHTWEIGHT,11.049999999999315,11.050269299954422,0.022,True,223
5565,11.12999999999927,222,15,5550,LIGHTWEIGHT,11.049999999999315,11.050269299954422,0.02,True,223
5566,11.13199999999927,222,16,5550,LIGHTWEIGHT,11.049999999999315,11.050269299954422,0.018000000000000002,True,223
5567,11.133999999999268,222,17,5550,LIGHTWEIGHT,11.049999999999315,11.050269299954422,0.016,True,223
5568,11.135999999999267,222,18,5550,LIGHTWEIGHT,11.049999999999315,11.050269299954422,0.014,True,223
5569,11.137999999999266,222,19,5550,LIGHTWEIGHT,11.049999999999315,11.050269299954422,0.012,True,223
5570,11.139999999999265,222,20,5550,LIGHTWEIGHT,11.049999999999315,11.050269299954422,0.01,True,223
5571,11.141999999999264,222,21,5550,LIGHTWEIGHT,11.049999999999315,11.050269299954422,0.008,True,223
5572,11.143999999999263,222,22,5550,LIGHTWEIGHT,11.049999999999315,11.050269299954422,0.006,True,223
5573,11.145999999999262,222,23,5550,LIGHTWEIGHT,11.049999999999315,11.050269299954422,0.004,True,223
5574,11.14799999999926,222,24,5550,LIGHTWEIGHT,11.049999999999315,11.050269299954422,0.002,True,223
5575,11.14999999999926,223,0,5575,LIGHTWEIGHT,11.099999999999287,11.10028550007775,0.05,False,
5576,11.151999999999259,223,1,5575,LIGHTWEIGHT,11.099999999999287,11.10028550007775,0.048,True,224
5577,11.153999999999257,223,2,5575,LIGHTWEIGHT,11.099999999999287,11.10028550007775,0.046,True,224
5578,11.155999999999256,223,3,5575,LIGHTWEIGHT,11.099999999999287,11.10028550007775,0.044,True,224
5579,11.157999999999255,223,4,5575,LIGHTWEIGHT,11.099999999999287,11.10028550007775,0.042,True,224
5580,11.159999999999254,223,5,5575,LIGHTWEIGHT,11.099999999999287,11.10028550007775,0.04,True,224
5581,11.161999999999253,223,6,5575,LIGHTWEIGHT,11.099999999999287,11.10028550007775,0.038,True,224
5582,11.163999999999252,223,7,5575,LIGHTWEIGHT,11.099999999999287,11.10028550007775,0.036000000000000004,True,224
5583,11.16599999999925,223,8,5575,LIGHTWEIGHT,11.099999999999287,11.10028550007775,0.034,True,224
5584,11.16799999999925,223,9,5575,LIGHTWEIGHT,11.099999999999287,11.10028550007775,0.032,True,224
5585,11.169999999999249,223,10,5575,LIGHTWEIGHT,11.099999999999287,11.10028550007775,0.03,True,224
5586,11.171999999999247,223,11,5575,LIGHTWEIGHT,11.099999999999287,11.10028550007775,0.028,True,224
5587,11.173999999999246,223,12,5575,LIGHTWEIGHT,11.099999999999287,11.10028550007775,0.026000000000000002,True,224
5588,11.175999999999245,223,13,5575,LIGHTWEIGHT,11.099999999999287,11.10028550007775,0.024,True,224
5589,11.177999999999244,223,14,5575,LIGHTWEIGHT,11.099999999999287,11.10028550007775,0.022,True,224
5590,11.179999999999243,223,15,5575,LIGHTWEIGHT,11.099999999999287,11.10028550007775,0.02,True,224
5591,11.181999999999242,223,16,5575,LIGHTWEIGHT,11.099999999999287,11.10028550007775,0.018000000000000002,True,224
5592,11.18399999999924,223,17,5575,LIGHTWEIGHT,11.099999999999287,11.10028550007775,0.016,True,224
5593,11.18599999999924,223,18,5575,LIGHTWEIGHT,11.099999999999287,11.10028550007775,0.014,True,224
5594,11.187999999999239,223,19,5575,LIGHTWEIGHT,11.099999999999287,11.10028550007775,0.012,True,224
5595,11.189999999999237,223,20,5575,LIGHTWEIGHT,11.099999999999287,11.10028550007775,0.01,True,224
5596,11.191999999999236,223,21,5575,LIGHTWEIGHT,11.099999999999287,11.10028550007775,0.008,True,224
5597,11.193999999999235,223,22,5575,LIGHTWEIGHT,11.099999999999287,11.10028550007775,0.006,True,224
5598,11.195999999999234,223,23,5575,LIGHTWEIGHT,11.099999999999287,11.10028550007775,0.004,True,224
5599,11.197999999999233,223,24,5575,LIGHTWEIGHT,11.099999999999287,11.10028550007775,0.002,True,224
5600,11.199999999999232,224,0,5600,NORMAL,11.14999999999926,11.150281999934656,0.05,False,
5601,11.20199999999923,224,1,5600,NORMAL,11.14999999999926,11.150281999934656,0.048,True,225
5602,11.20399999999923,224,2,5600,NORMAL,11.14999999999926,11.150281999934656,0.046,True,225
5603,11.205999999999229,224,3,5600,NORMAL,11.14999999999926,11.150281999934656,0.044,True,225
5604,11.207999999999227,224,4,5600,NORMAL,11.14999999999926,11.150281999934656,0.042,True,225
5605,11.209999999999226,224,5,5600,NORMAL,11.14999999999926,11.150281999934656,0.04,True,225
5606,11.211999999999225,224,6,5600,NORMAL,11.14999999999926,11.150281999934656,0.038,True,225
5607,11.213999999999224,224,7,5600,NORMAL,11.14999999999926,11.150281999934656,0.036000000000000004,True,225
5608,11.215999999999223,224,8,5600,NORMAL,11.14999999999926,11.150281999934656,0.034,True,225
5609,11.217999999999222,224,9,5600,NORMAL,11.14999999999926,11.150281999934656,0.032,True,225
5610,11.21999999999922,224,10,5600,NORMAL,11.14999999999926,11.150281999934656,0.03,True,225
5611,11.22199999999922,224,11,5600,NORMAL,11.14999999999926,11.150281999934656,0.028,True,225
5612,11.223999999999219,224,12,5600,NORMAL,11.14999999999926,11.150281999934656,0.026000000000000002,True,225
5613,11.225999999999217,224,13,5600,NORMAL,11.14999999999926,11.150281999934656,0.024,True,225
5614,11.227999999999216,224,14,5600,NORMAL,11.14999999999926,11.150281999934656,0.022,True,225
5615,11.229999999999215,224,15,5600,NORMAL,11.14999999999926,11.150281999934656,0.02,True,225
5616,11.231999999999214,224,16,5600,NORMAL,11.14999999999926,11.150281999934656,0.018000000000000002,True,225
5617,11.233999999999213,224,17,5600,NORMAL,11.14999999999926,11.150281999934656,0.016,True,225
5618,11.235999999999212,224,18,5600,NORMAL,11.14999999999926,11.150281999934656,0.014,True,225
5619,11.23799999999921,224,19,5600,NORMAL,11.14999999999926,11.150281999934656,0.012,True,225
5620,11.23999999999921,224,20,5600,NORMAL,11.14999999999926,11.150281999934656,0.01,True,225
5621,11.241999999999209,224,21,5600,NORMAL,11.14999999999926,11.150281999934656,0.008,True,225
5622,11.243999999999208,224,22,5600,NORMAL,11.14999999999926,11.150281999934656,0.006,True,225
5623,11.245999999999206,224,23,5600,NORMAL,11.14999999999926,11.150281999934656,0.004,True,225
5624,11.247999999999205,224,24,5600,NORMAL,11.14999999999926,11.150281999934656,0.002,True,225
5625,11.249999999999204,225,0,5625,NORMAL,11.199999999999232,11.20028310005942,0.05,False,
5626,11.251999999999203,225,1,5625,NORMAL,11.199999999999232,11.20028310005942,0.048,True,226
5627,11.253999999999202,225,2,5625,NORMAL,11.199999999999232,11.20028310005942,0.046,True,226
5628,11.2559999999992,225,3,5625,NORMAL,11.199999999999232,11.20028310005942,0.044,True,226
5629,11.2579999999992,225,4,5625,NORMAL,11.199999999999232,11.20028310005942,0.042,True,226
5630,11.259999999999199,225,5,5625,NORMAL,11.199999999999232,11.20028310005942,0.04,True,226
5631,11.261999999999198,225,6,5625,NORMAL,11.199999999999232,11.20028310005942,0.038,True,226
5632,11.263999999999196,225,7,5625,NORMAL,11.199999999999232,11.20028310005942,0.036000000000000004,True,226
5633,11.265999999999195,225,8,5625,NORMAL,11.199999999999232,11.20028310005942,0.034,True,226
5634,11.267999999999194,225,9,5625,NORMAL,11.199999999999232,11.20028310005942,0.032,True,226
5635,11.269999999999193,225,10,5625,NORMAL,11.199999999999232,11.20028310005942,0.03,True,226
5636,11.271999999999192,225,11,5625,NORMAL,11.199999999999232,11.20028310005942,0.028,True,226
5637,11.273999999999191,225,12,5625,NORMAL,11.199999999999232,11.20028310005942,0.026000000000000002,True,226
5638,11.27599999999919,225,13,5625,NORMAL,11.199999999999232,11.20028310005942,0.024,True,226
5639,11.277999999999189,225,14,5625,NORMAL,11.199999999999232,11.20028310005942,0.022,True,226
5640,11.279999999999188,225,15,5625,NORMAL,11.199999999999232,11.20028310005942,0.02,True,226
5641,11.281999999999186,225,16,5625,NORMAL,11.199999999999232,11.20028310005942,0.018000000000000002,True,226
5642,11.283999999999185,225,17,5625,NORMAL,11.199999999999232,11.20028310005942,0.016,True,226
5643,11.285999999999184,225,18,5625,NORMAL,11.199999999999232,11.20028310005942,0.014,True,226
5644,11.287999999999183,225,19,5625,NORMAL,11.199999999999232,11.20028310005942,0.012,True,226
5645,11.289999999999182,225,20,5625,NORMAL,11.199999999999232,11.20028310005942,0.01,True,226
5646,11.291999999999181,225,21,5625,NORMAL,11.199999999999232,11.20028310005942,0.008,True,226
5647,11.29399999999918,225,22,5625,NORMAL,11.199999999999232,11.20028310005942,0.006,True,226
5648,11.295999999999179,225,23,5625,NORMAL,11.199999999999232,11.20028310005942,0.004,True,226
5649,11.297999999999178,225,24,5625,NORMAL,11.199999999999232,11.20028310005942,0.002,True,226
5650,11.299999999999176,226,0,5650,NORMAL,11.249999999999204,11.25034380005593,0.05,False,
5651,11.301999999999175,226,1,5650,NORMAL,11.249999999999204,11.25034380005593,0.048,True,227
5652,11.303999999999174,226,2,5650,NORMAL,11.249999999999204,11.25034380005593,0.046,True,227
5653,11.305999999999173,226,3,5650,NORMAL,11.249999999999204,11.25034380005593,0.044,True,227
5654,11.307999999999172,226,4,5650,NORMAL,11.249999999999204,11.25034380005593,0.042,True,227
5655,11.309999999999171,226,5,5650,NORMAL,11.249999999999204,11.25034380005593,0.04,True,227
5656,11.31199999999917,226,6,5650,NORMAL,11.249999999999204,11.25034380005593,0.038,True,227
5657,11.313999999999169,226,7,5650,NORMAL,11.249999999999204,11.25034380005593,0.036000000000000004,True,227
5658,11.315999999999168,226,8,5650,NORMAL,11.249999999999204,11.25034380005593,0.034,True,227
5659,11.317999999999167,226,9,5650,NORMAL,11.249999999999204,11.25034380005593,0.032,True,227
5660,11.319999999999165,226,10,5650,NORMAL,11.249999999999204,11.25034380005593,0.03,True,227
5661,11.321999999999164,226,11,5650,NORMAL,11.249999999999204,11.25034380005593,0.028,True,227
5662,11.323999999999163,226,12,5650,NORMAL,11.249999999999204,11.25034380005593,0.026000000000000002,True,227
5663,11.325999999999162,226,13,5650,NORMAL,11.249999999999204,11.25034380005593,0.024,True,227
5664,11.327999999999161,226,14,5650,NORMAL,11.249999999999204,11.25034380005593,0.022,True,227
5665,11.32999999999916,226,15,5650,NORMAL,11.249999999999204,11.25034380005593,0.02,True,227
5666,11.331999999999159,226,16,5650,NORMAL,11.249999999999204,11.25034380005593,0.018000000000000002,True,227
5667,11.333999999999158,226,17,5650,NORMAL,11.249999999999204,11.25034380005593,0.016,True,227
5668,11.335999999999157,226,18,5650,NORMAL,11.249999999999204,11.25034380005593,0.014,True,227
5669,11.337999999999155,226,19,5650,NORMAL,11.249999999999204,11.25034380005593,0.012,True,227
5670,11.339999999999154,226,20,5650,NORMAL,11.249999999999204,11.25034380005593,0.01,True,227
5671,11.341999999999153,226,21,5650,NORMAL,11.249999999999204,11.25034380005593,0.008,True,227
5672,11.343999999999152,226,22,5650,NORMAL,11.249999999999204,11.25034380005593,0.006,True,227
5673,11.345999999999151,226,23,5650,NORMAL,11.249999999999204,11.25034380005593,0.004,True,227
5674,11.34799999999915,226,24,5650,NORMAL,11.249999999999204,11.25034380005593,0.002,True,227
5675,11.349999999999149,227,0,5675,NORMAL,11.299999999999176,11.300269999959614,0.05,False,
5676,11.351999999999148,227,1,5675,NORMAL,11.299999999999176,11.300269999959614,0.048,True,228
5677,11.353999999999147,227,2,5675,NORMAL,11.299999999999176,11.300269999959614,0.046,True,228
5678,11.355999999999145,227,3,5675,NORMAL,11.299999999999176,11.300269999959614,0.044,True,228
5679,11.357999999999144,227,4,5675,NORMAL,11.299999999999176,11.300269999959614,0.042,True,228
5680,11.359999999999143,227,5,5675,NORMAL,11.299999999999176,11.300269999959614,0.04,True,228
5681,11.361999999999142,227,6,5675,NORMAL,11.299999999999176,11.300269999959614,0.038,True,228
5682,11.363999999999141,227,7,5675,NORMAL,11.299999999999176,11.300269999959614,0.036000000000000004,True,228
5683,11.36599999999914,227,8,5675,NORMAL,11.299999999999176,11.300269999959614,0.034,True,228
5684,11.367999999999139,227,9,5675,NORMAL,11.299999999999176,11.300269999959614,0.032,True,228
5685,11.369999999999138,227,10,5675,NORMAL,11.299999999999176,11.300269999959614,0.03,True,228
5686,11.371999999999137,227,11,5675,NORMAL,11.299999999999176,11.300269999959614,0.028,True,228
5687,11.373999999999135,227,12,5675,NORMAL,11.299999999999176,11.300269999959614,0.026000000000000002,True,228
5688,11.375999999999134,227,13,5675,NORMAL,11.299999999999176,11.300269999959614,0.024,True,228
5689,11.377999999999133,227,14,5675,NORMAL,11.299999999999176,11.300269999959614,0.022,True,228
5690,11.379999999999132,227,15,5675,NORMAL,11.299999999999176,11.300269999959614,0.02,True,228
5691,11.381999999999131,227,16,5675,NORMAL,11.299999999999176,11.300269999959614,0.018000000000000002,True,228
5692,11.38399999999913,227,17,5675,NORMAL,11.299999999999176,11.300269999959614,0.016,True,228
5693,11.385999999999129,227,18,5675,NORMAL,11.299999999999176,11.300269999959614,0.014,True,228
5694,11.387999999999128,227,19,5675,NORMAL,11.299999999999176,11.300269999959614,0.012,True,228
5695,11.389999999999127,227,20,5675,NORMAL,11.299999999999176,11.300269999959614,0.01,True,228
5696,11.391999999999125,227,21,5675,NORMAL,11.299999999999176,11.300269999959614,0.008,True,228
5697,11.393999999999124,227,22,5675,NORMAL,11.299999999999176,11.300269999959614,0.006,True,228
5698,11.395999999999123,227,23,5675,NORMAL,11.299999999999176,11.300269999959614,0.004,True,228
5699,11.397999999999122,227,24,5675,NORMAL,11.299999999999176,11.300269999959614,0.002,True,228
5700,11.399999999999121,228,0,5700,NORMAL,11.349999999999149,11.350267899943596,0.05,False,
5701,11.40199999999912,228,1,5700,NORMAL,11.349999999999149,11.350267899943596,0.048,True,229
5702,11.403999999999119,228,2,5700,NORMAL,11.349999999999149,11.350267899943596,0.046,True,229
5703,11.405999999999118,228,3,5700,NORMAL,11.349999999999149,11.350267899943596,0.044,True,229
5704,11.407999999999117,228,4,5700,NORMAL,11.349999999999149,11.350267899943596,0.042,True,229
5705,11.409999999999116,228,5,5700,NORMAL,11.349999999999149,11.350267899943596,0.04,True,229
5706,11.411999999999114,228,6,5700,NORMAL,11.349999999999149,11.350267899943596,0.038,True,229
5707,11.413999999999113,228,7,5700,NORMAL,11.349999999999149,11.350267899943596,0.036000000000000004,True,229
5708,11.415999999999112,228,8,5700,NORMAL,11.349999999999149,11.350267899943596,0.034,True,229
5709,11.417999999999111,228,9,5700,NORMAL,11.349999999999149,11.350267899943596,0.032,True,229
5710,11.41999999999911,228,10,5700,NORMAL,11.349999999999149,11.350267899943596,0.03,True,229
5711,11.421999999999109,228,11,5700,NORMAL,11.349999999999149,11.350267899943596,0.028,True,229
5712,11.423999999999108,228,12,5700,NORMAL,11.349999999999149,11.350267899943596,0.026000000000000002,True,229
5713,11.425999999999107,228,13,5700,NORMAL,11.349999999999149,11.350267899943596,0.024,True,229
5714,11.427999999999106,228,14,5700,NORMAL,11.349999999999149,11.350267899943596,0.022,True,229
5715,11.429999999999104,228,15,5700,NORMAL,11.349999999999149,11.350267899943596,0.02,True,229
5716,11.431999999999103,228,16,5700,NORMAL,11.349999999999149,11.350267899943596,0.018000000000000002,True,229
5717,11.433999999999102,228,17,5700,NORMAL,11.349999999999149,11.350267899943596,0.016,True,229
5718,11.435999999999101,228,18,5700,NORMAL,11.349999999999149,11.350267899943596,0.014,True,229
5719,11.4379999999991,228,19,5700,NORMAL,11.349999999999149,11.350267899943596,0.012,True,229
5720,11.439999999999099,228,20,5700,NORMAL,11.349999999999149,11.350267899943596,0.01,True,229
5721,11.441999999999098,228,21,5700,NORMAL,11.349999999999149,11.350267899943596,0.008,True,229
5722,11.443999999999097,228,22,5700,NORMAL,11.349999999999149,11.350267899943596,0.006,True,229
5723,11.445999999999096,228,23,5700,NORMAL,11.349999999999149,11.350267899943596,0.004,True,229
5724,11.447999999999094,228,24,5700,NORMAL,11.349999999999149,11.350267899943596,0.002,True,229
5725,11.449999999999093,229,0,5725,NORMAL,11.399999999999121,11.400271400086634,0.05,False,
5726,11.451999999999092,229,1,5725,NORMAL,11.399999999999121,11.400271400086634,0.048,True,230
5727,11.453999999999091,229,2,5725,NORMAL,11.399999999999121,11.400271400086634,0.046,True,230
5728,11.45599999999909,229,3,5725,NORMAL,11.399999999999121,11.400271400086634,0.044,True,230
5729,11.457999999999089,229,4,5725,NORMAL,11.399999999999121,11.400271400086634,0.042,True,230
5730,11.459999999999088,229,5,5725,NORMAL,11.399999999999121,11.400271400086634,0.04,True,230
5731,11.461999999999087,229,6,5725,NORMAL,11.399999999999121,11.400271400086634,0.038,True,230
5732,11.463999999999086,229,7,5725,NORMAL,11.399999999999121,11.400271400086634,0.036000000000000004,True,230
5733,11.465999999999084,229,8,5725,NORMAL,11.399999999999121,11.400271400086634,0.034,True,230
5734,11.467999999999083,229,9,5725,NORMAL,11.399999999999121,11.400271400086634,0.032,True,230
5735,11.469999999999082,229,10,5725,NORMAL,11.399999999999121,11.400271400086634,0.03,True,230
5736,11.471999999999081,229,11,5725,NORMAL,11.399999999999121,11.400271400086634,0.028,True,230
5737,11.47399999999908,229,12,5725,NORMAL,11.399999999999121,11.400271400086634,0.026000000000000002,True,230
5738,11.475999999999079,229,13,5725,NORMAL,11.399999999999121,11.400271400086634,0.024,True,230
5739,11.477999999999078,229,14,5725,NORMAL,11.399999999999121,11.400271400086634,0.022,True,230
5740,11.479999999999077,229,15,5725,NORMAL,11.399999999999121,11.400271400086634,0.02,True,230
5741,11.481999999999076,229,16,5725,NORMAL,11.399999999999121,11.400271400086634,0.018000000000000002,True,230
5742,11.483999999999075,229,17,5725,NORMAL,11.399999999999121,11.400271400086634,0.016,True,230
5743,11.485999999999073,229,18,5725,NORMAL,11.399999999999121,11.400271400086634,0.014,True,230
5744,11.487999999999072,229,19,5725,NORMAL,11.399999999999121,11.400271400086634,0.012,True,230
5745,11.489999999999071,229,20,5725,NORMAL,11.399999999999121,11.400271400086634,0.01,True,230
5746,11.49199999999907,229,21,5725,NORMAL,11.399999999999121,11.400271400086634,0.008,True,230
5747,11.493999999999069,229,22,5725,NORMAL,11.399999999999121,11.400271400086634,0.006,True,230
5748,11.495999999999068,229,23,5725,NORMAL,11.399999999999121,11.400271400086634,0.004,True,230
5749,11.497999999999067,229,24,5725,NORMAL,11.399999999999121,11.400271400086634,0.002,True,230
5750,11.499999999999066,230,0,5750,NORMAL,11.449999999999093,11.450269800074423,0.05,False,
5751,11.501999999999065,230,1,5750,NORMAL,11.449999999999093,11.450269800074423,0.048,True,231
5752,11.503999999999063,230,2,5750,NORMAL,11.449999999999093,11.450269800074423,0.046,True,231
5753,11.505999999999062,230,3,5750,NORMAL,11.449999999999093,11.450269800074423,0.044,True,231
5754,11.507999999999061,230,4,5750,NORMAL,11.449999999999093,11.450269800074423,0.042,True,231
5755,11.50999999999906,230,5,5750,NORMAL,11.449999999999093,11.450269800074423,0.04,True,231
5756,11.511999999999059,230,6,5750,NORMAL,11.449999999999093,11.450269800074423,0.038,True,231
5757,11.513999999999058,230,7,5750,NORMAL,11.449999999999093,11.450269800074423,0.036000000000000004,True,231
5758,11.515999999999057,230,8,5750,NORMAL,11.449999999999093,11.450269800074423,0.034,True,231
5759,11.517999999999056,230,9,5750,NORMAL,11.449999999999093,11.450269800074423,0.032,True,231
5760,11.519999999999055,230,10,5750,NORMAL,11.449999999999093,11.450269800074423,0.03,True,231
5761,11.521999999999053,230,11,5750,NORMAL,11.449999999999093,11.450269800074423,0.028,True,231
5762,11.523999999999052,230,12,5750,NORMAL,11.449999999999093,11.450269800074423,0.026000000000000002,True,231
5763,11.525999999999051,230,13,5750,NORMAL,11.449999999999093,11.450269800074423,0.024,True,231
5764,11.52799999999905,230,14,5750,NORMAL,11.449999999999093,11.450269800074423,0.022,True,231
5765,11.529999999999049,230,15,5750,NORMAL,11.449999999999093,11.450269800074423,0.02,True,231
5766,11.531999999999048,230,16,5750,NORMAL,11.449999999999093,11.450269800074423,0.018000000000000002,True,231
5767,11.533999999999047,230,17,5750,NORMAL,11.449999999999093,11.450269800074423,0.016,True,231
5768,11.535999999999046,230,18,5750,NORMAL,11.449999999999093,11.450269800074423,0.014,True,231
5769,11.537999999999045,230,19,5750,NORMAL,11.449999999999093,11.450269800074423,0.012,True,231
5770,11.539999999999043,230,20,5750,NORMAL,11.449999999999093,11.450269800074423,0.01,True,231
5771,11.541999999999042,230,21,5750,NORMAL,11.449999999999093,11.450269800074423,0.008,True,231
5772,11.543999999999041,230,22,5750,NORMAL,11.449999999999093,11.450269800074423,0.006,True,231
5773,11.54599999999904,230,23,5750,NORMAL,11.449999999999093,11.450269800074423,0.004,True,231
5774,11.547999999999039,230,24,5750,NORMAL,11.449999999999093,11.450269800074423,0.002,True,231
5775,11.549999999999038,231,0,5775,NORMAL,11.499999999999066,11.500274299992245,0.05,False,
5776,11.551999999999037,231,1,5775,NORMAL,11.499999999999066,11.500274299992245,0.048,True,232
5777,11.553999999999036,231,2,5775,NORMAL,11.499999999999066,11.500274299992245,0.046,True,232
5778,11.555999999999035,231,3,5775,NORMAL,11.499999999999066,11.500274299992245,0.044,True,232
5779,11.557999999999033,231,4,5775,NORMAL,11.499999999999066,11.500274299992245,0.042,True,232
5780,11.559999999999032,231,5,5775,NORMAL,11.499999999999066,11.500274299992245,0.04,True,232
5781,11.561999999999031,231,6,5775,NORMAL,11.499999999999066,11.500274299992245,0.038,True,232
5782,11.56399999999903,231,7,5775,NORMAL,11.499999999999066,11.500274299992245,0.036000000000000004,True,232
5783,11.565999999999029,231,8,5775,NORMAL,11.499999999999066,11.500274299992245,0.034,True,232
5784,11.567999999999028,231,9,5775,NORMAL,11.499999999999066,11.500274299992245,0.032,True,232
5785,11.569999999999027,231,10,5775,NORMAL,11.499999999999066,11.500274299992245,0.03,True,232
5786,11.571999999999026,231,11,5775,NORMAL,11.499999999999066,11.500274299992245,0.028,True,232
5787,11.573999999999025,231,12,5775,NORMAL,11.499999999999066,11.500274299992245,0.026000000000000002,True,232
5788,11.575999999999024,231,13,5775,NORMAL,11.499999999999066,11.500274299992245,0.024,True,232
5789,11.577999999999022,231,14,5775,NORMAL,11.499999999999066,11.500274299992245,0.022,True,232
5790,11.579999999999021,231,15,5775,NORMAL,11.499999999999066,11.500274299992245,0.02,True,232
5791,11.58199999999902,231,16,5775,NORMAL,11.499999999999066,11.500274299992245,0.018000000000000002,True,232
5792,11.583999999999019,231,17,5775,NORMAL,11.499999999999066,11.500274299992245,0.016,True,232
5793,11.585999999999018,231,18,5775,NORMAL,11.499999999999066,11.500274299992245,0.014,True,232
5794,11.587999999999017,231,19,5775,NORMAL,11.499999999999066,11.500274299992245,0.012,True,232
5795,11.589999999999016,231,20,5775,NORMAL,11.499999999999066,11.500274299992245,0.01,True,232
5796,11.591999999999015,231,21,5775,NORMAL,11.499999999999066,11.500274299992245,0.008,True,232
5797,11.593999999999014,231,22,5775,NORMAL,11.499999999999066,11.500274299992245,0.006,True,232
5798,11.595999999999012,231,23,5775,NORMAL,11.499999999999066,11.500274299992245,0.004,True,232
5799,11.597999999999011,231,24,5775,NORMAL,11.499999999999066,11.500274299992245,0.002,True,232
5800,11.59999999999901,232,0,5800,NORMAL,11.549999999999038,11.550269399954907,0.05,False,
5801,11.601999999999009,232,1,5800,NORMAL,11.549999999999038,11.550269399954907,0.048,True,233
5802,11.603999999999008,232,2,5800,NORMAL,11.549999999999038,11.550269399954907,0.046,True,233
5803,11.605999999999007,232,3,5800,NORMAL,11.549999999999038,11.550269399954907,0.044,True,233
5804,11.607999999999006,232,4,5800,NORMAL,11.549999999999038,11.550269399954907,0.042,True,233
5805,11.609999999999005,232,5,5800,NORMAL,11.549999999999038,11.550269399954907,0.04,True,233
5806,11.611999999999004,232,6,5800,NORMAL,11.549999999999038,11.550269399954907,0.038,True,233
5807,11.613999999999002,232,7,5800,NORMAL,11.549999999999038,11.550269399954907,0.036000000000000004,True,233
5808,11.615999999999001,232,8,5800,NORMAL,11.549999999999038,11.550269399954907,0.034,True,233
5809,11.617999999999,232,9,5800,NORMAL,11.549999999999038,11.550269399954907,0.032,True,233
5810,11.619999999999,232,10,5800,NORMAL,11.549999999999038,11.550269399954907,0.03,True,233
5811,11.621999999998998,232,11,5800,NORMAL,11.549999999999038,11.550269399954907,0.028,True,233
5812,11.623999999998997,232,12,5800,NORMAL,11.549999999999038,11.550269399954907,0.026000000000000002,True,233
5813,11.625999999998996,232,13,5800,NORMAL,11.549999999999038,11.550269399954907,0.024,True,233
5814,11.627999999998995,232,14,5800,NORMAL,11.549999999999038,11.550269399954907,0.022,True,233
5815,11.629999999998994,232,15,5800,NORMAL,11.549999999999038,11.550269399954907,0.02,True,233
5816,11.631999999998992,232,16,5800,NORMAL,11.549999999999038,11.550269399954907,0.018000000000000002,True,233
5817,11.633999999998991,232,17,5800,NORMAL,11.549999999999038,11.550269399954907,0.016,True,233
5818,11.63599999999899,232,18,5800,NORMAL,11.549999999999038,11.550269399954907,0.014,True,233
5819,11.63799999999899,232,19,5800,NORMAL,11.549999999999038,11.550269399954907,0.012,True,233
5820,11.639999999998988,232,20,5800,NORMAL,11.549999999999038,11.550269399954907,0.01,True,233
5821,11.641999999998987,232,21,5800,NORMAL,11.549999999999038,11.550269399954907,0.008,True,233
5822,11.643999999998986,232,22,5800,NORMAL,11.549999999999038,11.550269399954907,0.006,True,233
5823,11.645999999998985,232,23,5800,NORMAL,11.549999999999038,11.550269399954907,0.004,True,233
5824,11.647999999998984,232,24,5800,NORMAL,11.549999999999038,11.550269399954907,0.002,True,233
5825,11.649999999998983,233,0,5825,NORMAL,11.59999999999901,11.600345200066396,0.05,False,
5826,11.651999999998981,233,1,5825,NORMAL,11.59999999999901,11.600345200066396,0.048,True,234
5827,11.65399999999898,233,2,5825,NORMAL,11.59999999999901,11.600345200066396,0.046,True,234
5828,11.65599999999898,233,3,5825,NORMAL,11.59999999999901,11.600345200066396,0.044,True,234
5829,11.657999999998978,233,4,5825,NORMAL,11.59999999999901,11.600345200066396,0.042,True,234
5830,11.659999999998977,233,5,5825,NORMAL,11.59999999999901,11.600345200066396,0.04,True,234
5831,11.661999999998976,233,6,5825,NORMAL,11.59999999999901,11.600345200066396,0.038,True,234
5832,11.663999999998975,233,7,5825,NORMAL,11.59999999999901,11.600345200066396,0.036000000000000004,True,234
5833,11.665999999998974,233,8,5825,NORMAL,11.59999999999901,11.600345200066396,0.034,True,234
5834,11.667999999998973,233,9,5825,NORMAL,11.59999999999901,11.600345200066396,0.032,True,234
5835,11.669999999998971,233,10,5825,NORMAL,11.59999999999901,11.600345200066396,0.03,True,234
5836,11.67199999999897,233,11,5825,NORMAL,11.59999999999901,11.600345200066396,0.028,True,234
5837,11.67399999999897,233,12,5825,NORMAL,11.59999999999901,11.600345200066396,0.026000000000000002,True,234
5838,11.675999999998968,233,13,5825,NORMAL,11.59999999999901,11.600345200066396,0.024,True,234
5839,11.677999999998967,233,14,5825,NORMAL,11.59999999999901,11.600345200066396,0.022,True,234
5840,11.679999999998966,233,15,5825,NORMAL,11.59999999999901,11.600345200066396,0.02,True,234
5841,11.681999999998965,233,16,5825,NORMAL,11.59999999999901,11.600345200066396,0.018000000000000002,True,234
5842,11.683999999998964,233,17,5825,NORMAL,11.59999999999901,11.600345200066396,0.016,True,234
5843,11.685999999998963,233,18,5825,NORMAL,11.59999999999901,11.600345200066396,0.014,True,234
5844,11.687999999998961,233,19,5825,NORMAL,11.59999999999901,11.600345200066396,0.012,True,234
5845,11.68999999999896,233,20,5825,NORMAL,11.59999999999901,11.600345200066396,0.01,True,234
5846,11.69199999999896,233,21,5825,NORMAL,11.59999999999901,11.600345200066396,0.008,True,234
5847,11.693999999998958,233,22,5825,NORMAL,11.59999999999901,11.600345200066396,0.006,True,234
5848,11.695999999998957,233,23,5825,NORMAL,11.59999999999901,11.600345200066396,0.004,True,234
5849,11.697999999998956,233,24,5825,NORMAL,11.59999999999901,11.600345200066396,0.002,True,234
5850,11.699999999998955,234,0,5850,NORMAL,11.649999999998983,11.65026999995942,0.05,False,
5851,11.701999999998954,234,1,5850,NORMAL,11.649999999998983,11.65026999995942,0.048,True,235
5852,11.703999999998953,234,2,5850,NORMAL,11.649999999998983,11.65026999995942,0.046,True,235
5853,11.705999999998951,234,3,5850,NORMAL,11.649999999998983,11.65026999995942,0.044,True,235
5854,11.70799999999895,234,4,5850,NORMAL,11.649999999998983,11.65026999995942,0.042,True,235
5855,11.70999999999895,234,5,5850,NORMAL,11.649999999998983,11.65026999995942,0.04,True,235
5856,11.711999999998948,234,6,5850,NORMAL,11.649999999998983,11.65026999995942,0.038,True,235
5857,11.713999999998947,234,7,5850,NORMAL,11.649999999998983,11.65026999995942,0.036000000000000004,True,235
5858,11.715999999998946,234,8,5850,NORMAL,11.649999999998983,11.65026999995942,0.034,True,235
5859,11.717999999998945,234,9,5850,NORMAL,11.649999999998983,11.65026999995942,0.032,True,235
5860,11.719999999998944,234,10,5850,NORMAL,11.649999999998983,11.65026999995942,0.03,True,235
5861,11.721999999998943,234,11,5850,NORMAL,11.649999999998983,11.65026999995942,0.028,True,235
5862,11.723999999998941,234,12,5850,NORMAL,11.649999999998983,11.65026999995942,0.026000000000000002,True,235
5863,11.72599999999894,234,13,5850,NORMAL,11.649999999998983,11.65026999995942,0.024,True,235
5864,11.72799999999894,234,14,5850,NORMAL,11.649999999998983,11.65026999995942,0.022,True,235
5865,11.729999999998938,234,15,5850,NORMAL,11.649999999998983,11.65026999995942,0.02,True,235
5866,11.731999999998937,234,16,5850,NORMAL,11.649999999998983,11.65026999995942,0.018000000000000002,True,235
5867,11.733999999998936,234,17,5850,NORMAL,11.649999999998983,11.65026999995942,0.016,True,235
5868,11.735999999998935,234,18,5850,NORMAL,11.649999999998983,11.65026999995942,0.014,True,235
5869,11.737999999998934,234,19,5850,NORMAL,11.649999999998983,11.65026999995942,0.012,True,235
5870,11.739999999998933,234,20,5850,NORMAL,11.649999999998983,11.65026999995942,0.01,True,235
5871,11.741999999998932,234,21,5850,NORMAL,11.649999999998983,11.65026999995942,0.008,True,235
5872,11.74399999999893,234,22,5850,NORMAL,11.649999999998983,11.65026999995942,0.006,True,235
5873,11.74599999999893,234,23,5850,NORMAL,11.649999999998983,11.65026999995942,0.004,True,235
5874,11.747999999998928,234,24,5850,NORMAL,11.649999999998983,11.65026999995942,0.002,True,235
5875,11.749999999998927,235,0,5875,NORMAL,11.699999999998955,11.70026709993731,0.05,False,
5876,11.751999999998926,235,1,5875,NORMAL,11.699999999998955,11.70026709993731,0.048,True,236
5877,11.753999999998925,235,2,5875,NORMAL,11.699999999998955,11.70026709993731,0.046,True,236
5878,11.755999999998924,235,3,5875,NORMAL,11.699999999998955,11.70026709993731,0.044,True,236
5879,11.757999999998923,235,4,5875,NORMAL,11.699999999998955,11.70026709993731,0.042,True,236
5880,11.759999999998922,235,5,5875,NORMAL,11.699999999998955,11.70026709993731,0.04,True,236
5881,11.76199999999892,235,6,5875,NORMAL,11.699999999998955,11.70026709993731,0.038,True,236
5882,11.76399999999892,235,7,5875,NORMAL,11.699999999998955,11.70026709993731,0.036000000000000004,True,236
5883,11.765999999998918,235,8,5875,NORMAL,11.699999999998955,11.70026709993731,0.034,True,236
5884,11.767999999998917,235,9,5875,NORMAL,11.699999999998955,11.70026709993731,0.032,True,236
5885,11.769999999998916,235,10,5875,NORMAL,11.699999999998955,11.70026709993731,0.03,True,236
5886,11.771999999998915,235,11,5875,NORMAL,11.699999999998955,11.70026709993731,0.028,True,236
5887,11.773999999998914,235,12,5875,NORMAL,11.699999999998955,11.70026709993731,0.026000000000000002,True,236
5888,11.775999999998913,235,13,5875,NORMAL,11.699999999998955,11.70026709993731,0.024,True,236
5889,11.777999999998912,235,14,5875,NORMAL,11.699999999998955,11.70026709993731,0.022,True,236
5890,11.77999999999891,235,15,5875,NORMAL,11.699999999998955,11.70026709993731,0.02,True,236
5891,11.78199999999891,235,16,5875,NORMAL,11.699999999998955,11.70026709993731,0.018000000000000002,True,236
5892,11.783999999998908,235,17,5875,NORMAL,11.699999999998955,11.70026709993731,0.016,True,236
5893,11.785999999998907,235,18,5875,NORMAL,11.699999999998955,11.70026709993731,0.014,True,236
5894,11.787999999998906,235,19,5875,NORMAL,11.699999999998955,11.70026709993731,0.012,True,236
5895,11.789999999998905,235,20,5875,NORMAL,11.699999999998955,11.70026709993731,0.01,True,236
5896,11.791999999998904,235,21,5875,NORMAL,11.699999999998955,11.70026709993731,0.008,True,236
5897,11.793999999998903,235,22,5875,NORMAL,11.699999999998955,11.70026709993731,0.006,True,236
5898,11.795999999998902,235,23,5875,NORMAL,11.699999999998955,11.70026709993731,0.004,True,236
5899,11.7979999999989,235,24,5875,NORMAL,11.699999999998955,11.70026709993731,0.002,True,236
5900,11.7999999999989,236,0,5900,NORMAL,11.749999999998927,11.7502654999251,0.05,False,
5901,11.801999999998898,236,1,5900,NORMAL,11.749999999998927,11.7502654999251,0.048,True,237
5902,11.803999999998897,236,2,5900,NORMAL,11.749999999998927,11.7502654999251,0.046,True,237
5903,11.805999999998896,236,3,5900,NORMAL,11.749999999998927,11.7502654999251,0.044,True,237
5904,11.807999999998895,236,4,5900,NORMAL,11.749999999998927,11.7502654999251,0.042,True,237
5905,11.809999999998894,236,5,5900,NORMAL,11.749999999998927,11.7502654999251,0.04,True,237
5906,11.811999999998893,236,6,5900,NORMAL,11.749999999998927,11.7502654999251,0.038,True,237
5907,11.813999999998892,236,7,5900,NORMAL,11.749999999998927,11.7502654999251,0.036000000000000004,True,237
5908,11.81599999999889,236,8,5900,NORMAL,11.749999999998927,11.7502654999251,0.034,True,237
5909,11.81799999999889,236,9,5900,NORMAL,11.749999999998927,11.7502654999251,0.032,True,237
5910,11.819999999998888,236,10,5900,NORMAL,11.749999999998927,11.7502654999251,0.03,True,237
5911,11.821999999998887,236,11,5900,NORMAL,11.749999999998927,11.7502654999251,0.028,True,237
5912,11.823999999998886,236,12,5900,NORMAL,11.749999999998927,11.7502654999251,0.026000000000000002,True,237
5913,11.825999999998885,236,13,5900,NORMAL,11.749999999998927,11.7502654999251,0.024,True,237
5914,11.827999999998884,236,14,5900,NORMAL,11.749999999998927,11.7502654999251,0.022,True,237
5915,11.829999999998883,236,15,5900,NORMAL,11.749999999998927,11.7502654999251,0.02,True,237
5916,11.831999999998882,236,16,5900,NORMAL,11.749999999998927,11.7502654999251,0.018000000000000002,True,237
5917,11.83399999999888,236,17,5900,NORMAL,11.749999999998927,11.7502654999251,0.016,True,237
5918,11.83599999999888,236,18,5900,NORMAL,11.749999999998927,11.7502654999251,0.014,True,237
5919,11.837999999998878,236,19,5900,NORMAL,11.749999999998927,11.7502654999251,0.012,True,237
5920,11.839999999998877,236,20,5900,NORMAL,11.749999999998927,11.7502654999251,0.01,True,237
5921,11.841999999998876,236,21,5900,NORMAL,11.749999999998927,11.7502654999251,0.008,True,237
5922,11.843999999998875,236,22,5900,NORMAL,11.749999999998927,11.7502654999251,0.006,True,237
5923,11.845999999998874,236,23,5900,NORMAL,11.749999999998927,11.7502654999251,0.004,True,237
5924,11.847999999998873,236,24,5900,NORMAL,11.749999999998927,11.7502654999251,0.002,True,237
5925,11.849999999998872,237,0,5925,NORMAL,11.7999999999989,11.80027060008032,0.05,False,
5926,11.85199999999887,237,1,5925,NORMAL,11.7999999999989,11.80027060008032,0.048,True,238
5927,11.85399999999887,237,2,5925,NORMAL,11.7999999999989,11.80027060008032,0.046,True,238
5928,11.855999999998868,237,3,5925,NORMAL,11.7999999999989,11.80027060008032,0.044,True,238
5929,11.857999999998867,237,4,5925,NORMAL,11.7999999999989,11.80027060008032,0.042,True,238
5930,11.859999999998866,237,5,5925,NORMAL,11.7999999999989,11.80027060008032,0.04,True,238
5931,11.861999999998865,237,6,5925,NORMAL,11.7999999999989,11.80027060008032,0.038,True,238
5932,11.863999999998864,237,7,5925,NORMAL,11.7999999999989,11.80027060008032,0.036000000000000004,True,238
5933,11.865999999998863,237,8,5925,NORMAL,11.7999999999989,11.80027060008032,0.034,True,238
5934,11.867999999998862,237,9,5925,NORMAL,11.7999999999989,11.80027060008032,0.032,True,238
5935,11.86999999999886,237,10,5925,NORMAL,11.7999999999989,11.80027060008032,0.03,True,238
5936,11.87199999999886,237,11,5925,NORMAL,11.7999999999989,11.80027060008032,0.028,True,238
5937,11.873999999998858,237,12,5925,NORMAL,11.7999999999989,11.80027060008032,0.026000000000000002,True,238
5938,11.875999999998857,237,13,5925,NORMAL,11.7999999999989,11.80027060008032,0.024,True,238
5939,11.877999999998856,237,14,5925,NORMAL,11.7999999999989,11.80027060008032,0.022,True,238
5940,11.879999999998855,237,15,5925,NORMAL,11.7999999999989,11.80027060008032,0.02,True,238
5941,11.881999999998854,237,16,5925,NORMAL,11.7999999999989,11.80027060008032,0.018000000000000002,True,238
5942,11.883999999998853,237,17,5925,NORMAL,11.7999999999989,11.80027060008032,0.016,True,238
5943,11.885999999998852,237,18,5925,NORMAL,11.7999999999989,11.80027060008032,0.014,True,238
5944,11.88799999999885,237,19,5925,NORMAL,11.7999999999989,11.80027060008032,0.012,True,238
5945,11.88999999999885,237,20,5925,NORMAL,11.7999999999989,11.80027060008032,0.01,True,238
5946,11.891999999998848,237,21,5925,NORMAL,11.7999999999989,11.80027060008032,0.008,True,238
5947,11.893999999998847,237,22,5925,NORMAL,11.7999999999989,11.80027060008032,0.006,True,238
5948,11.895999999998846,237,23,5925,NORMAL,11.7999999999989,11.80027060008032,0.004,True,238
5949,11.897999999998845,237,24,5925,NORMAL,11.7999999999989,11.80027060008032,0.002,True,238
5950,11.899999999998844,238,0,5950,NORMAL,11.849999999998872,11.850267199937988,0.05,False,
5951,11.901999999998843,238,1,5950,NORMAL,11.849999999998872,11.850267199937988,0.048,True,239
5952,11.903999999998842,238,2,5950,NORMAL,11.849999999998872,11.850267199937988,0.046,True,239
5953,11.90599999999884,238,3,5950,NORMAL,11.849999999998872,11.850267199937988,0.044,True,239
5954,11.90799999999884,238,4,5950,NORMAL,11.849999999998872,11.850267199937988,0.042,True,239
5955,11.909999999998838,238,5,5950,NORMAL,11.849999999998872,11.850267199937988,0.04,True,239
5956,11.911999999998837,238,6,5950,NORMAL,11.849999999998872,11.850267199937988,0.038,True,239
5957,11.913999999998836,238,7,5950,NORMAL,11.849999999998872,11.850267199937988,0.036000000000000004,True,239
5958,11.915999999998835,238,8,5950,NORMAL,11.849999999998872,11.850267199937988,0.034,True,239
5959,11.917999999998834,238,9,5950,NORMAL,11.849999999998872,11.850267199937988,0.032,True,239
5960,11.919999999998833,238,10,5950,NORMAL,11.849999999998872,11.850267199937988,0.03,True,239
5961,11.921999999998832,238,11,5950,NORMAL,11.849999999998872,11.850267199937988,0.028,True,239
5962,11.92399999999883,238,12,5950,NORMAL,11.849999999998872,11.850267199937988,0.026000000000000002,True,239
5963,11.92599999999883,238,13,5950,NORMAL,11.849999999998872,11.850267199937988,0.024,True,239
5964,11.927999999998828,238,14,5950,NORMAL,11.849999999998872,11.850267199937988,0.022,True,239
5965,11.929999999998827,238,15,5950,NORMAL,11.849999999998872,11.850267199937988,0.02,True,239
5966,11.931999999998826,238,16,5950,NORMAL,11.849999999998872,11.850267199937988,0.018000000000000002,True,239
5967,11.933999999998825,238,17,5950,NORMAL,11.849999999998872,11.850267199937988,0.016,True,239
5968,11.935999999998824,238,18,5950,NORMAL,11.849999999998872,11.850267199937988,0.014,True,239
5969,11.937999999998823,238,19,5950,NORMAL,11.849999999998872,11.850267199937988,0.012,True,239
5970,11.939999999998822,238,20,5950,NORMAL,11.849999999998872,11.850267199937988,0.01,True,239
5971,11.94199999999882,238,21,5950,NORMAL,11.849999999998872,11.850267199937988,0.008,True,239
5972,11.94399999999882,238,22,5950,NORMAL,11.849999999998872,11.850267199937988,0.006,True,239
5973,11.945999999998818,238,23,5950,NORMAL,11.849999999998872,11.850267199937988,0.004,True,239
5974,11.947999999998817,238,24,5950,NORMAL,11.849999999998872,11.850267199937988,0.002,True,239
5975,11.949999999998816,239,0,5975,NORMAL,11.899999999998844,11.900282299936524,0.05,False,
5976,11.951999999998815,239,1,5975,NORMAL,11.899999999998844,11.900282299936524,0.048,True,240
5977,11.953999999998814,239,2,5975,NORMAL,11.899999999998844,11.900282299936524,0.046,True,240
5978,11.955999999998813,239,3,5975,NORMAL,11.899999999998844,11.900282299936524,0.044,True,240
5979,11.957999999998812,239,4,5975,NORMAL,11.899999999998844,11.900282299936524,0.042,True,240
5980,11.95999999999881,239,5,5975,NORMAL,11.899999999998844,11.900282299936524,0.04,True,240
5981,11.96199999999881,239,6,5975,NORMAL,11.899999999998844,11.900282299936524,0.038,True,240
5982,11.963999999998808,239,7,5975,NORMAL,11.899999999998844,11.900282299936524,0.036000000000000004,True,240
5983,11.965999999998807,239,8,5975,NORMAL,11.899999999998844,11.900282299936524,0.034,True,240
5984,11.967999999998806,239,9,5975,NORMAL,11.899999999998844,11.900282299936524,0.032,True,240
5985,11.969999999998805,239,10,5975,NORMAL,11.899999999998844,11.900282299936524,0.03,True,240
5986,11.971999999998804,239,11,5975,NORMAL,11.899999999998844,11.900282299936524,0.028,True,240
5987,11.973999999998803,239,12,5975,NORMAL,11.899999999998844,11.900282299936524,0.026000000000000002,True,240
5988,11.975999999998802,239,13,5975,NORMAL,11.899999999998844,11.900282299936524,0.024,True,240
5989,11.9779999999988,239,14,5975,NORMAL,11.899999999998844,11.900282299936524,0.022,True,240
5990,11.9799999999988,239,15,5975,NORMAL,11.899999999998844,11.900282299936524,0.02,True,240
5991,11.981999999998799,239,16,5975,NORMAL,11.899999999998844,11.900282299936524,0.018000000000000002,True,240
5992,11.983999999998797,239,17,5975,NORMAL,11.899999999998844,11.900282299936524,0.016,True,240
5993,11.985999999998796,239,18,5975,NORMAL,11.899999999998844,11.900282299936524,0.014,True,240
5994,11.987999999998795,239,19,5975,NORMAL,11.899999999998844,11.900282299936524,0.012,True,240
5995,11.989999999998794,239,20,5975,NORMAL,11.899999999998844,11.900282299936524,0.01,True,240
5996,11.991999999998793,239,21,5975,NORMAL,11.899999999998844,11.900282299936524,0.008,True,240
5997,11.993999999998792,239,22,5975,NORMAL,11.899999999998844,11.900282299936524,0.006,True,240
5998,11.99599999999879,239,23,5975,NORMAL,11.899999999998844,11.900282299936524,0.004,True,240
5999,11.99799999999879,239,24,5975,NORMAL,11.899999999998844,11.900282299936524,0.002,True,240
6000,11.999999999998789,240,0,6000,NORMAL,11.949999999998816,11.950360099946828,0.05,False,
6001,12.001999999998787,240,1,6000,NORMAL,11.949999999998816,11.950360099946828,0.048,True,241
6002,12.003999999998786,240,2,6000,NORMAL,11.949999999998816,11.950360099946828,0.046,True,241
6003,12.005999999998785,240,3,6000,NORMAL,11.949999999998816,11.950360099946828,0.044,True,241
6004,12.007999999998784,240,4,6000,NORMAL,11.949999999998816,11.950360099946828,0.042,True,241
6005,12.009999999998783,240,5,6000,NORMAL,11.949999999998816,11.950360099946828,0.04,True,241
6006,12.011999999998782,240,6,6000,NORMAL,11.949999999998816,11.950360099946828,0.038,True,241
6007,12.01399999999878,240,7,6000,NORMAL,11.949999999998816,11.950360099946828,0.036000000000000004,True,241
6008,12.01599999999878,240,8,6000,NORMAL,11.949999999998816,11.950360099946828,0.034,True,241
6009,12.017999999998779,240,9,6000,NORMAL,11.949999999998816,11.950360099946828,0.032,True,241
6010,12.019999999998777,240,10,6000,NORMAL,11.949999999998816,11.950360099946828,0.03,True,241
6011,12.021999999998776,240,11,6000,NORMAL,11.949999999998816,11.950360099946828,0.028,True,241
6012,12.023999999998775,240,12,6000,NORMAL,11.949999999998816,11.950360099946828,0.026000000000000002,True,241
6013,12.025999999998774,240,13,6000,NORMAL,11.949999999998816,11.950360099946828,0.024,True,241
6014,12.027999999998773,240,14,6000,NORMAL,11.949999999998816,11.950360099946828,0.022,True,241
6015,12.029999999998772,240,15,6000,NORMAL,11.949999999998816,11.950360099946828,0.02,True,241
6016,12.03199999999877,240,16,6000,NORMAL,11.949999999998816,11.950360099946828,0.018000000000000002,True,241
6017,12.03399999999877,240,17,6000,NORMAL,11.949999999998816,11.950360099946828,0.016,True,241
6018,12.035999999998769,240,18,6000,NORMAL,11.949999999998816,11.950360099946828,0.014,True,241
6019,12.037999999998767,240,19,6000,NORMAL,11.949999999998816,11.950360099946828,0.012,True,241
6020,12.039999999998766,240,20,6000,NORMAL,11.949999999998816,11.950360099946828,0.01,True,241
6021,12.041999999998765,240,21,6000,NORMAL,11.949999999998816,11.950360099946828,0.008,True,241
6022,12.043999999998764,240,22,6000,NORMAL,11.949999999998816,11.950360099946828,0.006,True,241
6023,12.045999999998763,240,23,6000,NORMAL,11.949999999998816,11.950360099946828,0.004,True,241
6024,12.047999999998762,240,24,6000,NORMAL,11.949999999998816,11.950360099946828,0.002,True,241
6025,12.04999999999876,241,0,6025,NORMAL,11.999999999998789,12.000266299931052,0.05,False,
6026,12.05199999999876,241,1,6025,NORMAL,11.999999999998789,12.000266299931052,0.048,True,242
6027,12.053999999998759,241,2,6025,NORMAL,11.999999999998789,12.000266299931052,0.046,True,242
6028,12.055999999998757,241,3,6025,NORMAL,11.999999999998789,12.000266299931052,0.044,True,242
6029,12.057999999998756,241,4,6025,NORMAL,11.999999999998789,12.000266299931052,0.042,True,242
6030,12.059999999998755,241,5,6025,NORMAL,11.999999999998789,12.000266299931052,0.04,True,242
6031,12.061999999998754,241,6,6025,NORMAL,11.999999999998789,12.000266299931052,0.038,True,242
6032,12.063999999998753,241,7,6025,NORMAL,11.999999999998789,12.000266299931052,0.036000000000000004,True,242
6033,12.065999999998752,241,8,6025,NORMAL,11.999999999998789,12.000266299931052,0.034,True,242
6034,12.06799999999875,241,9,6025,NORMAL,11.999999999998789,12.000266299931052,0.032,True,242
6035,12.06999999999875,241,10,6025,NORMAL,11.999999999998789,12.000266299931052,0.03,True,242
6036,12.071999999998749,241,11,6025,NORMAL,11.999999999998789,12.000266299931052,0.028,True,242
6037,12.073999999998748,241,12,6025,NORMAL,11.999999999998789,12.000266299931052,0.026000000000000002,True,242
6038,12.075999999998746,241,13,6025,NORMAL,11.999999999998789,12.000266299931052,0.024,True,242
6039,12.077999999998745,241,14,6025,NORMAL,11.999999999998789,12.000266299931052,0.022,True,242
6040,12.079999999998744,241,15,6025,NORMAL,11.999999999998789,12.000266299931052,0.02,True,242
6041,12.081999999998743,241,16,6025,NORMAL,11.999999999998789,12.000266299931052,0.018000000000000002,True,242
6042,12.083999999998742,241,17,6025,NORMAL,11.999999999998789,12.000266299931052,0.016,True,242
6043,12.08599999999874,241,18,6025,NORMAL,11.999999999998789,12.000266299931052,0.014,True,242
6044,12.08799999999874,241,19,6025,NORMAL,11.999999999998789,12.000266299931052,0.012,True,242
6045,12.089999999998739,241,20,6025,NORMAL,11.999999999998789,12.000266299931052,0.01,True,242
6046,12.091999999998738,241,21,6025,NORMAL,11.999999999998789,12.000266299931052,0.008,True,242
6047,12.093999999998736,241,22,6025,NORMAL,11.999999999998789,12.000266299931052,0.006,True,242
6048,12.095999999998735,241,23,6025,NORMAL,11.999999999998789,12.000266299931052,0.004,True,242
6049,12.097999999998734,241,24,6025,NORMAL,11.999999999998789,12.000266299931052,0.002,True,242
6050,12.099999999998733,242,0,6050,NORMAL,12.04999999999876,12.050275400000316,0.05,False,
6051,12.101999999998732,242,1,6050,NORMAL,12.04999999999876,12.050275400000316,0.048,True,243
6052,12.10399999999873,242,2,6050,NORMAL,12.04999999999876,12.050275400000316,0.046,True,243
6053,12.10599999999873,242,3,6050,NORMAL,12.04999999999876,12.050275400000316,0.044,True,243
6054,12.107999999998729,242,4,6050,NORMAL,12.04999999999876,12.050275400000316,0.042,True,243
6055,12.109999999998728,242,5,6050,NORMAL,12.04999999999876,12.050275400000316,0.04,True,243
6056,12.111999999998726,242,6,6050,NORMAL,12.04999999999876,12.050275400000316,0.038,True,243
6057,12.113999999998725,242,7,6050,NORMAL,12.04999999999876,12.050275400000316,0.036000000000000004,True,243
6058,12.115999999998724,242,8,6050,NORMAL,12.04999999999876,12.050275400000316,0.034,True,243
6059,12.117999999998723,242,9,6050,NORMAL,12.04999999999876,12.050275400000316,0.032,True,243
6060,12.119999999998722,242,10,6050,NORMAL,12.04999999999876,12.050275400000316,0.03,True,243
6061,12.121999999998721,242,11,6050,NORMAL,12.04999999999876,12.050275400000316,0.028,True,243
6062,12.12399999999872,242,12,6050,NORMAL,12.04999999999876,12.050275400000316,0.026000000000000002,True,243
6063,12.125999999998719,242,13,6050,NORMAL,12.04999999999876,12.050275400000316,0.024,True,243
6064,12.127999999998718,242,14,6050,NORMAL,12.04999999999876,12.050275400000316,0.022,True,243
6065,12.129999999998716,242,15,6050,NORMAL,12.04999999999876,12.050275400000316,0.02,True,243
6066,12.131999999998715,242,16,6050,NORMAL,12.04999999999876,12.050275400000316,0.018000000000000002,True,243
6067,12.133999999998714,242,17,6050,NORMAL,12.04999999999876,12.050275400000316,0.016,True,243
6068,12.135999999998713,242,18,6050,NORMAL,12.04999999999876,12.050275400000316,0.014,True,243
6069,12.137999999998712,242,19,6050,NORMAL,12.04999999999876,12.050275400000316,0.012,True,243
6070,12.139999999998711,242,20,6050,NORMAL,12.04999999999876,12.050275400000316,0.01,True,243
6071,12.14199999999871,242,21,6050,NORMAL,12.04999999999876,12.050275400000316,0.008,True,243
6072,12.143999999998709,242,22,6050,NORMAL,12.04999999999876,12.050275400000316,0.006,True,243
6073,12.145999999998708,242,23,6050,NORMAL,12.04999999999876,12.050275400000316,0.004,True,243
6074,12.147999999998706,242,24,6050,NORMAL,12.04999999999876,12.050275400000316,0.002,True,243
6075,12.149999999998705,243,0,6075,NORMAL,12.099999999998733,12.100272499978207,0.05,False,
6076,12.151999999998704,243,1,6075,NORMAL,12.099999999998733,12.100272499978207,0.048,True,244
6077,12.153999999998703,243,2,6075,NORMAL,12.099999999998733,12.100272499978207,0.046,True,244
6078,12.155999999998702,243,3,6075,NORMAL,12.099999999998733,12.100272499978207,0.044,True,244
6079,12.157999999998701,243,4,6075,NORMAL,12.099999999998733,12.100272499978207,0.042,True,244
6080,12.1599999999987,243,5,6075,NORMAL,12.099999999998733,12.100272499978207,0.04,True,244
6081,12.161999999998699,243,6,6075,NORMAL,12.099999999998733,12.100272499978207,0.038,True,244
6082,12.163999999998698,243,7,6075,NORMAL,12.099999999998733,12.100272499978207,0.036000000000000004,True,244
6083,12.165999999998697,243,8,6075,NORMAL,12.099999999998733,12.100272499978207,0.034,True,244
6084,12.167999999998695,243,9,6075,NORMAL,12.099999999998733,12.100272499978207,0.032,True,244
6085,12.169999999998694,243,10,6075,NORMAL,12.099999999998733,12.100272499978207,0.03,True,244
6086,12.171999999998693,243,11,6075,NORMAL,12.099999999998733,12.100272499978207,0.028,True,244
6087,12.173999999998692,243,12,6075,NORMAL,12.099999999998733,12.100272499978207,0.026000000000000002,True,244
6088,12.175999999998691,243,13,6075,NORMAL,12.099999999998733,12.100272499978207,0.024,True,244
6089,12.17799999999869,243,14,6075,NORMAL,12.099999999998733,12.100272499978207,0.022,True,244
6090,12.179999999998689,243,15,6075,NORMAL,12.099999999998733,12.100272499978207,0.02,True,244
6091,12.181999999998688,243,16,6075,NORMAL,12.099999999998733,12.100272499978207,0.018000000000000002,True,244
6092,12.183999999998687,243,17,6075,NORMAL,12.099999999998733,12.100272499978207,0.016,True,244
6093,12.185999999998685,243,18,6075,NORMAL,12.099999999998733,12.100272499978207,0.014,True,244
6094,12.187999999998684,243,19,6075,NORMAL,12.099999999998733,12.100272499978207,0.012,True,244
6095,12.189999999998683,243,20,6075,NORMAL,12.099999999998733,12.100272499978207,0.01,True,244
6096,12.191999999998682,243,21,6075,NORMAL,12.099999999998733,12.100272499978207,0.008,True,244
6097,12.193999999998681,243,22,6075,NORMAL,12.099999999998733,12.100272499978207,0.006,True,244
6098,12.19599999999868,243,23,6075,NORMAL,12.099999999998733,12.100272499978207,0.004,True,244
6099,12.197999999998679,243,24,6075,NORMAL,12.099999999998733,12.100272499978207,0.002,True,244
6100,12.199999999998678,244,0,6100,NORMAL,12.149999999998705,12.150287599976743,0.05,False,
6101,12.201999999998677,244,1,6100,NORMAL,12.149999999998705,12.150287599976743,0.048,True,245
6102,12.203999999998675,244,2,6100,NORMAL,12.149999999998705,12.150287599976743,0.046,True,245
6103,12.205999999998674,244,3,6100,NORMAL,12.149999999998705,12.150287599976743,0.044,True,245
6104,12.207999999998673,244,4,6100,NORMAL,12.149999999998705,12.150287599976743,0.042,True,245
6105,12.209999999998672,244,5,6100,NORMAL,12.149999999998705,12.150287599976743,0.04,True,245
6106,12.211999999998671,244,6,6100,NORMAL,12.149999999998705,12.150287599976743,0.038,True,245
6107,12.21399999999867,244,7,6100,NORMAL,12.149999999998705,12.150287599976743,0.036000000000000004,True,245
6108,12.215999999998669,244,8,6100,NORMAL,12.149999999998705,12.150287599976743,0.034,True,245
6109,12.217999999998668,244,9,6100,NORMAL,12.149999999998705,12.150287599976743,0.032,True,245
6110,12.219999999998667,244,10,6100,NORMAL,12.149999999998705,12.150287599976743,0.03,True,245
6111,12.221999999998665,244,11,6100,NORMAL,12.149999999998705,12.150287599976743,0.028,True,245
6112,12.223999999998664,244,12,6100,NORMAL,12.149999999998705,12.150287599976743,0.026000000000000002,True,245
6113,12.225999999998663,244,13,6100,NORMAL,12.149999999998705,12.150287599976743,0.024,True,245
6114,12.227999999998662,244,14,6100,NORMAL,12.149999999998705,12.150287599976743,0.022,True,245
6115,12.229999999998661,244,15,6100,NORMAL,12.149999999998705,12.150287599976743,0.02,True,245
6116,12.23199999999866,244,16,6100,NORMAL,12.149999999998705,12.150287599976743,0.018000000000000002,True,245
6117,12.233999999998659,244,17,6100,NORMAL,12.149999999998705,12.150287599976743,0.016,True,245
6118,12.235999999998658,244,18,6100,NORMAL,12.149999999998705,12.150287599976743,0.014,True,245
6119,12.237999999998657,244,19,6100,NORMAL,12.149999999998705,12.150287599976743,0.012,True,245
6120,12.239999999998656,244,20,6100,NORMAL,12.149999999998705,12.150287599976743,0.01,True,245
6121,12.241999999998654,244,21,6100,NORMAL,12.149999999998705,12.150287599976743,0.008,True,245
6122,12.243999999998653,244,22,6100,NORMAL,12.149999999998705,12.150287599976743,0.006,True,245
6123,12.245999999998652,244,23,6100,NORMAL,12.149999999998705,12.150287599976743,0.004,True,245
6124,12.247999999998651,244,24,6100,NORMAL,12.149999999998705,12.150287599976743,0.002,True,245
6125,12.24999999999865,245,0,6125,NORMAL,12.199999999998678,12.200290599999558,0.05,False,
6126,12.251999999998649,245,1,6125,NORMAL,12.199999999998678,12.200290599999558,0.048,True,246
6127,12.253999999998648,245,2,6125,NORMAL,12.199999999998678,12.200290599999558,0.046,True,246
6128,12.255999999998647,245,3,6125,NORMAL,12.199999999998678,12.200290599999558,0.044,True,246
6129,12.257999999998646,245,4,6125,NORMAL,12.199999999998678,12.200290599999558,0.042,True,246
6130,12.259999999998644,245,5,6125,NORMAL,12.199999999998678,12.200290599999558,0.04,True,246
6131,12.261999999998643,245,6,6125,NORMAL,12.199999999998678,12.200290599999558,0.038,True,246
6132,12.263999999998642,245,7,6125,NORMAL,12.199999999998678,12.200290599999558,0.036000000000000004,True,246
6133,12.265999999998641,245,8,6125,NORMAL,12.199999999998678,12.200290599999558,0.034,True,246
6134,12.26799999999864,245,9,6125,NORMAL,12.199999999998678,12.200290599999558,0.032,True,246
6135,12.269999999998639,245,10,6125,NORMAL,12.199999999998678,12.200290599999558,0.03,True,246
6136,12.271999999998638,245,11,6125,NORMAL,12.199999999998678,12.200290599999558,0.028,True,246
6137,12.273999999998637,245,12,6125,NORMAL,12.199999999998678,12.200290599999558,0.026000000000000002,True,246
6138,12.275999999998636,245,13,6125,NORMAL,12.199999999998678,12.200290599999558,0.024,True,246
6139,12.277999999998634,245,14,6125,NORMAL,12.199999999998678,12.200290599999558,0.022,True,246
6140,12.279999999998633,245,15,6125,NORMAL,12.199999999998678,12.200290599999558,0.02,True,246
6141,12.281999999998632,245,16,6125,NORMAL,12.199999999998678,12.200290599999558,0.018000000000000002,True,246
6142,12.283999999998631,245,17,6125,NORMAL,12.199999999998678,12.200290599999558,0.016,True,246
6143,12.28599999999863,245,18,6125,NORMAL,12.199999999998678,12.200290599999558,0.014,True,246
6144,12.287999999998629,245,19,6125,NORMAL,12.199999999998678,12.200290599999558,0.012,True,246
6145,12.289999999998628,245,20,6125,NORMAL,12.199999999998678,12.200290599999558,0.01,True,246
6146,12.291999999998627,245,21,6125,NORMAL,12.199999999998678,12.200290599999558,0.008,True,246
6147,12.293999999998626,245,22,6125,NORMAL,12.199999999998678,12.200290599999558,0.006,True,246
6148,12.295999999998624,245,23,6125,NORMAL,12.199999999998678,12.200290599999558,0.004,True,246
6149,12.297999999998623,245,24,6125,NORMAL,12.199999999998678,12.200290599999558,0.002,True,246
6150,12.299999999998622,246,0,6150,NORMAL,12.24999999999865,12.250273299984215,0.05,False,
6151,12.301999999998621,246,1,6150,NORMAL,12.24999999999865,12.250273299984215,0.048,True,247
6152,12.30399999999862,246,2,6150,NORMAL,12.24999999999865,12.250273299984215,0.046,True,247
6153,12.305999999998619,246,3,6150,NORMAL,12.24999999999865,12.250273299984215,0.044,True,247
6154,12.307999999998618,246,4,6150,NORMAL,12.24999999999865,12.250273299984215,0.042,True,247
6155,12.309999999998617,246,5,6150,NORMAL,12.24999999999865,12.250273299984215,0.04,True,247
6156,12.311999999998616,246,6,6150,NORMAL,12.24999999999865,12.250273299984215,0.038,True,247
6157,12.313999999998614,246,7,6150,NORMAL,12.24999999999865,12.250273299984215,0.036000000000000004,True,247
6158,12.315999999998613,246,8,6150,NORMAL,12.24999999999865,12.250273299984215,0.034,True,247
6159,12.317999999998612,246,9,6150,NORMAL,12.24999999999865,12.250273299984215,0.032,True,247
6160,12.319999999998611,246,10,6150,NORMAL,12.24999999999865,12.250273299984215,0.03,True,247
6161,12.32199999999861,246,11,6150,NORMAL,12.24999999999865,12.250273299984215,0.028,True,247
6162,12.323999999998609,246,12,6150,NORMAL,12.24999999999865,12.250273299984215,0.026000000000000002,True,247
6163,12.325999999998608,246,13,6150,NORMAL,12.24999999999865,12.250273299984215,0.024,True,247
6164,12.327999999998607,246,14,6150,NORMAL,12.24999999999865,12.250273299984215,0.022,True,247
6165,12.329999999998606,246,15,6150,NORMAL,12.24999999999865,12.250273299984215,0.02,True,247
6166,12.331999999998605,246,16,6150,NORMAL,12.24999999999865,12.250273299984215,0.018000000000000002,True,247
6167,12.333999999998603,246,17,6150,NORMAL,12.24999999999865,12.250273299984215,0.016,True,247
6168,12.335999999998602,246,18,6150,NORMAL,12.24999999999865,12.250273299984215,0.014,True,247
6169,12.337999999998601,246,19,6150,NORMAL,12.24999999999865,12.250273299984215,0.012,True,247
6170,12.3399999999986,246,20,6150,NORMAL,12.24999999999865,12.250273299984215,0.01,True,247
6171,12.341999999998599,246,21,6150,NORMAL,12.24999999999865,12.250273299984215,0.008,True,247
6172,12.343999999998598,246,22,6150,NORMAL,12.24999999999865,12.250273299984215,0.006,True,247
6173,12.345999999998597,246,23,6150,NORMAL,12.24999999999865,12.250273299984215,0.004,True,247
6174,12.347999999998596,246,24,6150,NORMAL,12.24999999999865,12.250273299984215,0.002,True,247
6175,12.349999999998595,247,0,6175,NORMAL,12.299999999998622,12.300339600023367,0.05,False,
6176,12.351999999998593,247,1,6175,NORMAL,12.299999999998622,12.300339600023367,0.048,True,248
6177,12.353999999998592,247,2,6175,NORMAL,12.299999999998622,12.300339600023367,0.046,True,248
6178,12.355999999998591,247,3,6175,NORMAL,12.299999999998622,12.300339600023367,0.044,True,248
6179,12.35799999999859,247,4,6175,NORMAL,12.299999999998622,12.300339600023367,0.042,True,248
6180,12.359999999998589,247,5,6175,NORMAL,12.299999999998622,12.300339600023367,0.04,True,248
6181,12.361999999998588,247,6,6175,NORMAL,12.299999999998622,12.300339600023367,0.038,True,248
6182,12.363999999998587,247,7,6175,NORMAL,12.299999999998622,12.300339600023367,0.036000000000000004,True,248
6183,12.365999999998586,247,8,6175,NORMAL,12.299999999998622,12.300339600023367,0.034,True,248
6184,12.367999999998585,247,9,6175,NORMAL,12.299999999998622,12.300339600023367,0.032,True,248
6185,12.369999999998583,247,10,6175,NORMAL,12.299999999998622,12.300339600023367,0.03,True,248
6186,12.371999999998582,247,11,6175,NORMAL,12.299999999998622,12.300339600023367,0.028,True,248
6187,12.373999999998581,247,12,6175,NORMAL,12.299999999998622,12.300339600023367,0.026000000000000002,True,248
6188,12.37599999999858,247,13,6175,NORMAL,12.299999999998622,12.300339600023367,0.024,True,248
6189,12.377999999998579,247,14,6175,NORMAL,12.299999999998622,12.300339600023367,0.022,True,248
6190,12.379999999998578,247,15,6175,NORMAL,12.299999999998622,12.300339600023367,0.02,True,248
6191,12.381999999998577,247,16,6175,NORMAL,12.299999999998622,12.300339600023367,0.018000000000000002,True,248
6192,12.383999999998576,247,17,6175,NORMAL,12.299999999998622,12.300339600023367,0.016,True,248
6193,12.385999999998575,247,18,6175,NORMAL,12.299999999998622,12.300339600023367,0.014,True,248
6194,12.387999999998573,247,19,6175,NORMAL,12.299999999998622,12.300339600023367,0.012,True,248
6195,12.389999999998572,247,20,6175,NORMAL,12.299999999998622,12.300339600023367,0.01,True,248
6196,12.391999999998571,247,21,6175,NORMAL,12.299999999998622,12.300339600023367,0.008,True,248
6197,12.39399999999857,247,22,6175,NORMAL,12.299999999998622,12.300339600023367,0.006,True,248
6198,12.395999999998569,247,23,6175,NORMAL,12.299999999998622,12.300339600023367,0.004,True,248
6199,12.397999999998568,247,24,6175,NORMAL,12.299999999998622,12.300339600023367,0.002,True,248
6200,12.399999999998567,248,0,6200,NORMAL,12.349999999998595,12.350275199998627,0.05,False,
6201,12.401999999998566,248,1,6200,NORMAL,12.349999999998595,12.350275199998627,0.048,True,249
6202,12.403999999998565,248,2,6200,NORMAL,12.349999999998595,12.350275199998627,0.046,True,249
6203,12.405999999998564,248,3,6200,NORMAL,12.349999999998595,12.350275199998627,0.044,True,249
6204,12.407999999998562,248,4,6200,NORMAL,12.349999999998595,12.350275199998627,0.042,True,249
6205,12.409999999998561,248,5,6200,NORMAL,12.349999999998595,12.350275199998627,0.04,True,249
6206,12.41199999999856,248,6,6200,NORMAL,12.349999999998595,12.350275199998627,0.038,True,249
6207,12.413999999998559,248,7,6200,NORMAL,12.349999999998595,12.350275199998627,0.036000000000000004,True,249
6208,12.415999999998558,248,8,6200,NORMAL,12.349999999998595,12.350275199998627,0.034,True,249
6209,12.417999999998557,248,9,6200,NORMAL,12.349999999998595,12.350275199998627,0.032,True,249
6210,12.419999999998556,248,10,6200,NORMAL,12.349999999998595,12.350275199998627,0.03,True,249
6211,12.421999999998555,248,11,6200,NORMAL,12.349999999998595,12.350275199998627,0.028,True,249
6212,12.423999999998554,248,12,6200,NORMAL,12.349999999998595,12.350275199998627,0.026000000000000002,True,249
6213,12.425999999998552,248,13,6200,NORMAL,12.349999999998595,12.350275199998627,0.024,True,249
6214,12.427999999998551,248,14,6200,NORMAL,12.349999999998595,12.350275199998627,0.022,True,249
6215,12.42999999999855,248,15,6200,NORMAL,12.349999999998595,12.350275199998627,0.02,True,249
6216,12.431999999998549,248,16,6200,NORMAL,12.349999999998595,12.350275199998627,0.018000000000000002,True,249
6217,12.433999999998548,248,17,6200,NORMAL,12.349999999998595,12.350275199998627,0.016,True,249
6218,12.435999999998547,248,18,6200,NORMAL,12.349999999998595,12.350275199998627,0.014,True,249
6219,12.437999999998546,248,19,6200,NORMAL,12.349999999998595,12.350275199998627,0.012,True,249
6220,12.439999999998545,248,20,6200,NORMAL,12.349999999998595,12.350275199998627,0.01,True,249
6221,12.441999999998544,248,21,6200,NORMAL,12.349999999998595,12.350275199998627,0.008,True,249
6222,12.443999999998542,248,22,6200,NORMAL,12.349999999998595,12.350275199998627,0.006,True,249
6223,12.445999999998541,248,23,6200,NORMAL,12.349999999998595,12.350275199998627,0.004,True,249
6224,12.44799999999854,248,24,6200,NORMAL,12.349999999998595,12.350275199998627,0.002,True,249
6225,12.44999999999854,249,0,6225,NORMAL,12.399999999998567,12.400263600026687,0.05,False,
6226,12.451999999998538,249,1,6225,NORMAL,12.399999999998567,12.400263600026687,0.048,True,250
6227,12.453999999998537,249,2,6225,NORMAL,12.399999999998567,12.400263600026687,0.046,True,250
6228,12.455999999998536,249,3,6225,NORMAL,12.399999999998567,12.400263600026687,0.044,True,250
6229,12.457999999998535,249,4,6225,NORMAL,12.399999999998567,12.400263600026687,0.042,True,250
6230,12.459999999998534,249,5,6225,NORMAL,12.399999999998567,12.400263600026687,0.04,True,250
6231,12.461999999998532,249,6,6225,NORMAL,12.399999999998567,12.400263600026687,0.038,True,250
6232,12.463999999998531,249,7,6225,NORMAL,12.399999999998567,12.400263600026687,0.036000000000000004,True,250
6233,12.46599999999853,249,8,6225,NORMAL,12.399999999998567,12.400263600026687,0.034,True,250
6234,12.46799999999853,249,9,6225,NORMAL,12.399999999998567,12.400263600026687,0.032,True,250
6235,12.469999999998528,249,10,6225,NORMAL,12.399999999998567,12.400263600026687,0.03,True,250
6236,12.471999999998527,249,11,6225,NORMAL,12.399999999998567,12.400263600026687,0.028,True,250
6237,12.473999999998526,249,12,6225,NORMAL,12.399999999998567,12.400263600026687,0.026000000000000002,True,250
6238,12.475999999998525,249,13,6225,NORMAL,12.399999999998567,12.400263600026687,0.024,True,250
6239,12.477999999998524,249,14,6225,NORMAL,12.399999999998567,12.400263600026687,0.022,True,250
6240,12.479999999998522,249,15,6225,NORMAL,12.399999999998567,12.400263600026687,0.02,True,250
6241,12.481999999998521,249,16,6225,NORMAL,12.399999999998567,12.400263600026687,0.018000000000000002,True,250
6242,12.48399999999852,249,17,6225,NORMAL,12.399999999998567,12.400263600026687,0.016,True,250
6243,12.48599999999852,249,18,6225,NORMAL,12.399999999998567,12.400263600026687,0.014,True,250
6244,12.487999999998518,249,19,6225,NORMAL,12.399999999998567,12.400263600026687,0.012,True,250
6245,12.489999999998517,249,20,6225,NORMAL,12.399999999998567,12.400263600026687,0.01,True,250
6246,12.491999999998516,249,21,6225,NORMAL,12.399999999998567,12.400263600026687,0.008,True,250
6247,12.493999999998515,249,22,6225,NORMAL,12.399999999998567,12.400263600026687,0.006,True,250
6248,12.495999999998514,249,23,6225,NORMAL,12.399999999998567,12.400263600026687,0.004,True,250
6249,12.497999999998513,249,24,6225,NORMAL,12.399999999998567,12.400263600026687,0.002,True,250
6250,12.499999999998511,250,0,6250,NORMAL,12.44999999999854,12.45027159997116,0.05,False,
6251,12.50199999999851,250,1,6250,NORMAL,12.44999999999854,12.45027159997116,0.048,True,251
6252,12.50399999999851,250,2,6250,NORMAL,12.44999999999854,12.45027159997116,0.046,True,251
6253,12.505999999998508,250,3,6250,NORMAL,12.44999999999854,12.45027159997116,0.044,True,251
6254,12.507999999998507,250,4,6250,NORMAL,12.44999999999854,12.45027159997116,0.042,True,251
6255,12.509999999998506,250,5,6250,NORMAL,12.44999999999854,12.45027159997116,0.04,True,251
6256,12.511999999998505,250,6,6250,NORMAL,12.44999999999854,12.45027159997116,0.038,True,251
6257,12.513999999998504,250,7,6250,NORMAL,12.44999999999854,12.45027159997116,0.036000000000000004,True,251
6258,12.515999999998503,250,8,6250,NORMAL,12.44999999999854,12.45027159997116,0.034,True,251
6259,12.517999999998501,250,9,6250,NORMAL,12.44999999999854,12.45027159997116,0.032,True,251
6260,12.5199999999985,250,10,6250,NORMAL,12.44999999999854,12.45027159997116,0.03,True,251
6261,12.5219999999985,250,11,6250,NORMAL,12.44999999999854,12.45027159997116,0.028,True,251
6262,12.523999999998498,250,12,6250,NORMAL,12.44999999999854,12.45027159997116,0.026000000000000002,True,251
6263,12.525999999998497,250,13,6250,NORMAL,12.44999999999854,12.45027159997116,0.024,True,251
6264,12.527999999998496,250,14,6250,NORMAL,12.44999999999854,12.45027159997116,0.022,True,251
6265,12.529999999998495,250,15,6250,NORMAL,12.44999999999854,12.45027159997116,0.02,True,251
6266,12.531999999998494,250,16,6250,NORMAL,12.44999999999854,12.45027159997116,0.018000000000000002,True,251
6267,12.533999999998493,250,17,6250,NORMAL,12.44999999999854,12.45027159997116,0.016,True,251
6268,12.535999999998491,250,18,6250,NORMAL,12.44999999999854,12.45027159997116,0.014,True,251
6269,12.53799999999849,250,19,6250,NORMAL,12.44999999999854,12.45027159997116,0.012,True,251
6270,12.53999999999849,250,20,6250,NORMAL,12.44999999999854,12.45027159997116,0.01,True,251
6271,12.541999999998488,250,21,6250,NORMAL,12.44999999999854,12.45027159997116,0.008,True,251
6272,12.543999999998487,250,22,6250,NORMAL,12.44999999999854,12.45027159997116,0.006,True,251
6273,12.545999999998486,250,23,6250,NORMAL,12.44999999999854,12.45027159997116,0.004,True,251
6274,12.547999999998485,250,24,6250,NORMAL,12.44999999999854,12.45027159997116,0.002,True,251
6275,12.549999999998484,251,0,6275,NORMAL,12.499999999998511,12.500253900069186,0.05,False,
6276,12.551999999998483,251,1,6275,NORMAL,12.499999999998511,12.500253900069186,0.048,True,252
6277,12.553999999998481,251,2,6275,NORMAL,12.499999999998511,12.500253900069186,0.046,True,252
6278,12.55599999999848,251,3,6275,NORMAL,12.499999999998511,12.500253900069186,0.044,True,252
6279,12.55799999999848,251,4,6275,NORMAL,12.499999999998511,12.500253900069186,0.042,True,252
6280,12.559999999998478,251,5,6275,NORMAL,12.499999999998511,12.500253900069186,0.04,True,252
6281,12.561999999998477,251,6,6275,NORMAL,12.499999999998511,12.500253900069186,0.038,True,252
6282,12.563999999998476,251,7,6275,NORMAL,12.499999999998511,12.500253900069186,0.036000000000000004,True,252
6283,12.565999999998475,251,8,6275,NORMAL,12.499999999998511,12.500253900069186,0.034,True,252
6284,12.567999999998474,251,9,6275,NORMAL,12.499999999998511,12.500253900069186,0.032,True,252
6285,12.569999999998473,251,10,6275,NORMAL,12.499999999998511,12.500253900069186,0.03,True,252
6286,12.571999999998472,251,11,6275,NORMAL,12.499999999998511,12.500253900069186,0.028,True,252
6287,12.57399999999847,251,12,6275,NORMAL,12.499999999998511,12.500253900069186,0.026000000000000002,True,252
6288,12.57599999999847,251,13,6275,NORMAL,12.499999999998511,12.500253900069186,0.024,True,252
6289,12.577999999998468,251,14,6275,NORMAL,12.499999999998511,12.500253900069186,0.022,True,252
6290,12.579999999998467,251,15,6275,NORMAL,12.499999999998511,12.500253900069186,0.02,True,252
6291,12.581999999998466,251,16,6275,NORMAL,12.499999999998511,12.500253900069186,0.018000000000000002,True,252
6292,12.583999999998465,251,17,6275,NORMAL,12.499999999998511,12.500253900069186,0.016,True,252
6293,12.585999999998464,251,18,6275,NORMAL,12.499999999998511,12.500253900069186,0.014,True,252
6294,12.587999999998463,251,19,6275,NORMAL,12.499999999998511,12.500253900069186,0.012,True,252
6295,12.589999999998462,251,20,6275,NORMAL,12.499999999998511,12.500253900069186,0.01,True,252
6296,12.59199999999846,251,21,6275,NORMAL,12.499999999998511,12.500253900069186,0.008,True,252
6297,12.59399999999846,251,22,6275,NORMAL,12.499999999998511,12.500253900069186,0.006,True,252
6298,12.595999999998458,251,23,6275,NORMAL,12.499999999998511,12.500253900069186,0.004,True,252
6299,12.597999999998457,251,24,6275,NORMAL,12.499999999998511,12.500253900069186,0.002,True,252
6300,12.599999999998456,252,0,6300,NORMAL,12.549999999998484,12.550267000052493,0.05,False,
6301,12.601999999998455,252,1,6300,NORMAL,12.549999999998484,12.550267000052493,0.048,True,253
6302,12.603999999998454,252,2,6300,NORMAL,12.549999999998484,12.550267000052493,0.046,True,253
6303,12.605999999998453,252,3,6300,NORMAL,12.549999999998484,12.550267000052493,0.044,True,253
6304,12.607999999998452,252,4,6300,NORMAL,12.549999999998484,12.550267000052493,0.042,True,253
6305,12.60999999999845,252,5,6300,NORMAL,12.549999999998484,12.550267000052493,0.04,True,253
6306,12.61199999999845,252,6,6300,NORMAL,12.549999999998484,12.550267000052493,0.038,True,253
6307,12.613999999998448,252,7,6300,NORMAL,12.549999999998484,12.550267000052493,0.036000000000000004,True,253
6308,12.615999999998447,252,8,6300,NORMAL,12.549999999998484,12.550267000052493,0.034,True,253
6309,12.617999999998446,252,9,6300,NORMAL,12.549999999998484,12.550267000052493,0.032,True,253
6310,12.619999999998445,252,10,6300,NORMAL,12.549999999998484,12.550267000052493,0.03,True,253
6311,12.621999999998444,252,11,6300,NORMAL,12.549999999998484,12.550267000052493,0.028,True,253
6312,12.623999999998443,252,12,6300,NORMAL,12.549999999998484,12.550267000052493,0.026000000000000002,True,253
6313,12.625999999998442,252,13,6300,NORMAL,12.549999999998484,12.550267000052493,0.024,True,253
6314,12.62799999999844,252,14,6300,NORMAL,12.549999999998484,12.550267000052493,0.022,True,253
6315,12.62999999999844,252,15,6300,NORMAL,12.549999999998484,12.550267000052493,0.02,True,253
6316,12.631999999998438,252,16,6300,NORMAL,12.549999999998484,12.550267000052493,0.018000000000000002,True,253
6317,12.633999999998437,252,17,6300,NORMAL,12.549999999998484,12.550267000052493,0.016,True,253
6318,12.635999999998436,252,18,6300,NORMAL,12.549999999998484,12.550267000052493,0.014,True,253
6319,12.637999999998435,252,19,6300,NORMAL,12.549999999998484,12.550267000052493,0.012,True,253
6320,12.639999999998434,252,20,6300,NORMAL,12.549999999998484,12.550267000052493,0.01,True,253
6321,12.641999999998433,252,21,6300,NORMAL,12.549999999998484,12.550267000052493,0.008,True,253
6322,12.643999999998432,252,22,6300,NORMAL,12.549999999998484,12.550267000052493,0.006,True,253
6323,12.64599999999843,252,23,6300,NORMAL,12.549999999998484,12.550267000052493,0.004,True,253
6324,12.64799999999843,252,24,6300,NORMAL,12.549999999998484,12.550267000052493,0.002,True,253
6325,12.649999999998428,253,0,6325,NORMAL,12.599999999998456,12.600262400017439,0.05,False,
6326,12.651999999998427,253,1,6325,NORMAL,12.599999999998456,12.600262400017439,0.048,True,254
6327,12.653999999998426,253,2,6325,NORMAL,12.599999999998456,12.600262400017439,0.046,True,254
6328,12.655999999998425,253,3,6325,NORMAL,12.599999999998456,12.600262400017439,0.044,True,254
6329,12.657999999998424,253,4,6325,NORMAL,12.599999999998456,12.600262400017439,0.042,True,254
6330,12.659999999998423,253,5,6325,NORMAL,12.599999999998456,12.600262400017439,0.04,True,254
6331,12.661999999998422,253,6,6325,NORMAL,12.599999999998456,12.600262400017439,0.038,True,254
6332,12.66399999999842,253,7,6325,NORMAL,12.599999999998456,12.600262400017439,0.036000000000000004,True,254
6333,12.66599999999842,253,8,6325,NORMAL,12.599999999998456,12.600262400017439,0.034,True,254
6334,12.667999999998418,253,9,6325,NORMAL,12.599999999998456,12.600262400017439,0.032,True,254
6335,12.669999999998417,253,10,6325,NORMAL,12.599999999998456,12.600262400017439,0.03,True,254
6336,12.671999999998416,253,11,6325,NORMAL,12.599999999998456,12.600262400017439,0.028,True,254
6337,12.673999999998415,253,12,6325,NORMAL,12.599999999998456,12.600262400017439,0.026000000000000002,True,254
6338,12.675999999998414,253,13,6325,NORMAL,12.599999999998456,12.600262400017439,0.024,True,254
6339,12.677999999998413,253,14,6325,NORMAL,12.599999999998456,12.600262400017439,0.022,True,254
6340,12.679999999998412,253,15,6325,NORMAL,12.599999999998456,12.600262400017439,0.02,True,254
6341,12.68199999999841,253,16,6325,NORMAL,12.599999999998456,12.600262400017439,0.018000000000000002,True,254
6342,12.68399999999841,253,17,6325,NORMAL,12.599999999998456,12.600262400017439,0.016,True,254
6343,12.685999999998408,253,18,6325,NORMAL,12.599999999998456,12.600262400017439,0.014,True,254
6344,12.687999999998407,253,19,6325,NORMAL,12.599999999998456,12.600262400017439,0.012,True,254
6345,12.689999999998406,253,20,6325,NORMAL,12.599999999998456,12.600262400017439,0.01,True,254
6346,12.691999999998405,253,21,6325,NORMAL,12.599999999998456,12.600262400017439,0.008,True,254
6347,12.693999999998404,253,22,6325,NORMAL,12.599999999998456,12.600262400017439,0.006,True,254
6348,12.695999999998403,253,23,6325,NORMAL,12.599999999998456,12.600262400017439,0.004,True,254
6349,12.697999999998402,253,24,6325,NORMAL,12.599999999998456,12.600262400017439,0.002,True,254
6350,12.6999999999984,254,0,6350,NORMAL,12.649999999998428,12.650336199997284,0.05,False,
6351,12.7019999999984,254,1,6350,NORMAL,12.649999999998428,12.650336199997284,0.048,True,255
6352,12.703999999998398,254,2,6350,NORMAL,12.649999999998428,12.650336199997284,0.046,True,255
6353,12.705999999998397,254,3,6350,NORMAL,12.649999999998428,12.650336199997284,0.044,True,255
6354,12.707999999998396,254,4,6350,NORMAL,12.649999999998428,12.650336199997284,0.042,True,255
6355,12.709999999998395,254,5,6350,NORMAL,12.649999999998428,12.650336199997284,0.04,True,255
6356,12.711999999998394,254,6,6350,NORMAL,12.649999999998428,12.650336199997284,0.038,True,255
6357,12.713999999998393,254,7,6350,NORMAL,12.649999999998428,12.650336199997284,0.036000000000000004,True,255
6358,12.715999999998392,254,8,6350,NORMAL,12.649999999998428,12.650336199997284,0.034,True,255
6359,12.71799999999839,254,9,6350,NORMAL,12.649999999998428,12.650336199997284,0.032,True,255
6360,12.71999999999839,254,10,6350,NORMAL,12.649999999998428,12.650336199997284,0.03,True,255
6361,12.721999999998388,254,11,6350,NORMAL,12.649999999998428,12.650336199997284,0.028,True,255
6362,12.723999999998387,254,12,6350,NORMAL,12.649999999998428,12.650336199997284,0.026000000000000002,True,255
6363,12.725999999998386,254,13,6350,NORMAL,12.649999999998428,12.650336199997284,0.024,True,255
6364,12.727999999998385,254,14,6350,NORMAL,12.649999999998428,12.650336199997284,0.022,True,255
6365,12.729999999998384,254,15,6350,NORMAL,12.649999999998428,12.650336199997284,0.02,True,255
6366,12.731999999998383,254,16,6350,NORMAL,12.649999999998428,12.650336199997284,0.018000000000000002,True,255
6367,12.733999999998382,254,17,6350,NORMAL,12.649999999998428,12.650336199997284,0.016,True,255
6368,12.73599999999838,254,18,6350,NORMAL,12.649999999998428,12.650336199997284,0.014,True,255
6369,12.73799999999838,254,19,6350,NORMAL,12.649999999998428,12.650336199997284,0.012,True,255
6370,12.739999999998378,254,20,6350,NORMAL,12.649999999998428,12.650336199997284,0.01,True,255
6371,12.741999999998377,254,21,6350,NORMAL,12.649999999998428,12.650336199997284,0.008,True,255
6372,12.743999999998376,254,22,6350,NORMAL,12.649999999998428,12.650336199997284,0.006,True,255
6373,12.745999999998375,254,23,6350,NORMAL,12.649999999998428,12.650336199997284,0.004,True,255
6374,12.747999999998374,254,24,6350,NORMAL,12.649999999998428,12.650336199997284,0.002,True,255
6375,12.749999999998373,255,0,6375,NORMAL,12.6999999999984,12.7002700999596,0.05,False,
6376,12.751999999998372,255,1,6375,NORMAL,12.6999999999984,12.7002700999596,0.048,True,256
6377,12.75399999999837,255,2,6375,NORMAL,12.6999999999984,12.7002700999596,0.046,True,256
6378,12.75599999999837,255,3,6375,NORMAL,12.6999999999984,12.7002700999596,0.044,True,256
6379,12.757999999998368,255,4,6375,NORMAL,12.6999999999984,12.7002700999596,0.042,True,256
6380,12.759999999998367,255,5,6375,NORMAL,12.6999999999984,12.7002700999596,0.04,True,256
6381,12.761999999998366,255,6,6375,NORMAL,12.6999999999984,12.7002700999596,0.038,True,256
6382,12.763999999998365,255,7,6375,NORMAL,12.6999999999984,12.7002700999596,0.036000000000000004,True,256
6383,12.765999999998364,255,8,6375,NORMAL,12.6999999999984,12.7002700999596,0.034,True,256
6384,12.767999999998363,255,9,6375,NORMAL,12.6999999999984,12.7002700999596,0.032,True,256
6385,12.769999999998362,255,10,6375,NORMAL,12.6999999999984,12.7002700999596,0.03,True,256
6386,12.77199999999836,255,11,6375,NORMAL,12.6999999999984,12.7002700999596,0.028,True,256
6387,12.77399999999836,255,12,6375,NORMAL,12.6999999999984,12.7002700999596,0.026000000000000002,True,256
6388,12.775999999998358,255,13,6375,NORMAL,12.6999999999984,12.7002700999596,0.024,True,256
6389,12.777999999998357,255,14,6375,NORMAL,12.6999999999984,12.7002700999596,0.022,True,256
6390,12.779999999998356,255,15,6375,NORMAL,12.6999999999984,12.7002700999596,0.02,True,256
6391,12.781999999998355,255,16,6375,NORMAL,12.6999999999984,12.7002700999596,0.018000000000000002,True,256
6392,12.783999999998354,255,17,6375,NORMAL,12.6999999999984,12.7002700999596,0.016,True,256
6393,12.785999999998353,255,18,6375,NORMAL,12.6999999999984,12.7002700999596,0.014,True,256
6394,12.787999999998352,255,19,6375,NORMAL,12.6999999999984,12.7002700999596,0.012,True,256
6395,12.78999999999835,255,20,6375,NORMAL,12.6999999999984,12.7002700999596,0.01,True,256
6396,12.79199999999835,255,21,6375,NORMAL,12.6999999999984,12.7002700999596,0.008,True,256
6397,12.793999999998348,255,22,6375,NORMAL,12.6999999999984,12.7002700999596,0.006,True,256
6398,12.795999999998347,255,23,6375,NORMAL,12.6999999999984,12.7002700999596,0.004,True,256
6399,12.797999999998346,255,24,6375,NORMAL,12.6999999999984,12.7002700999596,0.002,True,256
6400,12.799999999998345,256,0,6400,NORMAL,12.749999999998373,12.750268500063804,0.05,False,
6401,12.801999999998344,256,1,6400,NORMAL,12.749999999998373,12.750268500063804,0.048,True,257
6402,12.803999999998343,256,2,6400,NORMAL,12.749999999998373,12.750268500063804,0.046,True,257
6403,12.805999999998342,256,3,6400,NORMAL,12.749999999998373,12.750268500063804,0.044,True,257
6404,12.80799999999834,256,4,6400,NORMAL,12.749999999998373,12.750268500063804,0.042,True,257
6405,12.80999999999834,256,5,6400,NORMAL,12.749999999998373,12.750268500063804,0.04,True,257
6406,12.811999999998338,256,6,6400,NORMAL,12.749999999998373,12.750268500063804,0.038,True,257
6407,12.813999999998337,256,7,6400,NORMAL,12.749999999998373,12.750268500063804,0.036000000000000004,True,257
6408,12.815999999998336,256,8,6400,NORMAL,12.749999999998373,12.750268500063804,0.034,True,257
6409,12.817999999998335,256,9,6400,NORMAL,12.749999999998373,12.750268500063804,0.032,True,257
6410,12.819999999998334,256,10,6400,NORMAL,12.749999999998373,12.750268500063804,0.03,True,257
6411,12.821999999998333,256,11,6400,NORMAL,12.749999999998373,12.750268500063804,0.028,True,257
6412,12.823999999998332,256,12,6400,NORMAL,12.749999999998373,12.750268500063804,0.026000000000000002,True,257
6413,12.82599999999833,256,13,6400,NORMAL,12.749999999998373,12.750268500063804,0.024,True,257
6414,12.82799999999833,256,14,6400,NORMAL,12.749999999998373,12.750268500063804,0.022,True,257
6415,12.829999999998329,256,15,6400,NORMAL,12.749999999998373,12.750268500063804,0.02,True,257
6416,12.831999999998327,256,16,6400,NORMAL,12.749999999998373,12.750268500063804,0.018000000000000002,True,257
6417,12.833999999998326,256,17,6400,NORMAL,12.749999999998373,12.750268500063804,0.016,True,257
6418,12.835999999998325,256,18,6400,NORMAL,12.749999999998373,12.750268500063804,0.014,True,257
6419,12.837999999998324,256,19,6400,NORMAL,12.749999999998373,12.750268500063804,0.012,True,257
6420,12.839999999998323,256,20,6400,NORMAL,12.749999999998373,12.750268500063804,0.01,True,257
6421,12.841999999998322,256,21,6400,NORMAL,12.749999999998373,12.750268500063804,0.008,True,257
6422,12.84399999999832,256,22,6400,NORMAL,12.749999999998373,12.750268500063804,0.006,True,257
6423,12.84599999999832,256,23,6400,NORMAL,12.749999999998373,12.750268500063804,0.004,True,257
6424,12.847999999998319,256,24,6400,NORMAL,12.749999999998373,12.750268500063804,0.002,True,257
6425,12.849999999998317,257,0,6425,NORMAL,12.799999999998345,12.80026880006606,0.05,False,
6426,12.851999999998316,257,1,6425,NORMAL,12.799999999998345,12.80026880006606,0.048,True,258
6427,12.853999999998315,257,2,6425,NORMAL,12.799999999998345,12.80026880006606,0.046,True,258
6428,12.855999999998314,257,3,6425,NORMAL,12.799999999998345,12.80026880006606,0.044,True,258
6429,12.857999999998313,257,4,6425,NORMAL,12.799999999998345,12.80026880006606,0.042,True,258
6430,12.859999999998312,257,5,6425,NORMAL,12.799999999998345,12.80026880006606,0.04,True,258
6431,12.86199999999831,257,6,6425,NORMAL,12.799999999998345,12.80026880006606,0.038,True,258
6432,12.86399999999831,257,7,6425,NORMAL,12.799999999998345,12.80026880006606,0.036000000000000004,True,258
6433,12.865999999998309,257,8,6425,NORMAL,12.799999999998345,12.80026880006606,0.034,True,258
6434,12.867999999998307,257,9,6425,NORMAL,12.799999999998345,12.80026880006606,0.032,True,258
6435,12.869999999998306,257,10,6425,NORMAL,12.799999999998345,12.80026880006606,0.03,True,258
6436,12.871999999998305,257,11,6425,NORMAL,12.799999999998345,12.80026880006606,0.028,True,258
6437,12.873999999998304,257,12,6425,NORMAL,12.799999999998345,12.80026880006606,0.026000000000000002,True,258
6438,12.875999999998303,257,13,6425,NORMAL,12.799999999998345,12.80026880006606,0.024,True,258
6439,12.877999999998302,257,14,6425,NORMAL,12.799999999998345,12.80026880006606,0.022,True,258
6440,12.8799999999983,257,15,6425,NORMAL,12.799999999998345,12.80026880006606,0.02,True,258
6441,12.8819999999983,257,16,6425,NORMAL,12.799999999998345,12.80026880006606,0.018000000000000002,True,258
6442,12.883999999998299,257,17,6425,NORMAL,12.799999999998345,12.80026880006606,0.016,True,258
6443,12.885999999998297,257,18,6425,NORMAL,12.799999999998345,12.80026880006606,0.014,True,258
6444,12.887999999998296,257,19,6425,NORMAL,12.799999999998345,12.80026880006606,0.012,True,258
6445,12.889999999998295,257,20,6425,NORMAL,12.799999999998345,12.80026880006606,0.01,True,258
6446,12.891999999998294,257,21,6425,NORMAL,12.799999999998345,12.80026880006606,0.008,True,258
6447,12.893999999998293,257,22,6425,NORMAL,12.799999999998345,12.80026880006606,0.006,True,258
6448,12.895999999998292,257,23,6425,NORMAL,12.799999999998345,12.80026880006606,0.004,True,258
6449,12.89799999999829,257,24,6425,NORMAL,12.799999999998345,12.80026880006606,0.002,True,258
6450,12.89999999999829,258,0,6450,NORMAL,12.849999999998317,12.850266900051565,0.05,False,
6451,12.901999999998289,258,1,6450,NORMAL,12.849999999998317,12.850266900051565,0.048,True,259
6452,12.903999999998288,258,2,6450,NORMAL,12.849999999998317,12.850266900051565,0.046,True,259
6453,12.905999999998286,258,3,6450,NORMAL,12.849999999998317,12.850266900051565,0.044,True,259
6454,12.907999999998285,258,4,6450,NORMAL,12.849999999998317,12.850266900051565,0.042,True,259
6455,12.909999999998284,258,5,6450,NORMAL,12.849999999998317,12.850266900051565,0.04,True,259
6456,12.911999999998283,258,6,6450,NORMAL,12.849999999998317,12.850266900051565,0.038,True,259
6457,12.913999999998282,258,7,6450,NORMAL,12.849999999998317,12.850266900051565,0.036000000000000004,True,259
6458,12.91599999999828,258,8,6450,NORMAL,12.849999999998317,12.850266900051565,0.034,True,259
6459,12.91799999999828,258,9,6450,NORMAL,12.849999999998317,12.850266900051565,0.032,True,259
6460,12.919999999998279,258,10,6450,NORMAL,12.849999999998317,12.850266900051565,0.03,True,259
6461,12.921999999998278,258,11,6450,NORMAL,12.849999999998317,12.850266900051565,0.028,True,259
6462,12.923999999998276,258,12,6450,NORMAL,12.849999999998317,12.850266900051565,0.026000000000000002,True,259
6463,12.925999999998275,258,13,6450,NORMAL,12.849999999998317,12.850266900051565,0.024,True,259
6464,12.927999999998274,258,14,6450,NORMAL,12.849999999998317,12.850266900051565,0.022,True,259
6465,12.929999999998273,258,15,6450,NORMAL,12.849999999998317,12.850266900051565,0.02,True,259
6466,12.931999999998272,258,16,6450,NORMAL,12.849999999998317,12.850266900051565,0.018000000000000002,True,259
6467,12.93399999999827,258,17,6450,NORMAL,12.849999999998317,12.850266900051565,0.016,True,259
6468,12.93599999999827,258,18,6450,NORMAL,12.849999999998317,12.850266900051565,0.014,True,259
6469,12.937999999998269,258,19,6450,NORMAL,12.849999999998317,12.850266900051565,0.012,True,259
6470,12.939999999998268,258,20,6450,NORMAL,12.849999999998317,12.850266900051565,0.01,True,259
6471,12.941999999998266,258,21,6450,NORMAL,12.849999999998317,12.850266900051565,0.008,True,259
6472,12.943999999998265,258,22,6450,NORMAL,12.849999999998317,12.850266900051565,0.006,True,259
6473,12.945999999998264,258,23,6450,NORMAL,12.849999999998317,12.850266900051565,0.004,True,259
6474,12.947999999998263,258,24,6450,NORMAL,12.849999999998317,12.850266900051565,0.002,True,259
6475,12.949999999998262,259,0,6475,NORMAL,12.89999999999829,12.900266499932076,0.05,False,
6476,12.951999999998261,259,1,6475,NORMAL,12.89999999999829,12.900266499932076,0.048,True,260
6477,12.95399999999826,259,2,6475,NORMAL,12.89999999999829,12.900266499932076,0.046,True,260
6478,12.955999999998259,259,3,6475,NORMAL,12.89999999999829,12.900266499932076,0.044,True,260
6479,12.957999999998258,259,4,6475,NORMAL,12.89999999999829,12.900266499932076,0.042,True,260
6480,12.959999999998256,259,5,6475,NORMAL,12.89999999999829,12.900266499932076,0.04,True,260
6481,12.961999999998255,259,6,6475,NORMAL,12.89999999999829,12.900266499932076,0.038,True,260
6482,12.963999999998254,259,7,6475,NORMAL,12.89999999999829,12.900266499932076,0.036000000000000004,True,260
6483,12.965999999998253,259,8,6475,NORMAL,12.89999999999829,12.900266499932076,0.034,True,260
6484,12.967999999998252,259,9,6475,NORMAL,12.89999999999829,12.900266499932076,0.032,True,260
6485,12.969999999998251,259,10,6475,NORMAL,12.89999999999829,12.900266499932076,0.03,True,260
6486,12.97199999999825,259,11,6475,NORMAL,12.89999999999829,12.900266499932076,0.028,True,260
6487,12.973999999998249,259,12,6475,NORMAL,12.89999999999829,12.900266499932076,0.026000000000000002,True,260
6488,12.975999999998248,259,13,6475,NORMAL,12.89999999999829,12.900266499932076,0.024,True,260
6489,12.977999999998246,259,14,6475,NORMAL,12.89999999999829,12.900266499932076,0.022,True,260
6490,12.979999999998245,259,15,6475,NORMAL,12.89999999999829,12.900266499932076,0.02,True,260
6491,12.981999999998244,259,16,6475,NORMAL,12.89999999999829,12.900266499932076,0.018000000000000002,True,260
6492,12.983999999998243,259,17,6475,NORMAL,12.89999999999829,12.900266499932076,0.016,True,260
6493,12.985999999998242,259,18,6475,NORMAL,12.89999999999829,12.900266499932076,0.014,True,260
6494,12.987999999998241,259,19,6475,NORMAL,12.89999999999829,12.900266499932076,0.012,True,260
6495,12.98999999999824,259,20,6475,NORMAL,12.89999999999829,12.900266499932076,0.01,True,260
6496,12.991999999998239,259,21,6475,NORMAL,12.89999999999829,12.900266499932076,0.008,True,260
6497,12.993999999998238,259,22,6475,NORMAL,12.89999999999829,12.900266499932076,0.006,True,260
6498,12.995999999998237,259,23,6475,NORMAL,12.89999999999829,12.900266499932076,0.004,True,260
6499,12.997999999998235,259,24,6475,NORMAL,12.89999999999829,12.900266499932076,0.002,True,260
6500,12.999999999998234,260,0,6500,NORMAL,12.949999999998262,12.95026410003019,0.05,False,
6501,13.001999999998233,260,1,6500,NORMAL,12.949999999998262,12.95026410003019,0.048,True,261
6502,13.003999999998232,260,2,6500,NORMAL,12.949999999998262,12.95026410003019,0.046,True,261
6503,13.005999999998231,260,3,6500,NORMAL,12.949999999998262,12.95026410003019,0.044,True,261
6504,13.00799999999823,260,4,6500,NORMAL,12.949999999998262,12.95026410003019,0.042,True,261
6505,13.009999999998229,260,5,6500,NORMAL,12.949999999998262,12.95026410003019,0.04,True,261
6506,13.011999999998228,260,6,6500,NORMAL,12.949999999998262,12.95026410003019,0.038,True,261
6507,13.013999999998227,260,7,6500,NORMAL,12.949999999998262,12.95026410003019,0.036000000000000004,True,261
6508,13.015999999998225,260,8,6500,NORMAL,12.949999999998262,12.95026410003019,0.034,True,261
6509,13.017999999998224,260,9,6500,NORMAL,12.949999999998262,12.95026410003019,0.032,True,261
6510,13.019999999998223,260,10,6500,NORMAL,12.949999999998262,12.95026410003019,0.03,True,261
6511,13.021999999998222,260,11,6500,NORMAL,12.949999999998262,12.95026410003019,0.028,True,261
6512,13.023999999998221,260,12,6500,NORMAL,12.949999999998262,12.95026410003019,0.026000000000000002,True,261
6513,13.02599999999822,260,13,6500,NORMAL,12.949999999998262,12.95026410003019,0.024,True,261
6514,13.027999999998219,260,14,6500,NORMAL,12.949999999998262,12.95026410003019,0.022,True,261
6515,13.029999999998218,260,15,6500,NORMAL,12.949999999998262,12.95026410003019,0.02,True,261
6516,13.031999999998217,260,16,6500,NORMAL,12.949999999998262,12.95026410003019,0.018000000000000002,True,261
6517,13.033999999998215,260,17,6500,NORMAL,12.949999999998262,12.95026410003019,0.016,True,261
6518,13.035999999998214,260,18,6500,NORMAL,12.949999999998262,12.95026410003019,0.014,True,261
6519,13.037999999998213,260,19,6500,NORMAL,12.949999999998262,12.95026410003019,0.012,True,261
6520,13.039999999998212,260,20,6500,NORMAL,12.949999999998262,12.95026410003019,0.01,True,261
6521,13.041999999998211,260,21,6500,NORMAL,12.949999999998262,12.95026410003019,0.008,True,261
6522,13.04399999999821,260,22,6500,NORMAL,12.949999999998262,12.95026410003019,0.006,True,261
6523,13.045999999998209,260,23,6500,NORMAL,12.949999999998262,12.95026410003019,0.004,True,261
6524,13.047999999998208,260,24,6500,NORMAL,12.949999999998262,12.95026410003019,0.002,True,261
6525,13.049999999998207,261,0,6525,NORMAL,12.999999999998234,13.000318899981774,0.05,False,
6526,13.051999999998205,261,1,6525,NORMAL,12.999999999998234,13.000318899981774,0.048,True,262
6527,13.053999999998204,261,2,6525,NORMAL,12.999999999998234,13.000318899981774,0.046,True,262
6528,13.055999999998203,261,3,6525,NORMAL,12.999999999998234,13.000318899981774,0.044,True,262
6529,13.057999999998202,261,4,6525,NORMAL,12.999999999998234,13.000318899981774,0.042,True,262
6530,13.059999999998201,261,5,6525,NORMAL,12.999999999998234,13.000318899981774,0.04,True,262
6531,13.0619999999982,261,6,6525,NORMAL,12.999999999998234,13.000318899981774,0.038,True,262
6532,13.063999999998199,261,7,6525,NORMAL,12.999999999998234,13.000318899981774,0.036000000000000004,True,262
6533,13.065999999998198,261,8,6525,NORMAL,12.999999999998234,13.000318899981774,0.034,True,262
6534,13.067999999998197,261,9,6525,NORMAL,12.999999999998234,13.000318899981774,0.032,True,262
6535,13.069999999998196,261,10,6525,NORMAL,12.999999999998234,13.000318899981774,0.03,True,262
6536,13.071999999998194,261,11,6525,NORMAL,12.999999999998234,13.000318899981774,0.028,True,262
6537,13.073999999998193,261,12,6525,NORMAL,12.999999999998234,13.000318899981774,0.026000000000000002,True,262
6538,13.075999999998192,261,13,6525,NORMAL,12.999999999998234,13.000318899981774,0.024,True,262
6539,13.077999999998191,261,14,6525,NORMAL,12.999999999998234,13.000318899981774,0.022,True,262
6540,13.07999999999819,261,15,6525,NORMAL,12.999999999998234,13.000318899981774,0.02,True,262
6541,13.081999999998189,261,16,6525,NORMAL,12.999999999998234,13.000318899981774,0.018000000000000002,True,262
6542,13.083999999998188,261,17,6525,NORMAL,12.999999999998234,13.000318899981774,0.016,True,262
6543,13.085999999998187,261,18,6525,NORMAL,12.999999999998234,13.000318899981774,0.014,True,262
6544,13.087999999998186,261,19,6525,NORMAL,12.999999999998234,13.000318899981774,0.012,True,262
6545,13.089999999998184,261,20,6525,NORMAL,12.999999999998234,13.000318899981774,0.01,True,262
6546,13.091999999998183,261,21,6525,NORMAL,12.999999999998234,13.000318899981774,0.008,True,262
6547,13.093999999998182,261,22,6525,NORMAL,12.999999999998234,13.000318899981774,0.006,True,262
6548,13.095999999998181,261,23,6525,NORMAL,12.999999999998234,13.000318899981774,0.004,True,262
6549,13.09799999999818,261,24,6525,NORMAL,12.999999999998234,13.000318899981774,0.002,True,262
6550,13.099999999998179,262,0,6550,NORMAL,13.049999999998207,13.050288800101796,0.05,False,
6551,13.101999999998178,262,1,6550,NORMAL,13.049999999998207,13.050288800101796,0.048,True,263
6552,13.103999999998177,262,2,6550,NORMAL,13.049999999998207,13.050288800101796,0.046,True,263
6553,13.105999999998176,262,3,6550,NORMAL,13.049999999998207,13.050288800101796,0.044,True,263
6554,13.107999999998174,262,4,6550,NORMAL,13.049999999998207,13.050288800101796,0.042,True,263
6555,13.109999999998173,262,5,6550,NORMAL,13.049999999998207,13.050288800101796,0.04,True,263
6556,13.111999999998172,262,6,6550,NORMAL,13.049999999998207,13.050288800101796,0.038,True,263
6557,13.113999999998171,262,7,6550,NORMAL,13.049999999998207,13.050288800101796,0.036000000000000004,True,263
6558,13.11599999999817,262,8,6550,NORMAL,13.049999999998207,13.050288800101796,0.034,True,263
6559,13.117999999998169,262,9,6550,NORMAL,13.049999999998207,13.050288800101796,0.032,True,263
6560,13.119999999998168,262,10,6550,NORMAL,13.049999999998207,13.050288800101796,0.03,True,263
6561,13.121999999998167,262,11,6550,NORMAL,13.049999999998207,13.050288800101796,0.028,True,263
6562,13.123999999998166,262,12,6550,NORMAL,13.049999999998207,13.050288800101796,0.026000000000000002,True,263
6563,13.125999999998164,262,13,6550,NORMAL,13.049999999998207,13.050288800101796,0.024,True,263
6564,13.127999999998163,262,14,6550,NORMAL,13.049999999998207,13.050288800101796,0.022,True,263
6565,13.129999999998162,262,15,6550,NORMAL,13.049999999998207,13.050288800101796,0.02,True,263
6566,13.131999999998161,262,16,6550,NORMAL,13.049999999998207,13.050288800101796,0.018000000000000002,True,263
6567,13.13399999999816,262,17,6550,NORMAL,13.049999999998207,13.050288800101796,0.016,True,263
6568,13.135999999998159,262,18,6550,NORMAL,13.049999999998207,13.050288800101796,0.014,True,263
6569,13.137999999998158,262,19,6550,NORMAL,13.049999999998207,13.050288800101796,0.012,True,263
6570,13.139999999998157,262,20,6550,NORMAL,13.049999999998207,13.050288800101796,0.01,True,263
6571,13.141999999998156,262,21,6550,NORMAL,13.049999999998207,13.050288800101796,0.008,True,263
6572,13.143999999998154,262,22,6550,NORMAL,13.049999999998207,13.050288800101796,0.006,True,263
6573,13.145999999998153,262,23,6550,NORMAL,13.049999999998207,13.050288800101796,0.004,True,263
6574,13.147999999998152,262,24,6550,NORMAL,13.049999999998207,13.050288800101796,0.002,True,263
6575,13.149999999998151,263,0,6575,NORMAL,13.099999999998179,13.100270200076555,0.05,False,
6576,13.15199999999815,263,1,6575,NORMAL,13.099999999998179,13.100270200076555,0.048,True,264
6577,13.153999999998149,263,2,6575,NORMAL,13.099999999998179,13.100270200076555,0.046,True,264
6578,13.155999999998148,263,3,6575,NORMAL,13.099999999998179,13.100270200076555,0.044,True,264
6579,13.157999999998147,263,4,6575,NORMAL,13.099999999998179,13.100270200076555,0.042,True,264
6580,13.159999999998146,263,5,6575,NORMAL,13.099999999998179,13.100270200076555,0.04,True,264
6581,13.161999999998145,263,6,6575,NORMAL,13.099999999998179,13.100270200076555,0.038,True,264
6582,13.163999999998143,263,7,6575,NORMAL,13.099999999998179,13.100270200076555,0.036000000000000004,True,264
6583,13.165999999998142,263,8,6575,NORMAL,13.099999999998179,13.100270200076555,0.034,True,264
6584,13.167999999998141,263,9,6575,NORMAL,13.099999999998179,13.100270200076555,0.032,True,264
6585,13.16999999999814,263,10,6575,NORMAL,13.099999999998179,13.100270200076555,0.03,True,264
6586,13.171999999998139,263,11,6575,NORMAL,13.099999999998179,13.100270200076555,0.028,True,264
6587,13.173999999998138,263,12,6575,NORMAL,13.099999999998179,13.100270200076555,0.026000000000000002,True,264
6588,13.175999999998137,263,13,6575,NORMAL,13.099999999998179,13.100270200076555,0.024,True,264
6589,13.177999999998136,263,14,6575,NORMAL,13.099999999998179,13.100270200076555,0.022,True,264
6590,13.179999999998135,263,15,6575,NORMAL,13.099999999998179,13.100270200076555,0.02,True,264
6591,13.181999999998133,263,16,6575,NORMAL,13.099999999998179,13.100270200076555,0.018000000000000002,True,264
6592,13.183999999998132,263,17,6575,NORMAL,13.099999999998179,13.100270200076555,0.016,True,264
6593,13.185999999998131,263,18,6575,NORMAL,13.099999999998179,13.100270200076555,0.014,True,264
6594,13.18799999999813,263,19,6575,NORMAL,13.099999999998179,13.100270200076555,0.012,True,264
6595,13.189999999998129,263,20,6575,NORMAL,13.099999999998179,13.100270200076555,0.01,True,264
6596,13.191999999998128,263,21,6575,NORMAL,13.099999999998179,13.100270200076555,0.008,True,264
6597,13.193999999998127,263,22,6575,NORMAL,13.099999999998179,13.100270200076555,0.006,True,264
6598,13.195999999998126,263,23,6575,NORMAL,13.099999999998179,13.100270200076555,0.004,True,264
6599,13.197999999998125,263,24,6575,NORMAL,13.099999999998179,13.100270200076555,0.002,True,264
6600,13.199999999998123,264,0,6600,NORMAL,13.149999999998151,13.15026799994336,0.05,False,
6601,13.201999999998122,264,1,6600,NORMAL,13.149999999998151,13.15026799994336,0.048,True,265
6602,13.203999999998121,264,2,6600,NORMAL,13.149999999998151,13.15026799994336,0.046,True,265
6603,13.20599999999812,264,3,6600,NORMAL,13.149999999998151,13.15026799994336,0.044,True,265
6604,13.207999999998119,264,4,6600,NORMAL,13.149999999998151,13.15026799994336,0.042,True,265
6605,13.209999999998118,264,5,6600,NORMAL,13.149999999998151,13.15026799994336,0.04,True,265
6606,13.211999999998117,264,6,6600,NORMAL,13.149999999998151,13.15026799994336,0.038,True,265
6607,13.213999999998116,264,7,6600,NORMAL,13.149999999998151,13.15026799994336,0.036000000000000004,True,265
6608,13.215999999998115,264,8,6600,NORMAL,13.149999999998151,13.15026799994336,0.034,True,265
6609,13.217999999998113,264,9,6600,NORMAL,13.149999999998151,13.15026799994336,0.032,True,265
6610,13.219999999998112,264,10,6600,NORMAL,13.149999999998151,13.15026799994336,0.03,True,265
6611,13.221999999998111,264,11,6600,NORMAL,13.149999999998151,13.15026799994336,0.028,True,265
6612,13.22399999999811,264,12,6600,NORMAL,13.149999999998151,13.15026799994336,0.026000000000000002,True,265
6613,13.225999999998109,264,13,6600,NORMAL,13.149999999998151,13.15026799994336,0.024,True,265
6614,13.227999999998108,264,14,6600,NORMAL,13.149999999998151,13.15026799994336,0.022,True,265
6615,13.229999999998107,264,15,6600,NORMAL,13.149999999998151,13.15026799994336,0.02,True,265
6616,13.231999999998106,264,16,6600,NORMAL,13.149999999998151,13.15026799994336,0.018000000000000002,True,265
6617,13.233999999998105,264,17,6600,NORMAL,13.149999999998151,13.15026799994336,0.016,True,265
6618,13.235999999998104,264,18,6600,NORMAL,13.149999999998151,13.15026799994336,0.014,True,265
6619,13.237999999998102,264,19,6600,NORMAL,13.149999999998151,13.15026799994336,0.012,True,265
6620,13.239999999998101,264,20,6600,NORMAL,13.149999999998151,13.15026799994336,0.01,True,265
6621,13.2419999999981,264,21,6600,NORMAL,13.149999999998151,13.15026799994336,0.008,True,265
6622,13.243999999998099,264,22,6600,NORMAL,13.149999999998151,13.15026799994336,0.006,True,265
6623,13.245999999998098,264,23,6600,NORMAL,13.149999999998151,13.15026799994336,0.004,True,265
6624,13.247999999998097,264,24,6600,NORMAL,13.149999999998151,13.15026799994336,0.002,True,265
6625,13.249999999998096,265,0,6625,NORMAL,13.199999999998123,13.200259799997308,0.05,False,
6626,13.251999999998095,265,1,6625,NORMAL,13.199999999998123,13.200259799997308,0.048,True,266
6627,13.253999999998094,265,2,6625,NORMAL,13.199999999998123,13.200259799997308,0.046,True,266
6628,13.255999999998092,265,3,6625,NORMAL,13.199999999998123,13.200259799997308,0.044,True,266
6629,13.257999999998091,265,4,6625,NORMAL,13.199999999998123,13.200259799997308,0.042,True,266
6630,13.25999999999809,265,5,6625,NORMAL,13.199999999998123,13.200259799997308,0.04,True,266
6631,13.261999999998089,265,6,6625,NORMAL,13.199999999998123,13.200259799997308,0.038,True,266
6632,13.263999999998088,265,7,6625,NORMAL,13.199999999998123,13.200259799997308,0.036000000000000004,True,266
6633,13.265999999998087,265,8,6625,NORMAL,13.199999999998123,13.200259799997308,0.034,True,266
6634,13.267999999998086,265,9,6625,NORMAL,13.199999999998123,13.200259799997308,0.032,True,266
6635,13.269999999998085,265,10,6625,NORMAL,13.199999999998123,13.200259799997308,0.03,True,266
6636,13.271999999998084,265,11,6625,NORMAL,13.199999999998123,13.200259799997308,0.028,True,266
6637,13.273999999998082,265,12,6625,NORMAL,13.199999999998123,13.200259799997308,0.026000000000000002,True,266
6638,13.275999999998081,265,13,6625,NORMAL,13.199999999998123,13.200259799997308,0.024,True,266
6639,13.27799999999808,265,14,6625,NORMAL,13.199999999998123,13.200259799997308,0.022,True,266
6640,13.27999999999808,265,15,6625,NORMAL,13.199999999998123,13.200259799997308,0.02,True,266
6641,13.281999999998078,265,16,6625,NORMAL,13.199999999998123,13.200259799997308,0.018000000000000002,True,266
6642,13.283999999998077,265,17,6625,NORMAL,13.199999999998123,13.200259799997308,0.016,True,266
6643,13.285999999998076,265,18,6625,NORMAL,13.199999999998123,13.200259799997308,0.014,True,266
6644,13.287999999998075,265,19,6625,NORMAL,13.199999999998123,13.200259799997308,0.012,True,266
6645,13.289999999998074,265,20,6625,NORMAL,13.199999999998123,13.200259799997308,0.01,True,266
6646,13.291999999998072,265,21,6625,NORMAL,13.199999999998123,13.200259799997308,0.008,True,266
6647,13.293999999998071,265,22,6625,NORMAL,13.199999999998123,13.200259799997308,0.006,True,266
6648,13.29599999999807,265,23,6625,NORMAL,13.199999999998123,13.200259799997308,0.004,True,266
6649,13.29799999999807,265,24,6625,NORMAL,13.199999999998123,13.200259799997308,0.002,True,266
6650,13.299999999998068,266,0,6650,NORMAL,13.249999999998096,13.250283300059806,0.05,False,
6651,13.301999999998067,266,1,6650,NORMAL,13.249999999998096,13.250283300059806,0.048,True,267
6652,13.303999999998066,266,2,6650,NORMAL,13.249999999998096,13.250283300059806,0.046,True,267
6653,13.305999999998065,266,3,6650,NORMAL,13.249999999998096,13.250283300059806,0.044,True,267
6654,13.307999999998064,266,4,6650,NORMAL,13.249999999998096,13.250283300059806,0.042,True,267
6655,13.309999999998062,266,5,6650,NORMAL,13.249999999998096,13.250283300059806,0.04,True,267
6656,13.311999999998061,266,6,6650,NORMAL,13.249999999998096,13.250283300059806,0.038,True,267
6657,13.31399999999806,266,7,6650,NORMAL,13.249999999998096,13.250283300059806,0.036000000000000004,True,267
6658,13.31599999999806,266,8,6650,NORMAL,13.249999999998096,13.250283300059806,0.034,True,267
6659,13.317999999998058,266,9,6650,NORMAL,13.249999999998096,13.250283300059806,0.032,True,267
6660,13.319999999998057,266,10,6650,NORMAL,13.249999999998096,13.250283300059806,0.03,True,267
6661,13.321999999998056,266,11,6650,NORMAL,13.249999999998096,13.250283300059806,0.028,True,267
6662,13.323999999998055,266,12,6650,NORMAL,13.249999999998096,13.250283300059806,0.026000000000000002,True,267
6663,13.325999999998054,266,13,6650,NORMAL,13.249999999998096,13.250283300059806,0.024,True,267
6664,13.327999999998053,266,14,6650,NORMAL,13.249999999998096,13.250283300059806,0.022,True,267
6665,13.329999999998051,266,15,6650,NORMAL,13.249999999998096,13.250283300059806,0.02,True,267
6666,13.33199999999805,266,16,6650,NORMAL,13.249999999998096,13.250283300059806,0.018000000000000002,True,267
6667,13.33399999999805,266,17,6650,NORMAL,13.249999999998096,13.250283300059806,0.016,True,267
6668,13.335999999998048,266,18,6650,NORMAL,13.249999999998096,13.250283300059806,0.014,True,267
6669,13.337999999998047,266,19,6650,NORMAL,13.249999999998096,13.250283300059806,0.012,True,267
6670,13.339999999998046,266,20,6650,NORMAL,13.249999999998096,13.250283300059806,0.01,True,267
6671,13.341999999998045,266,21,6650,NORMAL,13.249999999998096,13.250283300059806,0.008,True,267
6672,13.343999999998044,266,22,6650,NORMAL,13.249999999998096,13.250283300059806,0.006,True,267
6673,13.345999999998043,266,23,6650,NORMAL,13.249999999998096,13.250283300059806,0.004,True,267
6674,13.347999999998041,266,24,6650,NORMAL,13.249999999998096,13.250283300059806,0.002,True,267
6675,13.34999999999804,267,0,6675,NORMAL,13.299999999998068,13.300334499983979,0.05,False,
6676,13.35199999999804,267,1,6675,NORMAL,13.299999999998068,13.300334499983979,0.048,True,268
6677,13.353999999998038,267,2,6675,NORMAL,13.299999999998068,13.300334499983979,0.046,True,268
6678,13.355999999998037,267,3,6675,NORMAL,13.299999999998068,13.300334499983979,0.044,True,268
6679,13.357999999998036,267,4,6675,NORMAL,13.299999999998068,13.300334499983979,0.042,True,268
6680,13.359999999998035,267,5,6675,NORMAL,13.299999999998068,13.300334499983979,0.04,True,268
6681,13.361999999998034,267,6,6675,NORMAL,13.299999999998068,13.300334499983979,0.038,True,268
6682,13.363999999998033,267,7,6675,NORMAL,13.299999999998068,13.300334499983979,0.036000000000000004,True,268
6683,13.365999999998031,267,8,6675,NORMAL,13.299999999998068,13.300334499983979,0.034,True,268
6684,13.36799999999803,267,9,6675,NORMAL,13.299999999998068,13.300334499983979,0.032,True,268
6685,13.36999999999803,267,10,6675,NORMAL,13.299999999998068,13.300334499983979,0.03,True,268
6686,13.371999999998028,267,11,6675,NORMAL,13.299999999998068,13.300334499983979,0.028,True,268
6687,13.373999999998027,267,12,6675,NORMAL,13.299999999998068,13.300334499983979,0.026000000000000002,True,268
6688,13.375999999998026,267,13,6675,NORMAL,13.299999999998068,13.300334499983979,0.024,True,268
6689,13.377999999998025,267,14,6675,NORMAL,13.299999999998068,13.300334499983979,0.022,True,268
6690,13.379999999998024,267,15,6675,NORMAL,13.299999999998068,13.300334499983979,0.02,True,268
6691,13.381999999998023,267,16,6675,NORMAL,13.299999999998068,13.300334499983979,0.018000000000000002,True,268
6692,13.383999999998021,267,17,6675,NORMAL,13.299999999998068,13.300334499983979,0.016,True,268
6693,13.38599999999802,267,18,6675,NORMAL,13.299999999998068,13.300334499983979,0.014,True,268
6694,13.38799999999802,267,19,6675,NORMAL,13.299999999998068,13.300334499983979,0.012,True,268
6695,13.389999999998018,267,20,6675,NORMAL,13.299999999998068,13.300334499983979,0.01,True,268
6696,13.391999999998017,267,21,6675,NORMAL,13.299999999998068,13.300334499983979,0.008,True,268
6697,13.393999999998016,267,22,6675,NORMAL,13.299999999998068,13.300334499983979,0.006,True,268
6698,13.395999999998015,267,23,6675,NORMAL,13.299999999998068,13.300334499983979,0.004,True,268
6699,13.397999999998014,267,24,6675,NORMAL,13.299999999998068,13.300334499983979,0.002,True,268
6700,13.399999999998013,268,0,6700,NORMAL,13.34999999999804,13.350269999958478,0.05,False,
6701,13.401999999998012,268,1,6700,NORMAL,13.34999999999804,13.350269999958478,0.048,True,269
6702,13.40399999999801,268,2,6700,NORMAL,13.34999999999804,13.350269999958478,0.046,True,269
6703,13.40599999999801,268,3,6700,NORMAL,13.34999999999804,13.350269999958478,0.044,True,269
6704,13.407999999998008,268,4,6700,NORMAL,13.34999999999804,13.350269999958478,0.042,True,269
6705,13.409999999998007,268,5,6700,NORMAL,13.34999999999804,13.350269999958478,0.04,True,269
6706,13.411999999998006,268,6,6700,NORMAL,13.34999999999804,13.350269999958478,0.038,True,269
6707,13.413999999998005,268,7,6700,NORMAL,13.34999999999804,13.350269999958478,0.036000000000000004,True,269
6708,13.415999999998004,268,8,6700,NORMAL,13.34999999999804,13.350269999958478,0.034,True,269
6709,13.417999999998003,268,9,6700,NORMAL,13.34999999999804,13.350269999958478,0.032,True,269
6710,13.419999999998002,268,10,6700,NORMAL,13.34999999999804,13.350269999958478,0.03,True,269
6711,13.421999999998,268,11,6700,NORMAL,13.34999999999804,13.350269999958478,0.028,True,269
6712,13.423999999998,268,12,6700,NORMAL,13.34999999999804,13.350269999958478,0.026000000000000002,True,269
6713,13.425999999997998,268,13,6700,NORMAL,13.34999999999804,13.350269999958478,0.024,True,269
6714,13.427999999997997,268,14,6700,NORMAL,13.34999999999804,13.350269999958478,0.022,True,269
6715,13.429999999997996,268,15,6700,NORMAL,13.34999999999804,13.350269999958478,0.02,True,269
6716,13.431999999997995,268,16,6700,NORMAL,13.34999999999804,13.350269999958478,0.018000000000000002,True,269
6717,13.433999999997994,268,17,6700,NORMAL,13.34999999999804,13.350269999958478,0.016,True,269
6718,13.435999999997993,268,18,6700,NORMAL,13.34999999999804,13.350269999958478,0.014,True,269
6719,13.437999999997992,268,19,6700,NORMAL,13.34999999999804,13.350269999958478,0.012,True,269
6720,13.43999999999799,268,20,6700,NORMAL,13.34999999999804,13.350269999958478,0.01,True,269
6721,13.44199999999799,268,21,6700,NORMAL,13.34999999999804,13.350269999958478,0.008,True,269
6722,13.443999999997988,268,22,6700,NORMAL,13.34999999999804,13.350269999958478,0.006,True,269
6723,13.445999999997987,268,23,6700,NORMAL,13.34999999999804,13.350269999958478,0.004,True,269
6724,13.447999999997986,268,24,6700,NORMAL,13.34999999999804,13.350269999958478,0.002,True,269
6725,13.449999999997985,269,0,6725,NORMAL,13.399999999998013,13.400277900018605,0.05,False,
6726,13.451999999997984,269,1,6725,NORMAL,13.399999999998013,13.400277900018605,0.048,True,270
6727,13.453999999997983,269,2,6725,NORMAL,13.399999999998013,13.400277900018605,0.046,True,270
6728,13.455999999997982,269,3,6725,NORMAL,13.399999999998013,13.400277900018605,0.044,True,270
6729,13.45799999999798,269,4,6725,NORMAL,13.399999999998013,13.400277900018605,0.042,True,270
6730,13.45999999999798,269,5,6725,NORMAL,13.399999999998013,13.400277900018605,0.04,True,270
6731,13.461999999997978,269,6,6725,NORMAL,13.399999999998013,13.400277900018605,0.038,True,270
6732,13.463999999997977,269,7,6725,NORMAL,13.399999999998013,13.400277900018605,0.036000000000000004,True,270
6733,13.465999999997976,269,8,6725,NORMAL,13.399999999998013,13.400277900018605,0.034,True,270
6734,13.467999999997975,269,9,6725,NORMAL,13.399999999998013,13.400277900018605,0.032,True,270
6735,13.469999999997974,269,10,6725,NORMAL,13.399999999998013,13.400277900018605,0.03,True,270
6736,13.471999999997973,269,11,6725,NORMAL,13.399999999998013,13.400277900018605,0.028,True,270
6737,13.473999999997972,269,12,6725,NORMAL,13.399999999998013,13.400277900018605,0.026000000000000002,True,270
6738,13.47599999999797,269,13,6725,NORMAL,13.399999999998013,13.400277900018605,0.024,True,270
6739,13.47799999999797,269,14,6725,NORMAL,13.399999999998013,13.400277900018605,0.022,True,270
6740,13.479999999997968,269,15,6725,NORMAL,13.399999999998013,13.400277900018605,0.02,True,270
6741,13.481999999997967,269,16,6725,NORMAL,13.399999999998013,13.400277900018605,0.018000000000000002,True,270
6742,13.483999999997966,269,17,6725,NORMAL,13.399999999998013,13.400277900018605,0.016,True,270
6743,13.485999999997965,269,18,6725,NORMAL,13.399999999998013,13.400277900018605,0.014,True,270
6744,13.487999999997964,269,19,6725,NORMAL,13.399999999998013,13.400277900018605,0.012,True,270
6745,13.489999999997963,269,20,6725,NORMAL,13.399999999998013,13.400277900018605,0.01,True,270
6746,13.491999999997962,269,21,6725,NORMAL,13.399999999998013,13.400277900018605,0.008,True,270
6747,13.49399999999796,269,22,6725,NORMAL,13.399999999998013,13.400277900018605,0.006,True,270
6748,13.49599999999796,269,23,6725,NORMAL,13.399999999998013,13.400277900018605,0.004,True,270
6749,13.497999999997958,269,24,6725,NORMAL,13.399999999998013,13.400277900018605,0.002,True,270
6750,13.499999999997957,270,0,6750,NORMAL,13.449999999997985,13.45026639993101,0.05,False,
6751,13.501999999997956,270,1,6750,NORMAL,13.449999999997985,13.45026639993101,0.048,True,271
6752,13.503999999997955,270,2,6750,NORMAL,13.449999999997985,13.45026639993101,0.046,True,271
6753,13.505999999997954,270,3,6750,NORMAL,13.449999999997985,13.45026639993101,0.044,True,271
6754,13.507999999997953,270,4,6750,NORMAL,13.449999999997985,13.45026639993101,0.042,True,271
6755,13.509999999997952,270,5,6750,NORMAL,13.449999999997985,13.45026639993101,0.04,True,271
6756,13.51199999999795,270,6,6750,NORMAL,13.449999999997985,13.45026639993101,0.038,True,271
6757,13.51399999999795,270,7,6750,NORMAL,13.449999999997985,13.45026639993101,0.036000000000000004,True,271
6758,13.515999999997948,270,8,6750,NORMAL,13.449999999997985,13.45026639993101,0.034,True,271
6759,13.517999999997947,270,9,6750,NORMAL,13.449999999997985,13.45026639993101,0.032,True,271
6760,13.519999999997946,270,10,6750,NORMAL,13.449999999997985,13.45026639993101,0.03,True,271
6761,13.521999999997945,270,11,6750,NORMAL,13.449999999997985,13.45026639993101,0.028,True,271
6762,13.523999999997944,270,12,6750,NORMAL,13.449999999997985,13.45026639993101,0.026000000000000002,True,271
6763,13.525999999997943,270,13,6750,NORMAL,13.449999999997985,13.45026639993101,0.024,True,271
6764,13.527999999997942,270,14,6750,NORMAL,13.449999999997985,13.45026639993101,0.022,True,271
6765,13.52999999999794,270,15,6750,NORMAL,13.449999999997985,13.45026639993101,0.02,True,271
6766,13.53199999999794,270,16,6750,NORMAL,13.449999999997985,13.45026639993101,0.018000000000000002,True,271
6767,13.533999999997938,270,17,6750,NORMAL,13.449999999997985,13.45026639993101,0.016,True,271
6768,13.535999999997937,270,18,6750,NORMAL,13.449999999997985,13.45026639993101,0.014,True,271
6769,13.537999999997936,270,19,6750,NORMAL,13.449999999997985,13.45026639993101,0.012,True,271
6770,13.539999999997935,270,20,6750,NORMAL,13.449999999997985,13.45026639993101,0.01,True,271
6771,13.541999999997934,270,21,6750,NORMAL,13.449999999997985,13.45026639993101,0.008,True,271
6772,13.543999999997933,270,22,6750,NORMAL,13.449999999997985,13.45026639993101,0.006,True,271
6773,13.545999999997932,270,23,6750,NORMAL,13.449999999997985,13.45026639993101,0.004,True,271
6774,13.54799999999793,270,24,6750,NORMAL,13.449999999997985,13.45026639993101,0.002,True,271
6775,13.54999999999793,271,0,6775,NORMAL,13.499999999997957,13.50026790005882,0.05,False,
6776,13.551999999997928,271,1,6775,NORMAL,13.499999999997957,13.50026790005882,0.048,True,272
6777,13.553999999997927,271,2,6775,NORMAL,13.499999999997957,13.50026790005882,0.046,True,272
6778,13.555999999997926,271,3,6775,NORMAL,13.499999999997957,13.50026790005882,0.044,True,272
6779,13.557999999997925,271,4,6775,NORMAL,13.499999999997957,13.50026790005882,0.042,True,272
6780,13.559999999997924,271,5,6775,NORMAL,13.499999999997957,13.50026790005882,0.04,True,272
6781,13.561999999997923,271,6,6775,NORMAL,13.499999999997957,13.50026790005882,0.038,True,272
6782,13.563999999997922,271,7,6775,NORMAL,13.499999999997957,13.50026790005882,0.036000000000000004,True,272
6783,13.56599999999792,271,8,6775,NORMAL,13.499999999997957,13.50026790005882,0.034,True,272
6784,13.56799999999792,271,9,6775,NORMAL,13.499999999997957,13.50026790005882,0.032,True,272
6785,13.569999999997918,271,10,6775,NORMAL,13.499999999997957,13.50026790005882,0.03,True,272
6786,13.571999999997917,271,11,6775,NORMAL,13.499999999997957,13.50026790005882,0.028,True,272
6787,13.573999999997916,271,12,6775,NORMAL,13.499999999997957,13.50026790005882,0.026000000000000002,True,272
6788,13.575999999997915,271,13,6775,NORMAL,13.499999999997957,13.50026790005882,0.024,True,272
6789,13.577999999997914,271,14,6775,NORMAL,13.499999999997957,13.50026790005882,0.022,True,272
6790,13.579999999997913,271,15,6775,NORMAL,13.499999999997957,13.50026790005882,0.02,True,272
6791,13.581999999997912,271,16,6775,NORMAL,13.499999999997957,13.50026790005882,0.018000000000000002,True,272
6792,13.58399999999791,271,17,6775,NORMAL,13.499999999997957,13.50026790005882,0.016,True,272
6793,13.58599999999791,271,18,6775,NORMAL,13.499999999997957,13.50026790005882,0.014,True,272
6794,13.587999999997908,271,19,6775,NORMAL,13.499999999997957,13.50026790005882,0.012,True,272
6795,13.589999999997907,271,20,6775,NORMAL,13.499999999997957,13.50026790005882,0.01,True,272
6796,13.591999999997906,271,21,6775,NORMAL,13.499999999997957,13.50026790005882,0.008,True,272
6797,13.593999999997905,271,22,6775,NORMAL,13.499999999997957,13.50026790005882,0.006,True,272
6798,13.595999999997904,271,23,6775,NORMAL,13.499999999997957,13.50026790005882,0.004,True,272
6799,13.597999999997903,271,24,6775,NORMAL,13.499999999997957,13.50026790005882,0.002,True,272
6800,13.599999999997902,272,0,6800,NORMAL,13.54999999999793,13.550267699940854,0.05,False,
6801,13.6019999999979,272,1,6800,NORMAL,13.54999999999793,13.550267699940854,0.048,True,273
6802,13.6039999999979,272,2,6800,NORMAL,13.54999999999793,13.550267699940854,0.046,True,273
6803,13.605999999997898,272,3,6800,NORMAL,13.54999999999793,13.550267699940854,0.044,True,273
6804,13.607999999997897,272,4,6800,NORMAL,13.54999999999793,13.550267699940854,0.042,True,273
6805,13.609999999997896,272,5,6800,NORMAL,13.54999999999793,13.550267699940854,0.04,True,273
6806,13.611999999997895,272,6,6800,NORMAL,13.54999999999793,13.550267699940854,0.038,True,273
6807,13.613999999997894,272,7,6800,NORMAL,13.54999999999793,13.550267699940854,0.036000000000000004,True,273
6808,13.615999999997893,272,8,6800,NORMAL,13.54999999999793,13.550267699940854,0.034,True,273
6809,13.617999999997892,272,9,6800,NORMAL,13.54999999999793,13.550267699940854,0.032,True,273
6810,13.61999999999789,272,10,6800,NORMAL,13.54999999999793,13.550267699940854,0.03,True,273
6811,13.62199999999789,272,11,6800,NORMAL,13.54999999999793,13.550267699940854,0.028,True,273
6812,13.623999999997888,272,12,6800,NORMAL,13.54999999999793,13.550267699940854,0.026000000000000002,True,273
6813,13.625999999997887,272,13,6800,NORMAL,13.54999999999793,13.550267699940854,0.024,True,273
6814,13.627999999997886,272,14,6800,NORMAL,13.54999999999793,13.550267699940854,0.022,True,273
6815,13.629999999997885,272,15,6800,NORMAL,13.54999999999793,13.550267699940854,0.02,True,273
6816,13.631999999997884,272,16,6800,NORMAL,13.54999999999793,13.550267699940854,0.018000000000000002,True,273
6817,13.633999999997883,272,17,6800,NORMAL,13.54999999999793,13.550267699940854,0.016,True,273
6818,13.635999999997882,272,18,6800,NORMAL,13.54999999999793,13.550267699940854,0.014,True,273
6819,13.63799999999788,272,19,6800,NORMAL,13.54999999999793,13.550267699940854,0.012,True,273
6820,13.63999999999788,272,20,6800,NORMAL,13.54999999999793,13.550267699940854,0.01,True,273
6821,13.641999999997878,272,21,6800,NORMAL,13.54999999999793,13.550267699940854,0.008,True,273
6822,13.643999999997877,272,22,6800,NORMAL,13.54999999999793,13.550267699940854,0.006,True,273
6823,13.645999999997876,272,23,6800,NORMAL,13.54999999999793,13.550267699940854,0.004,True,273
6824,13.647999999997875,272,24,6800,NORMAL,13.54999999999793,13.550267699940854,0.002,True,273
6825,13.649999999997874,273,0,6825,NORMAL,13.599999999997902,13.600273899988036,0.05,False,
6826,13.651999999997873,273,1,6825,NORMAL,13.599999999997902,13.600273899988036,0.048,True,274
6827,13.653999999997872,273,2,6825,NORMAL,13.599999999997902,13.600273899988036,0.046,True,274
6828,13.65599999999787,273,3,6825,NORMAL,13.599999999997902,13.600273899988036,0.044,True,274
6829,13.65799999999787,273,4,6825,NORMAL,13.599999999997902,13.600273899988036,0.042,True,274
6830,13.659999999997869,273,5,6825,NORMAL,13.599999999997902,13.600273899988036,0.04,True,274
6831,13.661999999997867,273,6,6825,NORMAL,13.599999999997902,13.600273899988036,0.038,True,274
6832,13.663999999997866,273,7,6825,NORMAL,13.599999999997902,13.600273899988036,0.036000000000000004,True,274
6833,13.665999999997865,273,8,6825,NORMAL,13.599999999997902,13.600273899988036,0.034,True,274
6834,13.667999999997864,273,9,6825,NORMAL,13.599999999997902,13.600273899988036,0.032,True,274
6835,13.669999999997863,273,10,6825,NORMAL,13.599999999997902,13.600273899988036,0.03,True,274
6836,13.671999999997862,273,11,6825,NORMAL,13.599999999997902,13.600273899988036,0.028,True,274
6837,13.67399999999786,273,12,6825,NORMAL,13.599999999997902,13.600273899988036,0.026000000000000002,True,274
6838,13.67599999999786,273,13,6825,NORMAL,13.599999999997902,13.600273899988036,0.024,True,274
6839,13.677999999997859,273,14,6825,NORMAL,13.599999999997902,13.600273899988036,0.022,True,274
6840,13.679999999997857,273,15,6825,NORMAL,13.599999999997902,13.600273899988036,0.02,True,274
6841,13.681999999997856,273,16,6825,NORMAL,13.599999999997902,13.600273899988036,0.018000000000000002,True,274
6842,13.683999999997855,273,17,6825,NORMAL,13.599999999997902,13.600273899988036,0.016,True,274
6843,13.685999999997854,273,18,6825,NORMAL,13.599999999997902,13.600273899988036,0.014,True,274
6844,13.687999999997853,273,19,6825,NORMAL,13.599999999997902,13.600273899988036,0.012,True,274
6845,13.689999999997852,273,20,6825,NORMAL,13.599999999997902,13.600273899988036,0.01,True,274
6846,13.69199999999785,273,21,6825,NORMAL,13.599999999997902,13.600273899988036,0.008,True,274
6847,13.69399999999785,273,22,6825,NORMAL,13.599999999997902,13.600273899988036,0.006,True,274
6848,13.695999999997849,273,23,6825,NORMAL,13.599999999997902,13.600273899988036,0.004,True,274
6849,13.697999999997847,273,24,6825,NORMAL,13.599999999997902,13.600273899988036,0.002,True,274
6850,13.699999999997846,274,0,6850,NORMAL,13.649999999997874,13.650328199935814,0.05,False,
6851,13.701999999997845,274,1,6850,NORMAL,13.649999999997874,13.650328199935814,0.048,True,275
6852,13.703999999997844,274,2,6850,NORMAL,13.649999999997874,13.650328199935814,0.046,True,275
6853,13.705999999997843,274,3,6850,NORMAL,13.649999999997874,13.650328199935814,0.044,True,275
6854,13.707999999997842,274,4,6850,NORMAL,13.649999999997874,13.650328199935814,0.042,True,275
6855,13.70999999999784,274,5,6850,NORMAL,13.649999999997874,13.650328199935814,0.04,True,275
6856,13.71199999999784,274,6,6850,NORMAL,13.649999999997874,13.650328199935814,0.038,True,275
6857,13.713999999997839,274,7,6850,NORMAL,13.649999999997874,13.650328199935814,0.036000000000000004,True,275
6858,13.715999999997837,274,8,6850,NORMAL,13.649999999997874,13.650328199935814,0.034,True,275
6859,13.717999999997836,274,9,6850,NORMAL,13.649999999997874,13.650328199935814,0.032,True,275
6860,13.719999999997835,274,10,6850,NORMAL,13.649999999997874,13.650328199935814,0.03,True,275
6861,13.721999999997834,274,11,6850,NORMAL,13.649999999997874,13.650328199935814,0.028,True,275
6862,13.723999999997833,274,12,6850,NORMAL,13.649999999997874,13.650328199935814,0.026000000000000002,True,275
6863,13.725999999997832,274,13,6850,NORMAL,13.649999999997874,13.650328199935814,0.024,True,275
6864,13.72799999999783,274,14,6850,NORMAL,13.649999999997874,13.650328199935814,0.022,True,275
6865,13.72999999999783,274,15,6850,NORMAL,13.649999999997874,13.650328199935814,0.02,True,275
6866,13.731999999997829,274,16,6850,NORMAL,13.649999999997874,13.650328199935814,0.018000000000000002,True,275
6867,13.733999999997828,274,17,6850,NORMAL,13.649999999997874,13.650328199935814,0.016,True,275
6868,13.735999999997826,274,18,6850,NORMAL,13.649999999997874,13.650328199935814,0.014,True,275
6869,13.737999999997825,274,19,6850,NORMAL,13.649999999997874,13.650328199935814,0.012,True,275
6870,13.739999999997824,274,20,6850,NORMAL,13.649999999997874,13.650328199935814,0.01,True,275
6871,13.741999999997823,274,21,6850,NORMAL,13.649999999997874,13.650328199935814,0.008,True,275
6872,13.743999999997822,274,22,6850,NORMAL,13.649999999997874,13.650328199935814,0.006,True,275
6873,13.74599999999782,274,23,6850,NORMAL,13.649999999997874,13.650328199935814,0.004,True,275
6874,13.74799999999782,274,24,6850,NORMAL,13.649999999997874,13.650328199935814,0.002,True,275
6875,13.749999999997819,275,0,6875,NORMAL,13.699999999997846,13.700318599979102,0.05,False,
6876,13.751999999997818,275,1,6875,NORMAL,13.699999999997846,13.700318599979102,0.048,True,276
6877,13.753999999997816,275,2,6875,NORMAL,13.699999999997846,13.700318599979102,0.046,True,276
6878,13.755999999997815,275,3,6875,NORMAL,13.699999999997846,13.700318599979102,0.044,True,276
6879,13.757999999997814,275,4,6875,NORMAL,13.699999999997846,13.700318599979102,0.042,True,276
6880,13.759999999997813,275,5,6875,NORMAL,13.699999999997846,13.700318599979102,0.04,True,276
6881,13.761999999997812,275,6,6875,NORMAL,13.699999999997846,13.700318599979102,0.038,True,276
6882,13.76399999999781,275,7,6875,NORMAL,13.699999999997846,13.700318599979102,0.036000000000000004,True,276
6883,13.76599999999781,275,8,6875,NORMAL,13.699999999997846,13.700318599979102,0.034,True,276
6884,13.767999999997809,275,9,6875,NORMAL,13.699999999997846,13.700318599979102,0.032,True,276
6885,13.769999999997808,275,10,6875,NORMAL,13.699999999997846,13.700318599979102,0.03,True,276
6886,13.771999999997806,275,11,6875,NORMAL,13.699999999997846,13.700318599979102,0.028,True,276
6887,13.773999999997805,275,12,6875,NORMAL,13.699999999997846,13.700318599979102,0.026000000000000002,True,276
6888,13.775999999997804,275,13,6875,NORMAL,13.699999999997846,13.700318599979102,0.024,True,276
6889,13.777999999997803,275,14,6875,NORMAL,13.699999999997846,13.700318599979102,0.022,True,276
6890,13.779999999997802,275,15,6875,NORMAL,13.699999999997846,13.700318599979102,0.02,True,276
6891,13.781999999997801,275,16,6875,NORMAL,13.699999999997846,13.700318599979102,0.018000000000000002,True,276
6892,13.7839999999978,275,17,6875,NORMAL,13.699999999997846,13.700318599979102,0.016,True,276
6893,13.785999999997799,275,18,6875,NORMAL,13.699999999997846,13.700318599979102,0.014,True,276
6894,13.787999999997798,275,19,6875,NORMAL,13.699999999997846,13.700318599979102,0.012,True,276
6895,13.789999999997796,275,20,6875,NORMAL,13.699999999997846,13.700318599979102,0.01,True,276
6896,13.791999999997795,275,21,6875,NORMAL,13.699999999997846,13.700318599979102,0.008,True,276
6897,13.793999999997794,275,22,6875,NORMAL,13.699999999997846,13.700318599979102,0.006,True,276
6898,13.795999999997793,275,23,6875,NORMAL,13.699999999997846,13.700318599979102,0.004,True,276
6899,13.797999999997792,275,24,6875,NORMAL,13.699999999997846,13.700318599979102,0.002,True,276
6900,13.799999999997791,276,0,6900,NORMAL,13.749999999997819,13.750268200060965,0.05,False,
6901,13.80199999999779,276,1,6900,NORMAL,13.749999999997819,13.750268200060965,0.048,True,277
6902,13.803999999997789,276,2,6900,NORMAL,13.749999999997819,13.750268200060965,0.046,True,277
6903,13.805999999997788,276,3,6900,NORMAL,13.749999999997819,13.750268200060965,0.044,True,277
6904,13.807999999997786,276,4,6900,NORMAL,13.749999999997819,13.750268200060965,0.042,True,277
6905,13.809999999997785,276,5,6900,NORMAL,13.749999999997819,13.750268200060965,0.04,True,277
6906,13.811999999997784,276,6,6900,NORMAL,13.749999999997819,13.750268200060965,0.038,True,277
6907,13.813999999997783,276,7,6900,NORMAL,13.749999999997819,13.750268200060965,0.036000000000000004,True,277
6908,13.815999999997782,276,8,6900,NORMAL,13.749999999997819,13.750268200060965,0.034,True,277
6909,13.817999999997781,276,9,6900,NORMAL,13.749999999997819,13.750268200060965,0.032,True,277
6910,13.81999999999778,276,10,6900,NORMAL,13.749999999997819,13.750268200060965,0.03,True,277
6911,13.821999999997779,276,11,6900,NORMAL,13.749999999997819,13.750268200060965,0.028,True,277
6912,13.823999999997778,276,12,6900,NORMAL,13.749999999997819,13.750268200060965,0.026000000000000002,True,277
6913,13.825999999997777,276,13,6900,NORMAL,13.749999999997819,13.750268200060965,0.024,True,277
6914,13.827999999997775,276,14,6900,NORMAL,13.749999999997819,13.750268200060965,0.022,True,277
6915,13.829999999997774,276,15,6900,NORMAL,13.749999999997819,13.750268200060965,0.02,True,277
6916,13.831999999997773,276,16,6900,NORMAL,13.749999999997819,13.750268200060965,0.018000000000000002,True,277
6917,13.833999999997772,276,17,6900,NORMAL,13.749999999997819,13.750268200060965,0.016,True,277
6918,13.835999999997771,276,18,6900,NORMAL,13.749999999997819,13.750268200060965,0.014,True,277
6919,13.83799999999777,276,19,6900,NORMAL,13.749999999997819,13.750268200060965,0.012,True,277
6920,13.839999999997769,276,20,6900,NORMAL,13.749999999997819,13.750268200060965,0.01,True,277
6921,13.841999999997768,276,21,6900,NORMAL,13.749999999997819,13.750268200060965,0.008,True,277
6922,13.843999999997767,276,22,6900,NORMAL,13.749999999997819,13.750268200060965,0.006,True,277
6923,13.845999999997765,276,23,6900,NORMAL,13.749999999997819,13.750268200060965,0.004,True,277
6924,13.847999999997764,276,24,6900,NORMAL,13.749999999997819,13.750268200060965,0.002,True,277
6925,13.849999999997763,277,0,6925,NORMAL,13.799999999997791,13.800255399963472,0.05,False,
6926,13.851999999997762,277,1,6925,NORMAL,13.799999999997791,13.800255399963472,0.048,True,278
6927,13.853999999997761,277,2,6925,NORMAL,13.799999999997791,13.800255399963472,0.046,True,278
6928,13.85599999999776,277,3,6925,NORMAL,13.799999999997791,13.800255399963472,0.044,True,278
6929,13.857999999997759,277,4,6925,NORMAL,13.799999999997791,13.800255399963472,0.042,True,278
6930,13.859999999997758,277,5,6925,NORMAL,13.799999999997791,13.800255399963472,0.04,True,278
6931,13.861999999997757,277,6,6925,NORMAL,13.799999999997791,13.800255399963472,0.038,True,278
6932,13.863999999997755,277,7,6925,NORMAL,13.799999999997791,13.800255399963472,0.036000000000000004,True,278
6933,13.865999999997754,277,8,6925,NORMAL,13.799999999997791,13.800255399963472,0.034,True,278
6934,13.867999999997753,277,9,6925,NORMAL,13.799999999997791,13.800255399963472,0.032,True,278
6935,13.869999999997752,277,10,6925,NORMAL,13.799999999997791,13.800255399963472,0.03,True,278
6936,13.871999999997751,277,11,6925,NORMAL,13.799999999997791,13.800255399963472,0.028,True,278
6937,13.87399999999775,277,12,6925,NORMAL,13.799999999997791,13.800255399963472,0.026000000000000002,True,278
6938,13.875999999997749,277,13,6925,NORMAL,13.799999999997791,13.800255399963472,0.024,True,278
6939,13.877999999997748,277,14,6925,NORMAL,13.799999999997791,13.800255399963472,0.022,True,278
6940,13.879999999997747,277,15,6925,NORMAL,13.799999999997791,13.800255399963472,0.02,True,278
6941,13.881999999997745,277,16,6925,NORMAL,13.799999999997791,13.800255399963472,0.018000000000000002,True,278
6942,13.883999999997744,277,17,6925,NORMAL,13.799999999997791,13.800255399963472,0.016,True,278
6943,13.885999999997743,277,18,6925,NORMAL,13.799999999997791,13.800255399963472,0.014,True,278
6944,13.887999999997742,277,19,6925,NORMAL,13.799999999997791,13.800255399963472,0.012,True,278
6945,13.889999999997741,277,20,6925,NORMAL,13.799999999997791,13.800255399963472,0.01,True,278
6946,13.89199999999774,277,21,6925,NORMAL,13.799999999997791,13.800255399963472,0.008,True,278
6947,13.893999999997739,277,22,6925,NORMAL,13.799999999997791,13.800255399963472,0.006,True,278
6948,13.895999999997738,277,23,6925,NORMAL,13.799999999997791,13.800255399963472,0.004,True,278
6949,13.897999999997737,277,24,6925,NORMAL,13.799999999997791,13.800255399963472,0.002,True,278
6950,13.899999999997736,278,0,6950,NORMAL,13.849999999997763,13.850265900043397,0.05,False,
6951,13.901999999997734,278,1,6950,NORMAL,13.849999999997763,13.850265900043397,0.048,True,279
6952,13.903999999997733,278,2,6950,NORMAL,13.849999999997763,13.850265900043397,0.046,True,279
6953,13.905999999997732,278,3,6950,NORMAL,13.849999999997763,13.850265900043397,0.044,True,279
6954,13.907999999997731,278,4,6950,NORMAL,13.849999999997763,13.850265900043397,0.042,True,279
6955,13.90999999999773,278,5,6950,NORMAL,13.849999999997763,13.850265900043397,0.04,True,279
6956,13.911999999997729,278,6,6950,NORMAL,13.849999999997763,13.850265900043397,0.038,True,279
6957,13.913999999997728,278,7,6950,NORMAL,13.849999999997763,13.850265900043397,0.036000000000000004,True,279
6958,13.915999999997727,278,8,6950,NORMAL,13.849999999997763,13.850265900043397,0.034,True,279
6959,13.917999999997726,278,9,6950,NORMAL,13.849999999997763,13.850265900043397,0.032,True,279
6960,13.919999999997724,278,10,6950,NORMAL,13.849999999997763,13.850265900043397,0.03,True,279
6961,13.921999999997723,278,11,6950,NORMAL,13.849999999997763,13.850265900043397,0.028,True,279
6962,13.923999999997722,278,12,6950,NORMAL,13.849999999997763,13.850265900043397,0.026000000000000002,True,279
6963,13.925999999997721,278,13,6950,NORMAL,13.849999999997763,13.850265900043397,0.024,True,279
6964,13.92799999999772,278,14,6950,NORMAL,13.849999999997763,13.850265900043397,0.022,True,279
6965,13.929999999997719,278,15,6950,NORMAL,13.849999999997763,13.850265900043397,0.02,True,279
6966,13.931999999997718,278,16,6950,NORMAL,13.849999999997763,13.850265900043397,0.018000000000000002,True,279
6967,13.933999999997717,278,17,6950,NORMAL,13.849999999997763,13.850265900043397,0.016,True,279
6968,13.935999999997716,278,18,6950,NORMAL,13.849999999997763,13.850265900043397,0.014,True,279
6969,13.937999999997714,278,19,6950,NORMAL,13.849999999997763,13.850265900043397,0.012,True,279
6970,13.939999999997713,278,20,6950,NORMAL,13.849999999997763,13.850265900043397,0.01,True,279
6971,13.941999999997712,278,21,6950,NORMAL,13.849999999997763,13.850265900043397,0.008,True,279
6972,13.943999999997711,278,22,6950,NORMAL,13.849999999997763,13.850265900043397,0.006,True,279
6973,13.94599999999771,278,23,6950,NORMAL,13.849999999997763,13.850265900043397,0.004,True,279
6974,13.947999999997709,278,24,6950,NORMAL,13.849999999997763,13.850265900043397,0.002,True,279
6975,13.949999999997708,279,0,6975,NORMAL,13.899999999997736,13.900308800020785,0.05,False,
6976,13.951999999997707,279,1,6975,NORMAL,13.899999999997736,13.900308800020785,0.048,True,280
6977,13.953999999997706,279,2,6975,NORMAL,13.899999999997736,13.900308800020785,0.046,True,280
6978,13.955999999997704,279,3,6975,NORMAL,13.899999999997736,13.900308800020785,0.044,True,280
6979,13.957999999997703,279,4,6975,NORMAL,13.899999999997736,13.900308800020785,0.042,True,280
6980,13.959999999997702,279,5,6975,NORMAL,13.899999999997736,13.900308800020785,0.04,True,280
6981,13.961999999997701,279,6,6975,NORMAL,13.899999999997736,13.900308800020785,0.038,True,280
6982,13.9639999999977,279,7,6975,NORMAL,13.899999999997736,13.900308800020785,0.036000000000000004,True,280
6983,13.965999999997699,279,8,6975,NORMAL,13.899999999997736,13.900308800020785,0.034,True,280
6984,13.967999999997698,279,9,6975,NORMAL,13.899999999997736,13.900308800020785,0.032,True,280
6985,13.969999999997697,279,10,6975,NORMAL,13.899999999997736,13.900308800020785,0.03,True,280
6986,13.971999999997696,279,11,6975,NORMAL,13.899999999997736,13.900308800020785,0.028,True,280
6987,13.973999999997694,279,12,6975,NORMAL,13.899999999997736,13.900308800020785,0.026000000000000002,True,280
6988,13.975999999997693,279,13,6975,NORMAL,13.899999999997736,13.900308800020785,0.024,True,280
6989,13.977999999997692,279,14,6975,NORMAL,13.899999999997736,13.900308800020785,0.022,True,280
6990,13.979999999997691,279,15,6975,NORMAL,13.899999999997736,13.900308800020785,0.02,True,280
6991,13.98199999999769,279,16,6975,NORMAL,13.899999999997736,13.900308800020785,0.018000000000000002,True,280
6992,13.983999999997689,279,17,6975,NORMAL,13.899999999997736,13.900308800020785,0.016,True,280
6993,13.985999999997688,279,18,6975,NORMAL,13.899999999997736,13.900308800020785,0.014,True,280
6994,13.987999999997687,279,19,6975,NORMAL,13.899999999997736,13.900308800020785,0.012,True,280
6995,13.989999999997686,279,20,6975,NORMAL,13.899999999997736,13.900308800020785,0.01,True,280
6996,13.991999999997685,279,21,6975,NORMAL,13.899999999997736,13.900308800020785,0.008,True,280
6997,13.993999999997683,279,22,6975,NORMAL,13.899999999997736,13.900308800020785,0.006,True,280
6998,13.995999999997682,279,23,6975,NORMAL,13.899999999997736,13.900308800020785,0.004,True,280
6999,13.997999999997681,279,24,6975,NORMAL,13.899999999997736,13.900308800020785,0.002,True,280
